sample	fraction	asv	asv_depth	total_asv_depth	relative_abundance	relative_abundance_pct	NM	mapping_category	abundance_bin
AD1_ont	0.111	final_consensus_0_depth_15192	15192	125002	0.12153405545511271	12.153405545511271	0	NM_0	>=1%
AD1_ont	0.111	final_consensus_1_depth_7836	7836	125002	0.06268699700804788	6.268699700804787	0	NM_0	>=1%
AD1_ont	0.111	final_consensus_2_depth_4795	4795	125002	0.03835938624982	3.8359386249820004	0	NM_0	>=1%
AD1_ont	0.111	final_consensus_3_depth_4444	4444	125002	0.03555143117710117	3.5551431177101165	0	NM_0	>=1%
AD1_ont	0.111	final_consensus_4_depth_4119	4119	125002	0.03295147277643558	3.2951472776435575	0	NM_0	>=1%
AD1_ont	0.111	final_consensus_5_depth_3874	3874	125002	0.030991504135933826	3.0991504135933825	0	NM_0	>=1%
AD1_ont	0.111	final_consensus_6_depth_3208	3208	125002	0.02566358938256988	2.566358938256988	0	NM_0	>=1%
AD1_ont	0.111	final_consensus_7_depth_2258	2258	125002	0.01806371098062431	1.806371098062431	0	NM_0	>=1%
AD1_ont	0.111	final_consensus_8_depth_2083	2083	125002	0.016663733380265916	1.6663733380265915	0	NM_0	>=1%
AD1_ont	0.111	final_consensus_9_depth_1948	1948	125002	0.01558375065998944	1.558375065998944	0	NM_0	>=1%
AD1_ont	0.111	final_consensus_10_depth_1741	1741	125002	0.01392777715556551	1.392777715556551	0	NM_0	>=1%
AD1_ont	0.111	final_consensus_11_depth_1415	1415	125002	0.011319818882897873	1.1319818882897874	0	NM_0	>=1%
AD1_ont	0.111	final_consensus_12_depth_1399	1399	125002	0.011191820930865105	1.1191820930865106	0	NM_0	>=1%
AD1_ont	0.111	final_consensus_13_depth_1369	1369	125002	0.010951824770803666	1.0951824770803666	0	NM_0	>=1%
AD1_ont	0.111	final_consensus_14_depth_1315	1315	125002	0.010519831682693078	1.0519831682693077	0	NM_0	>=1%
AD1_ont	0.111	final_consensus_15_depth_1274	1274	125002	0.01019183693060911	1.019183693060911	0	NM_0	>=1%
AD1_ont	0.111	final_consensus_16_depth_1132	1132	125002	0.0090558551063183	0.9055855106318299	0	NM_0	0.1-<1%
AD1_ont	0.111	final_consensus_17_depth_1047	1047	125002	0.008375865986144222	0.8375865986144222	0	NM_0	0.1-<1%
AD1_ont	0.111	final_consensus_18_depth_951	951	125002	0.0076078782739476165	0.7607878273947617	0	NM_0	0.1-<1%
AD1_ont	0.111	final_consensus_19_depth_933	933	125002	0.007463880577910753	0.7463880577910753	0	NM_0	0.1-<1%
AD1_ont	0.111	final_consensus_20_depth_894	894	125002	0.007151885569830882	0.7151885569830883	0	NM_0	0.1-<1%
AD1_ont	0.111	final_consensus_21_depth_869	869	125002	0.006951888769779683	0.6951888769779684	0	NM_0	0.1-<1%
AD1_ont	0.111	final_consensus_22_depth_855	855	125002	0.006839890561751012	0.6839890561751012	0	NM_0	0.1-<1%
AD1_ont	0.111	final_consensus_23_depth_829	829	125002	0.006631893889697765	0.6631893889697765	0	NM_0	0.1-<1%
AD1_ont	0.111	final_consensus_24_depth_798	798	125002	0.006383897857634278	0.6383897857634278	0	NM_0	0.1-<1%
AD1_ont	0.111	final_consensus_25_depth_769	769	125002	0.006151901569574887	0.6151901569574887	0	NM_0	0.1-<1%
AD1_ont	0.111	final_consensus_26_depth_761	761	125002	0.006087902593558503	0.6087902593558503	0	NM_0	0.1-<1%
AD1_ont	0.111	final_consensus_27_depth_748	748	125002	0.0059839042575318795	0.5983904257531879	0	NM_0	0.1-<1%
AD1_ont	0.111	final_consensus_28_depth_703	703	125002	0.005623910017439721	0.562391001743972	0	NM_0	0.1-<1%
AD1_ont	0.111	final_consensus_29_depth_698	698	125002	0.005583910657429481	0.5583910657429482	0	NM_0	0.1-<1%
AD1_ont	0.111	final_consensus_30_depth_673	673	125002	0.005383913857378282	0.5383913857378282	0	NM_0	0.1-<1%
AD1_ont	0.111	final_consensus_31_depth_671	671	125002	0.0053679141133741864	0.5367914113374186	0	NM_0	0.1-<1%
AD1_ont	0.111	final_consensus_32_depth_661	661	125002	0.005287915393353706	0.5287915393353706	0	NM_0	0.1-<1%
AD1_ont	0.111	final_consensus_33_depth_641	641	125002	0.005127917953312747	0.5127917953312747	0	NM_0	0.1-<1%
AD1_ont	0.111	final_consensus_34_depth_640	640	125002	0.005119918081310699	0.5119918081310699	0	NM_0	0.1-<1%
AD1_ont	0.111	final_consensus_35_depth_623	623	125002	0.004983920257275884	0.49839202572758834	0	NM_0	0.1-<1%
AD1_ont	0.111	final_consensus_36_depth_611	611	125002	0.004887921793251308	0.4887921793251308	0	NM_0	0.1-<1%
AD1_ont	0.111	final_consensus_37_depth_595	595	125002	0.00475992384121854	0.4759923841218541	0	NM_0	0.1-<1%
AD1_ont	0.111	final_consensus_38_depth_594	594	125002	0.0047519239692164926	0.4751923969216493	0	NM_0	0.1-<1%
AD1_ont	0.111	final_consensus_39_depth_594	594	125002	0.0047519239692164926	0.4751923969216493	0	NM_0	0.1-<1%
AD1_ont	0.111	final_consensus_40_depth_498	498	125002	0.0039839362570198876	0.3983936257019888	0	NM_0	0.1-<1%
AD1_ont	0.111	final_consensus_41_depth_497	497	125002	0.00397593638501784	0.397593638501784	0	NM_0	0.1-<1%
AD1_ont	0.111	final_consensus_42_depth_495	495	125002	0.003959936641013744	0.3959936641013744	0	NM_0	0.1-<1%
AD1_ont	0.111	final_consensus_43_depth_483	483	125002	0.003863938176989168	0.38639381769891684	0	NM_0	0.1-<1%
AD1_ont	0.111	final_consensus_44_depth_481	481	125002	0.0038479384329850722	0.38479384329850724	0	NM_0	0.1-<1%
AD1_ont	0.111	final_consensus_45_depth_478	478	125002	0.0038239388169789283	0.38239388169789285	0	NM_0	0.1-<1%
AD1_ont	0.111	final_consensus_46_depth_475	475	125002	0.0037999392009727844	0.37999392009727845	0	NM_0	0.1-<1%
AD1_ont	0.111	final_consensus_47_depth_455	455	125002	0.003639941760931825	0.3639941760931825	0	NM_0	0.1-<1%
AD1_ont	0.111	final_consensus_48_depth_437	437	125002	0.0034959440648949618	0.3495944064894962	0	NM_0	0.1-<1%
AD1_ont	0.111	final_consensus_49_depth_417	417	125002	0.0033359466248540025	0.3335946624854002	0	NM_0	0.1-<1%
AD1_ont	0.111	final_consensus_50_depth_402	402	125002	0.003215948544823283	0.3215948544823283	0	NM_0	0.1-<1%
AD1_ont	0.111	final_consensus_51_depth_387	387	125002	0.0030959504647925635	0.30959504647925634	0	NM_0	0.1-<1%
AD1_ont	0.111	final_consensus_52_depth_360	360	125002	0.0028799539207372683	0.2879953920737268	0	NM_0	0.1-<1%
AD1_ont	0.111	final_consensus_53_depth_357	357	125002	0.0028559543047311244	0.2855954304731124	0	NM_0	0.1-<1%
AD1_ont	0.111	final_consensus_54_depth_353	353	125002	0.0028239548167229324	0.2823954816722932	0	NM_0	0.1-<1%
AD1_ont	0.111	final_consensus_55_depth_329	329	125002	0.002631957888673781	0.2631957888673781	0	NM_0	0.1-<1%
AD1_ont	0.111	final_consensus_56_depth_321	321	125002	0.0025679589126573975	0.25679589126573976	0	NM_0	0.1-<1%
AD1_ont	0.111	final_consensus_57_depth_315	315	125002	0.0025199596806451097	0.25199596806451097	0	NM_0	0.1-<1%
AD1_ont	0.111	final_consensus_58_depth_312	312	125002	0.002495960064638966	0.24959600646389657	0	NM_0	0.1-<1%
AD1_ont	0.111	final_consensus_59_depth_309	309	125002	0.002471960448632822	0.2471960448632822	0	NM_0	0.1-<1%
AD1_ont	0.111	final_consensus_60_depth_307	307	125002	0.002455960704628726	0.2455960704628726	0	NM_0	0.1-<1%
AD1_ont	0.111	final_consensus_61_depth_300	300	125002	0.00239996160061439	0.239996160061439	0	NM_0	0.1-<1%
AD1_ont	0.111	final_consensus_62_depth_295	295	125002	0.0023599622406041505	0.23599622406041504	0	NM_0	0.1-<1%
AD1_ont	0.111	final_consensus_63_depth_291	291	125002	0.0023279627525959585	0.23279627525959584	0	NM_0	0.1-<1%
AD1_ont	0.111	final_consensus_64_depth_290	290	125002	0.0023199628805939104	0.23199628805939104	0	NM_0	0.1-<1%
AD1_ont	0.111	final_consensus_65_depth_282	282	125002	0.0022559639045775268	0.22559639045775268	0	NM_0	0.1-<1%
AD1_ont	0.111	final_consensus_66_depth_279	279	125002	0.002231964288571383	0.22319642885713828	0	NM_0	0.1-<1%
AD1_ont	0.111	final_consensus_67_depth_260	260	125002	0.0020799667205324713	0.20799667205324715	0	NM_0	0.1-<1%
AD1_ont	0.111	final_consensus_68_depth_257	257	125002	0.0020559671045263274	0.20559671045263275	0	NM_0	0.1-<1%
AD1_ont	0.111	final_consensus_69_depth_256	256	125002	0.0020479672325242797	0.20479672325242795	0	NM_0	0.1-<1%
AD1_ont	0.111	final_consensus_70_depth_252	252	125002	0.0020159677445160877	0.20159677445160878	0	NM_0	0.1-<1%
AD1_ont	0.111	final_consensus_71_depth_251	251	125002	0.0020079678725140396	0.20079678725140399	0	NM_0	0.1-<1%
AD1_ont	0.111	final_consensus_72_depth_249	249	125002	0.0019919681285099438	0.1991968128509944	0	NM_0	0.1-<1%
AD1_ont	0.111	final_consensus_73_depth_246	246	125002	0.0019679685125038	0.19679685125038	0	NM_0	0.1-<1%
AD1_ont	0.111	final_consensus_74_depth_246	246	125002	0.0019679685125038	0.19679685125038	0	NM_0	0.1-<1%
AD1_ont	0.111	final_consensus_75_depth_236	236	125002	0.0018879697924833203	0.18879697924833203	0	NM_0	0.1-<1%
AD1_ont	0.111	final_consensus_76_depth_233	233	125002	0.0018639701764771764	0.18639701764771763	0	NM_0	0.1-<1%
AD1_ont	0.111	final_consensus_77_depth_230	230	125002	0.0018399705604710324	0.18399705604710326	0	NM_0	0.1-<1%
AD1_ont	0.111	final_consensus_78_depth_224	224	125002	0.0017919713284587446	0.17919713284587446	0	NM_0	0.1-<1%
AD1_ont	0.111	final_consensus_79_depth_219	219	125002	0.0017519719684485047	0.1751971968448505	0	NM_0	0.1-<1%
AD1_ont	0.111	final_consensus_80_depth_214	214	125002	0.001711972608438265	0.1711972608438265	0	NM_0	0.1-<1%
AD1_ont	0.111	final_consensus_81_depth_208	208	125002	0.0016639733764259772	0.16639733764259773	0	NM_0	0.1-<1%
AD1_ont	0.111	final_consensus_82_depth_207	207	125002	0.0016559735044239293	0.16559735044239293	0	NM_0	0.1-<1%
AD1_ont	0.111	final_consensus_83_depth_206	206	125002	0.0016479736324218812	0.16479736324218813	0	NM_0	0.1-<1%
AD1_ont	0.111	final_consensus_84_depth_205	205	125002	0.0016399737604198333	0.16399737604198333	0	NM_0	0.1-<1%
AD1_ont	0.111	final_consensus_85_depth_205	205	125002	0.0016399737604198333	0.16399737604198333	0	NM_0	0.1-<1%
AD1_ont	0.111	final_consensus_86_depth_200	200	125002	0.0015999744004095934	0.15999744004095934	0	NM_0	0.1-<1%
AD1_ont	0.111	final_consensus_87_depth_198	198	125002	0.0015839746564054976	0.15839746564054974	0	NM_0	0.1-<1%
AD1_ont	0.111	final_consensus_88_depth_196	196	125002	0.0015679749124014016	0.15679749124014017	0	NM_0	0.1-<1%
AD1_ont	0.111	final_consensus_89_depth_193	193	125002	0.0015439752963952577	0.15439752963952577	0	NM_0	0.1-<1%
AD1_ont	0.111	final_consensus_90_depth_193	193	125002	0.0015439752963952577	0.15439752963952577	0	NM_0	0.1-<1%
AD1_ont	0.111	final_consensus_91_depth_193	193	125002	0.0015439752963952577	0.15439752963952577	0	NM_0	0.1-<1%
AD1_ont	0.111	final_consensus_92_depth_191	191	125002	0.0015279755523911617	0.15279755523911617	0	NM_0	0.1-<1%
AD1_ont	0.111	final_consensus_93_depth_189	189	125002	0.0015119758083870659	0.15119758083870657	0	NM_0	0.1-<1%
AD1_ont	0.111	final_consensus_94_depth_185	185	125002	0.0014799763203788739	0.1479976320378874	0	NM_0	0.1-<1%
AD1_ont	0.111	final_consensus_95_depth_184	184	125002	0.001471976448376826	0.1471976448376826	0	NM_0	0.1-<1%
AD1_ont	0.111	final_consensus_96_depth_181	181	125002	0.001447976832370682	0.1447976832370682	0	NM_0	0.1-<1%
AD1_ont	0.111	final_consensus_97_depth_181	181	125002	0.001447976832370682	0.1447976832370682	0	NM_0	0.1-<1%
AD1_ont	0.111	final_consensus_98_depth_174	174	125002	0.0013919777283563463	0.13919777283563464	0	NM_0	0.1-<1%
AD1_ont	0.111	final_consensus_99_depth_174	174	125002	0.0013919777283563463	0.13919777283563464	0	NM_0	0.1-<1%
AD1_ont	0.111	final_consensus_100_depth_173	173	125002	0.0013839778563542982	0.13839778563542984	1	NM_1	0.1-<1%
AD1_ont	0.111	final_consensus_101_depth_173	173	125002	0.0013839778563542982	0.13839778563542984	0	NM_0	0.1-<1%
AD1_ont	0.111	final_consensus_102_depth_170	170	125002	0.0013599782403481543	0.13599782403481545	0	NM_0	0.1-<1%
AD1_ont	0.111	final_consensus_103_depth_166	166	125002	0.0013279787523399625	0.13279787523399625	0	NM_0	0.1-<1%
AD1_ont	0.111	final_consensus_104_depth_165	165	125002	0.0013199788803379146	0.13199788803379145	0	NM_0	0.1-<1%
AD1_ont	0.111	final_consensus_105_depth_164	164	125002	0.0013119790083358667	0.13119790083358665	1	NM_1	0.1-<1%
AD1_ont	0.111	final_consensus_106_depth_161	161	125002	0.0012879793923297228	0.12879793923297228	0	NM_0	0.1-<1%
AD1_ont	0.111	final_consensus_107_depth_159	159	125002	0.0012719796483256268	0.12719796483256268	0	NM_0	0.1-<1%
AD1_ont	0.111	final_consensus_108_depth_159	159	125002	0.0012719796483256268	0.12719796483256268	0	NM_0	0.1-<1%
AD1_ont	0.111	final_consensus_109_depth_157	157	125002	0.0012559799043215308	0.12559799043215308	0	NM_0	0.1-<1%
AD1_ont	0.111	final_consensus_110_depth_157	157	125002	0.0012559799043215308	0.12559799043215308	0	NM_0	0.1-<1%
AD1_ont	0.111	final_consensus_111_depth_156	156	125002	0.001247980032319483	0.12479800323194828	0	NM_0	0.1-<1%
AD1_ont	0.111	final_consensus_112_depth_156	156	125002	0.001247980032319483	0.12479800323194828	0	NM_0	0.1-<1%
AD1_ont	0.111	final_consensus_113_depth_156	156	125002	0.001247980032319483	0.12479800323194828	0	NM_0	0.1-<1%
AD1_ont	0.111	final_consensus_114_depth_154	154	125002	0.001231980288315387	0.1231980288315387	0	NM_0	0.1-<1%
AD1_ont	0.111	final_consensus_115_depth_153	153	125002	0.001223980416313339	0.1223980416313339	0	NM_0	0.1-<1%
AD1_ont	0.111	final_consensus_116_depth_153	153	125002	0.001223980416313339	0.1223980416313339	0	NM_0	0.1-<1%
AD1_ont	0.111	final_consensus_117_depth_152	152	125002	0.001215980544311291	0.1215980544311291	0	NM_0	0.1-<1%
AD1_ont	0.111	final_consensus_118_depth_152	152	125002	0.001215980544311291	0.1215980544311291	0	NM_0	0.1-<1%
AD1_ont	0.111	final_consensus_119_depth_152	152	125002	0.001215980544311291	0.1215980544311291	0	NM_0	0.1-<1%
AD1_ont	0.111	final_consensus_120_depth_151	151	125002	0.001207980672309243	0.1207980672309243	0	NM_0	0.1-<1%
AD1_ont	0.111	final_consensus_121_depth_149	149	125002	0.0011919809283051472	0.11919809283051472	0	NM_0	0.1-<1%
AD1_ont	0.111	final_consensus_122_depth_145	145	125002	0.0011599814402969552	0.11599814402969552	0	NM_0	0.1-<1%
AD1_ont	0.111	final_consensus_123_depth_144	144	125002	0.0011519815682949073	0.11519815682949072	0	NM_0	0.1-<1%
AD1_ont	0.111	final_consensus_124_depth_144	144	125002	0.0011519815682949073	0.11519815682949072	0	NM_0	0.1-<1%
AD1_ont	0.111	final_consensus_125_depth_144	144	125002	0.0011519815682949073	0.11519815682949072	0	NM_0	0.1-<1%
AD1_ont	0.111	final_consensus_126_depth_144	144	125002	0.0011519815682949073	0.11519815682949072	0	NM_0	0.1-<1%
AD1_ont	0.111	final_consensus_127_depth_142	142	125002	0.0011359818242908113	0.11359818242908114	0	NM_0	0.1-<1%
AD1_ont	0.111	final_consensus_128_depth_141	141	125002	0.0011279819522887634	0.11279819522887634	0	NM_0	0.1-<1%
AD1_ont	0.111	final_consensus_129_depth_141	141	125002	0.0011279819522887634	0.11279819522887634	0	NM_0	0.1-<1%
AD1_ont	0.111	final_consensus_130_depth_140	140	125002	0.0011199820802867155	0.11199820802867154	0	NM_0	0.1-<1%
AD1_ont	0.111	final_consensus_131_depth_140	140	125002	0.0011199820802867155	0.11199820802867154	0	NM_0	0.1-<1%
AD1_ont	0.111	final_consensus_132_depth_138	138	125002	0.0011039823362826195	0.11039823362826195	0	NM_0	0.1-<1%
AD1_ont	0.111	final_consensus_133_depth_138	138	125002	0.0011039823362826195	0.11039823362826195	0	NM_0	0.1-<1%
AD1_ont	0.111	final_consensus_134_depth_138	138	125002	0.0011039823362826195	0.11039823362826195	0	NM_0	0.1-<1%
AD1_ont	0.111	final_consensus_135_depth_137	137	125002	0.0010959824642805716	0.10959824642805716	0	NM_0	0.1-<1%
AD1_ont	0.111	final_consensus_136_depth_136	136	125002	0.0010879825922785235	0.10879825922785236	0	NM_0	0.1-<1%
AD1_ont	0.111	final_consensus_137_depth_134	134	125002	0.0010719828482744277	0.10719828482744276	0	NM_0	0.1-<1%
AD1_ont	0.111	final_consensus_138_depth_133	133	125002	0.0010639829762723796	0.10639829762723796	0	NM_0	0.1-<1%
AD1_ont	0.111	final_consensus_139_depth_131	131	125002	0.0010479832322682838	0.10479832322682837	0	NM_0	0.1-<1%
AD1_ont	0.111	final_consensus_140_depth_129	129	125002	0.0010319834882641878	0.10319834882641878	0	NM_0	0.1-<1%
AD1_ont	0.111	final_consensus_141_depth_129	129	125002	0.0010319834882641878	0.10319834882641878	0	NM_0	0.1-<1%
AD1_ont	0.111	final_consensus_142_depth_128	128	125002	0.0010239836162621399	0.10239836162621398	0	NM_0	0.1-<1%
AD1_ont	0.111	final_consensus_143_depth_127	127	125002	0.0010159837442600917	0.10159837442600918	0	NM_0	0.1-<1%
AD1_ont	0.111	final_consensus_144_depth_124	124	125002	0.0009919841282539478	0.0991984128253948	0	NM_0	0.05-<0.1%
AD1_ont	0.111	final_consensus_145_depth_122	122	125002	0.000975984384249852	0.0975984384249852	0	NM_0	0.05-<0.1%
AD1_ont	0.111	final_consensus_146_depth_121	121	125002	0.000967984512247804	0.09679845122478041	0	NM_0	0.05-<0.1%
AD1_ont	0.111	final_consensus_147_depth_121	121	125002	0.000967984512247804	0.09679845122478041	0	NM_0	0.05-<0.1%
AD1_ont	0.111	final_consensus_148_depth_119	119	125002	0.0009519847682437081	0.09519847682437081	0	NM_0	0.05-<0.1%
AD1_ont	0.111	final_consensus_149_depth_117	117	125002	0.0009359850242396121	0.09359850242396121	0	NM_0	0.05-<0.1%
AD1_ont	0.111	final_consensus_150_depth_116	116	125002	0.0009279851522375642	0.09279851522375641	0	NM_0	0.05-<0.1%
AD1_ont	0.111	final_consensus_151_depth_116	116	125002	0.0009279851522375642	0.09279851522375641	0	NM_0	0.05-<0.1%
AD1_ont	0.111	final_consensus_152_depth_116	116	125002	0.0009279851522375642	0.09279851522375641	0	NM_0	0.05-<0.1%
AD1_ont	0.111	final_consensus_153_depth_115	115	125002	0.0009199852802355162	0.09199852802355163	0	NM_0	0.05-<0.1%
AD1_ont	0.111	final_consensus_154_depth_113	113	125002	0.0009039855362314203	0.09039855362314203	0	NM_0	0.05-<0.1%
AD1_ont	0.111	final_consensus_155_depth_112	112	125002	0.0008959856642293723	0.08959856642293723	0	NM_0	0.05-<0.1%
AD1_ont	0.111	final_consensus_156_depth_111	111	125002	0.0008879857922273243	0.08879857922273243	0	NM_0	0.05-<0.1%
AD1_ont	0.111	final_consensus_157_depth_111	111	125002	0.0008879857922273243	0.08879857922273243	0	NM_0	0.05-<0.1%
AD1_ont	0.111	final_consensus_158_depth_110	110	125002	0.0008799859202252764	0.08799859202252763	0	NM_0	0.05-<0.1%
AD1_ont	0.111	final_consensus_159_depth_110	110	125002	0.0008799859202252764	0.08799859202252763	0	NM_0	0.05-<0.1%
AD1_ont	0.111	final_consensus_160_depth_109	109	125002	0.0008719860482232284	0.08719860482232285	0	NM_0	0.05-<0.1%
AD1_ont	0.111	final_consensus_161_depth_109	109	125002	0.0008719860482232284	0.08719860482232285	0	NM_0	0.05-<0.1%
AD1_ont	0.111	final_consensus_162_depth_109	109	125002	0.0008719860482232284	0.08719860482232285	0	NM_0	0.05-<0.1%
AD1_ont	0.111	final_consensus_163_depth_109	109	125002	0.0008719860482232284	0.08719860482232285	0	NM_0	0.05-<0.1%
AD1_ont	0.111	final_consensus_164_depth_109	109	125002	0.0008719860482232284	0.08719860482232285	0	NM_0	0.05-<0.1%
AD1_ont	0.111	final_consensus_165_depth_108	108	125002	0.0008639861762211804	0.08639861762211805	0	NM_0	0.05-<0.1%
AD1_ont	0.111	final_consensus_166_depth_108	108	125002	0.0008639861762211804	0.08639861762211805	0	NM_0	0.05-<0.1%
AD1_ont	0.111	final_consensus_167_depth_107	107	125002	0.0008559863042191325	0.08559863042191325	0	NM_0	0.05-<0.1%
AD1_ont	0.111	final_consensus_168_depth_106	106	125002	0.0008479864322170845	0.08479864322170845	0	NM_0	0.05-<0.1%
AD1_ont	0.111	final_consensus_169_depth_105	105	125002	0.0008399865602150366	0.08399865602150365	0	NM_0	0.05-<0.1%
AD1_ont	0.111	final_consensus_170_depth_105	105	125002	0.0008399865602150366	0.08399865602150365	0	NM_0	0.05-<0.1%
AD1_ont	0.111	final_consensus_171_depth_105	105	125002	0.0008399865602150366	0.08399865602150365	0	NM_0	0.05-<0.1%
AD1_ont	0.111	final_consensus_172_depth_105	105	125002	0.0008399865602150366	0.08399865602150365	0	NM_0	0.05-<0.1%
AD1_ont	0.111	final_consensus_173_depth_105	105	125002	0.0008399865602150366	0.08399865602150365	0	NM_0	0.05-<0.1%
AD1_ont	0.111	final_consensus_174_depth_105	105	125002	0.0008399865602150366	0.08399865602150365	0	NM_0	0.05-<0.1%
AD1_ont	0.111	final_consensus_175_depth_104	104	125002	0.0008319866882129886	0.08319866882129887	0	NM_0	0.05-<0.1%
AD1_ont	0.111	final_consensus_176_depth_103	103	125002	0.0008239868162109406	0.08239868162109407	0	NM_0	0.05-<0.1%
AD1_ont	0.111	final_consensus_177_depth_103	103	125002	0.0008239868162109406	0.08239868162109407	0	NM_0	0.05-<0.1%
AD1_ont	0.111	final_consensus_178_depth_102	102	125002	0.0008159869442088927	0.08159869442088927	0	NM_0	0.05-<0.1%
AD1_ont	0.111	final_consensus_179_depth_101	101	125002	0.0008079870722068447	0.08079870722068447	0	NM_0	0.05-<0.1%
AD1_ont	0.111	final_consensus_180_depth_101	101	125002	0.0008079870722068447	0.08079870722068447	0	NM_0	0.05-<0.1%
AD1_ont	0.111	final_consensus_181_depth_101	101	125002	0.0008079870722068447	0.08079870722068447	0	NM_0	0.05-<0.1%
AD1_ont	0.111	final_consensus_182_depth_101	101	125002	0.0008079870722068447	0.08079870722068447	0	NM_0	0.05-<0.1%
AD1_ont	0.111	final_consensus_183_depth_101	101	125002	0.0008079870722068447	0.08079870722068447	0	NM_0	0.05-<0.1%
AD1_ont	0.111	final_consensus_184_depth_101	101	125002	0.0008079870722068447	0.08079870722068447	0	NM_0	0.05-<0.1%
AD1_ont	0.111	final_consensus_185_depth_100	100	125002	0.0007999872002047967	0.07999872002047967	0	NM_0	0.05-<0.1%
AD1_ont	0.111	final_consensus_186_depth_100	100	125002	0.0007999872002047967	0.07999872002047967	0	NM_0	0.05-<0.1%
AD1_ont	0.111	final_consensus_187_depth_100	100	125002	0.0007999872002047967	0.07999872002047967	0	NM_0	0.05-<0.1%
AD1_ont	0.111	final_consensus_188_depth_99	99	125002	0.0007919873282027488	0.07919873282027487	0	NM_0	0.05-<0.1%
AD1_ont	0.111	final_consensus_189_depth_98	98	125002	0.0007839874562007008	0.07839874562007008	0	NM_0	0.05-<0.1%
AD1_ont	0.111	final_consensus_190_depth_98	98	125002	0.0007839874562007008	0.07839874562007008	0	NM_0	0.05-<0.1%
AD1_ont	0.111	final_consensus_191_depth_97	97	125002	0.0007759875841986528	0.07759875841986529	0	NM_0	0.05-<0.1%
AD1_ont	0.111	final_consensus_192_depth_97	97	125002	0.0007759875841986528	0.07759875841986529	0	NM_0	0.05-<0.1%
AD1_ont	0.111	final_consensus_193_depth_96	96	125002	0.0007679877121966049	0.07679877121966049	0	NM_0	0.05-<0.1%
AD1_ont	0.111	final_consensus_194_depth_94	94	125002	0.0007519879681925089	0.07519879681925089	0	NM_0	0.05-<0.1%
AD1_ont	0.111	final_consensus_195_depth_92	92	125002	0.000735988224188413	0.0735988224188413	0	NM_0	0.05-<0.1%
AD1_ont	0.111	final_consensus_196_depth_92	92	125002	0.000735988224188413	0.0735988224188413	0	NM_0	0.05-<0.1%
AD1_ont	0.111	final_consensus_197_depth_91	91	125002	0.000727988352186365	0.0727988352186365	0	NM_0	0.05-<0.1%
AD1_ont	0.111	final_consensus_198_depth_91	91	125002	0.000727988352186365	0.0727988352186365	0	NM_0	0.05-<0.1%
AD1_ont	0.111	final_consensus_199_depth_90	90	125002	0.0007199884801843171	0.0719988480184317	0	NM_0	0.05-<0.1%
AD1_ont	0.111	final_consensus_200_depth_90	90	125002	0.0007199884801843171	0.0719988480184317	0	NM_0	0.05-<0.1%
AD1_ont	0.111	final_consensus_201_depth_89	89	125002	0.0007119886081822691	0.0711988608182269	0	NM_0	0.05-<0.1%
AD1_ont	0.111	final_consensus_202_depth_89	89	125002	0.0007119886081822691	0.0711988608182269	0	NM_0	0.05-<0.1%
AD1_ont	0.111	final_consensus_203_depth_89	89	125002	0.0007119886081822691	0.0711988608182269	0	NM_0	0.05-<0.1%
AD1_ont	0.111	final_consensus_204_depth_89	89	125002	0.0007119886081822691	0.0711988608182269	0	NM_0	0.05-<0.1%
AD1_ont	0.111	final_consensus_205_depth_88	88	125002	0.0007039887361802211	0.0703988736180221	0	NM_0	0.05-<0.1%
AD1_ont	0.111	final_consensus_206_depth_88	88	125002	0.0007039887361802211	0.0703988736180221	0	NM_0	0.05-<0.1%
AD1_ont	0.111	final_consensus_207_depth_87	87	125002	0.0006959888641781732	0.06959888641781732	0	NM_0	0.05-<0.1%
AD1_ont	0.111	final_consensus_208_depth_86	86	125002	0.0006879889921761252	0.06879889921761252	0	NM_0	0.05-<0.1%
AD1_ont	0.111	final_consensus_209_depth_86	86	125002	0.0006879889921761252	0.06879889921761252	0	NM_0	0.05-<0.1%
AD1_ont	0.111	final_consensus_210_depth_86	86	125002	0.0006879889921761252	0.06879889921761252	0	NM_0	0.05-<0.1%
AD1_ont	0.111	final_consensus_211_depth_86	86	125002	0.0006879889921761252	0.06879889921761252	0	NM_0	0.05-<0.1%
AD1_ont	0.111	final_consensus_212_depth_85	85	125002	0.0006799891201740772	0.06799891201740772	0	NM_0	0.05-<0.1%
AD1_ont	0.111	final_consensus_213_depth_85	85	125002	0.0006799891201740772	0.06799891201740772	0	NM_0	0.05-<0.1%
AD1_ont	0.111	final_consensus_214_depth_85	85	125002	0.0006799891201740772	0.06799891201740772	0	NM_0	0.05-<0.1%
AD1_ont	0.111	final_consensus_215_depth_85	85	125002	0.0006799891201740772	0.06799891201740772	0	NM_0	0.05-<0.1%
AD1_ont	0.111	final_consensus_216_depth_83	83	125002	0.0006639893761699813	0.06639893761699812	0	NM_0	0.05-<0.1%
AD1_ont	0.111	final_consensus_217_depth_83	83	125002	0.0006639893761699813	0.06639893761699812	0	NM_0	0.05-<0.1%
AD1_ont	0.111	final_consensus_218_depth_83	83	125002	0.0006639893761699813	0.06639893761699812	0	NM_0	0.05-<0.1%
AD1_ont	0.111	final_consensus_219_depth_82	82	125002	0.0006559895041679334	0.06559895041679333	0	NM_0	0.05-<0.1%
AD1_ont	0.111	final_consensus_220_depth_81	81	125002	0.0006479896321658854	0.06479896321658854	0	NM_0	0.05-<0.1%
AD1_ont	0.111	final_consensus_221_depth_80	80	125002	0.0006399897601638374	0.06399897601638374	0	NM_0	0.05-<0.1%
AD1_ont	0.111	final_consensus_222_depth_80	80	125002	0.0006399897601638374	0.06399897601638374	1	NM_1	0.05-<0.1%
AD1_ont	0.111	final_consensus_223_depth_79	79	125002	0.0006319898881617895	0.06319898881617894	0	NM_0	0.05-<0.1%
AD1_ont	0.111	final_consensus_224_depth_79	79	125002	0.0006319898881617895	0.06319898881617894	0	NM_0	0.05-<0.1%
AD1_ont	0.111	final_consensus_225_depth_79	79	125002	0.0006319898881617895	0.06319898881617894	0	NM_0	0.05-<0.1%
AD1_ont	0.111	final_consensus_226_depth_79	79	125002	0.0006319898881617895	0.06319898881617894	0	NM_0	0.05-<0.1%
AD1_ont	0.111	final_consensus_227_depth_79	79	125002	0.0006319898881617895	0.06319898881617894	0	NM_0	0.05-<0.1%
AD1_ont	0.111	final_consensus_228_depth_79	79	125002	0.0006319898881617895	0.06319898881617894	0	NM_0	0.05-<0.1%
AD1_ont	0.111	final_consensus_229_depth_77	77	125002	0.0006159901441576934	0.06159901441576935	0	NM_0	0.05-<0.1%
AD1_ont	0.111	final_consensus_230_depth_77	77	125002	0.0006159901441576934	0.06159901441576935	0	NM_0	0.05-<0.1%
AD1_ont	0.111	final_consensus_231_depth_77	77	125002	0.0006159901441576934	0.06159901441576935	0	NM_0	0.05-<0.1%
AD1_ont	0.111	final_consensus_232_depth_77	77	125002	0.0006159901441576934	0.06159901441576935	0	NM_0	0.05-<0.1%
AD1_ont	0.111	final_consensus_233_depth_76	76	125002	0.0006079902721556456	0.06079902721556455	0	NM_0	0.05-<0.1%
AD1_ont	0.111	final_consensus_234_depth_76	76	125002	0.0006079902721556456	0.06079902721556455	0	NM_0	0.05-<0.1%
AD1_ont	0.111	final_consensus_235_depth_76	76	125002	0.0006079902721556456	0.06079902721556455	0	NM_0	0.05-<0.1%
AD1_ont	0.111	final_consensus_236_depth_76	76	125002	0.0006079902721556456	0.06079902721556455	0	NM_0	0.05-<0.1%
AD1_ont	0.111	final_consensus_237_depth_76	76	125002	0.0006079902721556456	0.06079902721556455	0	NM_0	0.05-<0.1%
AD1_ont	0.111	final_consensus_238_depth_76	76	125002	0.0006079902721556456	0.06079902721556455	0	NM_0	0.05-<0.1%
AD1_ont	0.111	final_consensus_239_depth_76	76	125002	0.0006079902721556456	0.06079902721556455	0	NM_0	0.05-<0.1%
AD1_ont	0.111	final_consensus_240_depth_75	75	125002	0.0005999904001535975	0.05999904001535975	0	NM_0	0.05-<0.1%
AD1_ont	0.111	final_consensus_241_depth_75	75	125002	0.0005999904001535975	0.05999904001535975	0	NM_0	0.05-<0.1%
AD1_ont	0.111	final_consensus_242_depth_75	75	125002	0.0005999904001535975	0.05999904001535975	0	NM_0	0.05-<0.1%
AD1_ont	0.111	final_consensus_243_depth_75	75	125002	0.0005999904001535975	0.05999904001535975	0	NM_0	0.05-<0.1%
AD1_ont	0.111	final_consensus_244_depth_74	74	125002	0.0005919905281515495	0.05919905281515496	0	NM_0	0.05-<0.1%
AD1_ont	0.111	final_consensus_245_depth_74	74	125002	0.0005919905281515495	0.05919905281515496	0	NM_0	0.05-<0.1%
AD1_ont	0.111	final_consensus_246_depth_74	74	125002	0.0005919905281515495	0.05919905281515496	0	NM_0	0.05-<0.1%
AD1_ont	0.111	final_consensus_247_depth_74	74	125002	0.0005919905281515495	0.05919905281515496	0	NM_0	0.05-<0.1%
AD1_ont	0.111	final_consensus_248_depth_73	73	125002	0.0005839906561495016	0.05839906561495016	0	NM_0	0.05-<0.1%
AD1_ont	0.111	final_consensus_249_depth_73	73	125002	0.0005839906561495016	0.05839906561495016	0	NM_0	0.05-<0.1%
AD1_ont	0.111	final_consensus_250_depth_73	73	125002	0.0005839906561495016	0.05839906561495016	0	NM_0	0.05-<0.1%
AD1_ont	0.111	final_consensus_251_depth_73	73	125002	0.0005839906561495016	0.05839906561495016	0	NM_0	0.05-<0.1%
AD1_ont	0.111	final_consensus_252_depth_72	72	125002	0.0005759907841474536	0.05759907841474536	0	NM_0	0.05-<0.1%
AD1_ont	0.111	final_consensus_253_depth_71	71	125002	0.0005679909121454056	0.05679909121454057	0	NM_0	0.05-<0.1%
AD1_ont	0.111	final_consensus_254_depth_71	71	125002	0.0005679909121454056	0.05679909121454057	0	NM_0	0.05-<0.1%
AD1_ont	0.111	final_consensus_255_depth_71	71	125002	0.0005679909121454056	0.05679909121454057	0	NM_0	0.05-<0.1%
AD1_ont	0.111	final_consensus_256_depth_70	70	125002	0.0005599910401433577	0.05599910401433577	0	NM_0	0.05-<0.1%
AD1_ont	0.111	final_consensus_257_depth_70	70	125002	0.0005599910401433577	0.05599910401433577	0	NM_0	0.05-<0.1%
AD1_ont	0.111	final_consensus_258_depth_70	70	125002	0.0005599910401433577	0.05599910401433577	0	NM_0	0.05-<0.1%
AD1_ont	0.111	final_consensus_259_depth_70	70	125002	0.0005599910401433577	0.05599910401433577	0	NM_0	0.05-<0.1%
AD1_ont	0.111	final_consensus_260_depth_70	70	125002	0.0005599910401433577	0.05599910401433577	0	NM_0	0.05-<0.1%
AD1_ont	0.111	final_consensus_261_depth_70	70	125002	0.0005599910401433577	0.05599910401433577	0	NM_0	0.05-<0.1%
AD1_ont	0.111	final_consensus_262_depth_70	70	125002	0.0005599910401433577	0.05599910401433577	0	NM_0	0.05-<0.1%
AD1_ont	0.111	final_consensus_263_depth_70	70	125002	0.0005599910401433577	0.05599910401433577	0	NM_0	0.05-<0.1%
AD1_ont	0.111	final_consensus_264_depth_69	69	125002	0.0005519911681413097	0.05519911681413098	0	NM_0	0.05-<0.1%
AD1_ont	0.111	final_consensus_265_depth_69	69	125002	0.0005519911681413097	0.05519911681413098	0	NM_0	0.05-<0.1%
AD1_ont	0.111	final_consensus_266_depth_69	69	125002	0.0005519911681413097	0.05519911681413098	0	NM_0	0.05-<0.1%
AD1_ont	0.111	final_consensus_267_depth_69	69	125002	0.0005519911681413097	0.05519911681413098	0	NM_0	0.05-<0.1%
AD1_ont	0.111	final_consensus_268_depth_68	68	125002	0.0005439912961392617	0.05439912961392618	0	NM_0	0.05-<0.1%
AD1_ont	0.111	final_consensus_269_depth_68	68	125002	0.0005439912961392617	0.05439912961392618	0	NM_0	0.05-<0.1%
AD1_ont	0.111	final_consensus_270_depth_68	68	125002	0.0005439912961392617	0.05439912961392618	0	NM_0	0.05-<0.1%
AD1_ont	0.111	final_consensus_271_depth_68	68	125002	0.0005439912961392617	0.05439912961392618	0	NM_0	0.05-<0.1%
AD1_ont	0.111	final_consensus_272_depth_68	68	125002	0.0005439912961392617	0.05439912961392618	0	NM_0	0.05-<0.1%
AD1_ont	0.111	final_consensus_273_depth_68	68	125002	0.0005439912961392617	0.05439912961392618	0	NM_0	0.05-<0.1%
AD1_ont	0.111	final_consensus_274_depth_68	68	125002	0.0005439912961392617	0.05439912961392618	0	NM_0	0.05-<0.1%
AD1_ont	0.111	final_consensus_275_depth_68	68	125002	0.0005439912961392617	0.05439912961392618	0	NM_0	0.05-<0.1%
AD1_ont	0.111	final_consensus_276_depth_67	67	125002	0.0005359914241372138	0.05359914241372138	0	NM_0	0.05-<0.1%
AD1_ont	0.111	final_consensus_277_depth_66	66	125002	0.0005279915521351658	0.05279915521351659	0	NM_0	0.05-<0.1%
AD1_ont	0.111	final_consensus_278_depth_66	66	125002	0.0005279915521351658	0.05279915521351659	0	NM_0	0.05-<0.1%
AD1_ont	0.111	final_consensus_279_depth_66	66	125002	0.0005279915521351658	0.05279915521351659	0	NM_0	0.05-<0.1%
AD1_ont	0.111	final_consensus_280_depth_66	66	125002	0.0005279915521351658	0.05279915521351659	0	NM_0	0.05-<0.1%
AD1_ont	0.111	final_consensus_281_depth_66	66	125002	0.0005279915521351658	0.05279915521351659	0	NM_0	0.05-<0.1%
AD1_ont	0.111	final_consensus_282_depth_66	66	125002	0.0005279915521351658	0.05279915521351659	0	NM_0	0.05-<0.1%
AD1_ont	0.111	final_consensus_283_depth_65	65	125002	0.0005199916801331178	0.05199916801331179	0	NM_0	0.05-<0.1%
AD1_ont	0.111	final_consensus_284_depth_65	65	125002	0.0005199916801331178	0.05199916801331179	0	NM_0	0.05-<0.1%
AD1_ont	0.111	final_consensus_285_depth_64	64	125002	0.0005119918081310699	0.05119918081310699	0	NM_0	0.05-<0.1%
AD1_ont	0.111	final_consensus_286_depth_64	64	125002	0.0005119918081310699	0.05119918081310699	0	NM_0	0.05-<0.1%
AD1_ont	0.111	final_consensus_287_depth_64	64	125002	0.0005119918081310699	0.05119918081310699	0	NM_0	0.05-<0.1%
AD1_ont	0.111	final_consensus_288_depth_64	64	125002	0.0005119918081310699	0.05119918081310699	0	NM_0	0.05-<0.1%
AD1_ont	0.111	final_consensus_289_depth_64	64	125002	0.0005119918081310699	0.05119918081310699	0	NM_0	0.05-<0.1%
AD1_ont	0.111	final_consensus_290_depth_64	64	125002	0.0005119918081310699	0.05119918081310699	0	NM_0	0.05-<0.1%
AD1_ont	0.111	final_consensus_291_depth_64	64	125002	0.0005119918081310699	0.05119918081310699	0	NM_0	0.05-<0.1%
AD1_ont	0.111	final_consensus_292_depth_63	63	125002	0.0005039919361290219	0.050399193612902196	0	NM_0	0.05-<0.1%
AD1_ont	0.111	final_consensus_293_depth_63	63	125002	0.0005039919361290219	0.050399193612902196	0	NM_0	0.05-<0.1%
AD1_ont	0.111	final_consensus_294_depth_63	63	125002	0.0005039919361290219	0.050399193612902196	0	NM_0	0.05-<0.1%
AD1_ont	0.111	final_consensus_295_depth_63	63	125002	0.0005039919361290219	0.050399193612902196	0	NM_0	0.05-<0.1%
AD1_ont	0.111	final_consensus_296_depth_63	63	125002	0.0005039919361290219	0.050399193612902196	0	NM_0	0.05-<0.1%
AD1_ont	0.111	final_consensus_297_depth_62	62	125002	0.0004959920641269739	0.0495992064126974	0	NM_0	0.02-<0.05%
AD1_ont	0.111	final_consensus_298_depth_62	62	125002	0.0004959920641269739	0.0495992064126974	0	NM_0	0.02-<0.05%
AD1_ont	0.111	final_consensus_299_depth_62	62	125002	0.0004959920641269739	0.0495992064126974	0	NM_0	0.02-<0.05%
AD1_ont	0.111	final_consensus_300_depth_62	62	125002	0.0004959920641269739	0.0495992064126974	0	NM_0	0.02-<0.05%
AD1_ont	0.111	final_consensus_301_depth_62	62	125002	0.0004959920641269739	0.0495992064126974	0	NM_0	0.02-<0.05%
AD1_ont	0.111	final_consensus_302_depth_62	62	125002	0.0004959920641269739	0.0495992064126974	0	NM_0	0.02-<0.05%
AD1_ont	0.111	final_consensus_303_depth_61	61	125002	0.000487992192124926	0.0487992192124926	0	NM_0	0.02-<0.05%
AD1_ont	0.111	final_consensus_304_depth_61	61	125002	0.000487992192124926	0.0487992192124926	0	NM_0	0.02-<0.05%
AD1_ont	0.111	final_consensus_305_depth_61	61	125002	0.000487992192124926	0.0487992192124926	0	NM_0	0.02-<0.05%
AD1_ont	0.111	final_consensus_306_depth_61	61	125002	0.000487992192124926	0.0487992192124926	0	NM_0	0.02-<0.05%
AD1_ont	0.111	final_consensus_307_depth_60	60	125002	0.000479992320122878	0.047999232012287806	0	NM_0	0.02-<0.05%
AD1_ont	0.111	final_consensus_308_depth_60	60	125002	0.000479992320122878	0.047999232012287806	0	NM_0	0.02-<0.05%
AD1_ont	0.111	final_consensus_309_depth_60	60	125002	0.000479992320122878	0.047999232012287806	0	NM_0	0.02-<0.05%
AD1_ont	0.111	final_consensus_310_depth_59	59	125002	0.00047199244812083007	0.047199244812083006	0	NM_0	0.02-<0.05%
AD1_ont	0.111	final_consensus_311_depth_59	59	125002	0.00047199244812083007	0.047199244812083006	0	NM_0	0.02-<0.05%
AD1_ont	0.111	final_consensus_312_depth_59	59	125002	0.00047199244812083007	0.047199244812083006	0	NM_0	0.02-<0.05%
AD1_ont	0.111	final_consensus_313_depth_59	59	125002	0.00047199244812083007	0.047199244812083006	0	NM_0	0.02-<0.05%
AD1_ont	0.111	final_consensus_314_depth_59	59	125002	0.00047199244812083007	0.047199244812083006	0	NM_0	0.02-<0.05%
AD1_ont	0.111	final_consensus_315_depth_59	59	125002	0.00047199244812083007	0.047199244812083006	0	NM_0	0.02-<0.05%
AD1_ont	0.111	final_consensus_316_depth_59	59	125002	0.00047199244812083007	0.047199244812083006	0	NM_0	0.02-<0.05%
AD1_ont	0.111	final_consensus_317_depth_59	59	125002	0.00047199244812083007	0.047199244812083006	0	NM_0	0.02-<0.05%
AD1_ont	0.111	final_consensus_318_depth_58	58	125002	0.0004639925761187821	0.04639925761187821	0	NM_0	0.02-<0.05%
AD1_ont	0.111	final_consensus_319_depth_58	58	125002	0.0004639925761187821	0.04639925761187821	0	NM_0	0.02-<0.05%
AD1_ont	0.111	final_consensus_320_depth_58	58	125002	0.0004639925761187821	0.04639925761187821	0	NM_0	0.02-<0.05%
AD1_ont	0.111	final_consensus_321_depth_58	58	125002	0.0004639925761187821	0.04639925761187821	0	NM_0	0.02-<0.05%
AD1_ont	0.111	final_consensus_322_depth_58	58	125002	0.0004639925761187821	0.04639925761187821	0	NM_0	0.02-<0.05%
AD1_ont	0.111	final_consensus_323_depth_57	57	125002	0.0004559927041167341	0.045599270411673415	0	NM_0	0.02-<0.05%
AD1_ont	0.111	final_consensus_324_depth_57	57	125002	0.0004559927041167341	0.045599270411673415	0	NM_0	0.02-<0.05%
AD1_ont	0.111	final_consensus_325_depth_57	57	125002	0.0004559927041167341	0.045599270411673415	0	NM_0	0.02-<0.05%
AD1_ont	0.111	final_consensus_326_depth_57	57	125002	0.0004559927041167341	0.045599270411673415	0	NM_0	0.02-<0.05%
AD1_ont	0.111	final_consensus_327_depth_57	57	125002	0.0004559927041167341	0.045599270411673415	0	NM_0	0.02-<0.05%
AD1_ont	0.111	final_consensus_328_depth_56	56	125002	0.00044799283211468616	0.044799283211468616	0	NM_0	0.02-<0.05%
AD1_ont	0.111	final_consensus_329_depth_56	56	125002	0.00044799283211468616	0.044799283211468616	0	NM_0	0.02-<0.05%
AD1_ont	0.111	final_consensus_330_depth_56	56	125002	0.00044799283211468616	0.044799283211468616	0	NM_0	0.02-<0.05%
AD1_ont	0.111	final_consensus_331_depth_55	55	125002	0.0004399929601126382	0.043999296011263817	0	NM_0	0.02-<0.05%
AD1_ont	0.111	final_consensus_332_depth_55	55	125002	0.0004399929601126382	0.043999296011263817	0	NM_0	0.02-<0.05%
AD1_ont	0.111	final_consensus_333_depth_55	55	125002	0.0004399929601126382	0.043999296011263817	0	NM_0	0.02-<0.05%
AD1_ont	0.111	final_consensus_334_depth_55	55	125002	0.0004399929601126382	0.043999296011263817	0	NM_0	0.02-<0.05%
AD1_ont	0.111	final_consensus_335_depth_55	55	125002	0.0004399929601126382	0.043999296011263817	0	NM_0	0.02-<0.05%
AD1_ont	0.111	final_consensus_336_depth_54	54	125002	0.0004319930881105902	0.043199308811059024	0	NM_0	0.02-<0.05%
AD1_ont	0.111	final_consensus_337_depth_54	54	125002	0.0004319930881105902	0.043199308811059024	0	NM_0	0.02-<0.05%
AD1_ont	0.111	final_consensus_338_depth_54	54	125002	0.0004319930881105902	0.043199308811059024	0	NM_0	0.02-<0.05%
AD1_ont	0.111	final_consensus_339_depth_54	54	125002	0.0004319930881105902	0.043199308811059024	0	NM_0	0.02-<0.05%
AD1_ont	0.111	final_consensus_340_depth_54	54	125002	0.0004319930881105902	0.043199308811059024	0	NM_0	0.02-<0.05%
AD1_ont	0.111	final_consensus_341_depth_54	54	125002	0.0004319930881105902	0.043199308811059024	0	NM_0	0.02-<0.05%
AD1_ont	0.111	final_consensus_342_depth_54	54	125002	0.0004319930881105902	0.043199308811059024	0	NM_0	0.02-<0.05%
AD1_ont	0.111	final_consensus_343_depth_53	53	125002	0.00042399321610854225	0.042399321610854225	0	NM_0	0.02-<0.05%
AD1_ont	0.111	final_consensus_344_depth_53	53	125002	0.00042399321610854225	0.042399321610854225	0	NM_0	0.02-<0.05%
AD1_ont	0.111	final_consensus_345_depth_53	53	125002	0.00042399321610854225	0.042399321610854225	0	NM_0	0.02-<0.05%
AD1_ont	0.111	final_consensus_346_depth_53	53	125002	0.00042399321610854225	0.042399321610854225	0	NM_0	0.02-<0.05%
AD1_ont	0.111	final_consensus_347_depth_53	53	125002	0.00042399321610854225	0.042399321610854225	0	NM_0	0.02-<0.05%
AD1_ont	0.111	final_consensus_348_depth_52	52	125002	0.0004159933441064943	0.04159933441064943	0	NM_0	0.02-<0.05%
AD1_ont	0.111	final_consensus_349_depth_52	52	125002	0.0004159933441064943	0.04159933441064943	0	NM_0	0.02-<0.05%
AD1_ont	0.111	final_consensus_350_depth_52	52	125002	0.0004159933441064943	0.04159933441064943	0	NM_0	0.02-<0.05%
AD1_ont	0.111	final_consensus_351_depth_52	52	125002	0.0004159933441064943	0.04159933441064943	0	NM_0	0.02-<0.05%
AD1_ont	0.111	final_consensus_352_depth_52	52	125002	0.0004159933441064943	0.04159933441064943	0	NM_0	0.02-<0.05%
AD1_ont	0.111	final_consensus_353_depth_52	52	125002	0.0004159933441064943	0.04159933441064943	0	NM_0	0.02-<0.05%
AD1_ont	0.111	final_consensus_354_depth_52	52	125002	0.0004159933441064943	0.04159933441064943	0	NM_0	0.02-<0.05%
AD1_ont	0.111	final_consensus_355_depth_52	52	125002	0.0004159933441064943	0.04159933441064943	0	NM_0	0.02-<0.05%
AD1_ont	0.111	final_consensus_356_depth_51	51	125002	0.00040799347210444635	0.040799347210444634	0	NM_0	0.02-<0.05%
AD1_ont	0.111	final_consensus_357_depth_51	51	125002	0.00040799347210444635	0.040799347210444634	0	NM_0	0.02-<0.05%
AD1_ont	0.111	final_consensus_358_depth_51	51	125002	0.00040799347210444635	0.040799347210444634	0	NM_0	0.02-<0.05%
AD1_ont	0.111	final_consensus_359_depth_51	51	125002	0.00040799347210444635	0.040799347210444634	0	NM_0	0.02-<0.05%
AD1_ont	0.111	final_consensus_360_depth_51	51	125002	0.00040799347210444635	0.040799347210444634	184	NM_ge_2	0.02-<0.05%
AD1_ont	0.111	final_consensus_361_depth_51	51	125002	0.00040799347210444635	0.040799347210444634	0	NM_0	0.02-<0.05%
AD1_ont	0.111	final_consensus_362_depth_51	51	125002	0.00040799347210444635	0.040799347210444634	0	NM_0	0.02-<0.05%
AD1_ont	0.111	final_consensus_363_depth_51	51	125002	0.00040799347210444635	0.040799347210444634	5	NM_ge_2	0.02-<0.05%
AD1_ont	0.111	final_consensus_364_depth_50	50	125002	0.00039999360010239835	0.039999360010239834	0	NM_0	0.02-<0.05%
AD1_ont	0.111	final_consensus_365_depth_50	50	125002	0.00039999360010239835	0.039999360010239834	0	NM_0	0.02-<0.05%
AD1_ont	0.111	final_consensus_366_depth_50	50	125002	0.00039999360010239835	0.039999360010239834	0	NM_0	0.02-<0.05%
AD1_ont	0.111	final_consensus_367_depth_50	50	125002	0.00039999360010239835	0.039999360010239834	0	NM_0	0.02-<0.05%
AD1_ont	0.111	final_consensus_368_depth_50	50	125002	0.00039999360010239835	0.039999360010239834	0	NM_0	0.02-<0.05%
AD1_ont	0.111	final_consensus_369_depth_49	49	125002	0.0003919937281003504	0.03919937281003504	0	NM_0	0.02-<0.05%
AD1_ont	0.111	final_consensus_370_depth_49	49	125002	0.0003919937281003504	0.03919937281003504	0	NM_0	0.02-<0.05%
AD1_ont	0.111	final_consensus_371_depth_48	48	125002	0.00038399385609830245	0.03839938560983024	0	NM_0	0.02-<0.05%
AD1_ont	0.111	final_consensus_372_depth_48	48	125002	0.00038399385609830245	0.03839938560983024	0	NM_0	0.02-<0.05%
AD1_ont	0.111	final_consensus_373_depth_48	48	125002	0.00038399385609830245	0.03839938560983024	0	NM_0	0.02-<0.05%
AD1_ont	0.111	final_consensus_374_depth_48	48	125002	0.00038399385609830245	0.03839938560983024	0	NM_0	0.02-<0.05%
AD1_ont	0.111	final_consensus_375_depth_48	48	125002	0.00038399385609830245	0.03839938560983024	0	NM_0	0.02-<0.05%
AD1_ont	0.111	final_consensus_376_depth_48	48	125002	0.00038399385609830245	0.03839938560983024	0	NM_0	0.02-<0.05%
AD1_ont	0.111	final_consensus_377_depth_48	48	125002	0.00038399385609830245	0.03839938560983024	0	NM_0	0.02-<0.05%
AD1_ont	0.111	final_consensus_378_depth_47	47	125002	0.00037599398409625444	0.037599398409625444	0	NM_0	0.02-<0.05%
AD1_ont	0.111	final_consensus_379_depth_47	47	125002	0.00037599398409625444	0.037599398409625444	1	NM_1	0.02-<0.05%
AD1_ont	0.111	final_consensus_380_depth_47	47	125002	0.00037599398409625444	0.037599398409625444	0	NM_0	0.02-<0.05%
AD1_ont	0.111	final_consensus_381_depth_47	47	125002	0.00037599398409625444	0.037599398409625444	0	NM_0	0.02-<0.05%
AD1_ont	0.111	final_consensus_382_depth_46	46	125002	0.0003679941120942065	0.03679941120942065	0	NM_0	0.02-<0.05%
AD1_ont	0.111	final_consensus_383_depth_46	46	125002	0.0003679941120942065	0.03679941120942065	1	NM_1	0.02-<0.05%
AD1_ont	0.111	final_consensus_384_depth_46	46	125002	0.0003679941120942065	0.03679941120942065	0	NM_0	0.02-<0.05%
AD1_ont	0.111	final_consensus_385_depth_46	46	125002	0.0003679941120942065	0.03679941120942065	0	NM_0	0.02-<0.05%
AD1_ont	0.111	final_consensus_386_depth_46	46	125002	0.0003679941120942065	0.03679941120942065	0	NM_0	0.02-<0.05%
AD1_ont	0.111	final_consensus_387_depth_46	46	125002	0.0003679941120942065	0.03679941120942065	0	NM_0	0.02-<0.05%
AD1_ont	0.111	final_consensus_388_depth_46	46	125002	0.0003679941120942065	0.03679941120942065	0	NM_0	0.02-<0.05%
AD1_ont	0.111	final_consensus_389_depth_46	46	125002	0.0003679941120942065	0.03679941120942065	0	NM_0	0.02-<0.05%
AD1_ont	0.111	final_consensus_390_depth_46	46	125002	0.0003679941120942065	0.03679941120942065	0	NM_0	0.02-<0.05%
AD1_ont	0.111	final_consensus_391_depth_45	45	125002	0.00035999424009215854	0.03599942400921585	0	NM_0	0.02-<0.05%
AD1_ont	0.111	final_consensus_392_depth_45	45	125002	0.00035999424009215854	0.03599942400921585	0	NM_0	0.02-<0.05%
AD1_ont	0.111	final_consensus_393_depth_45	45	125002	0.00035999424009215854	0.03599942400921585	0	NM_0	0.02-<0.05%
AD1_ont	0.111	final_consensus_394_depth_45	45	125002	0.00035999424009215854	0.03599942400921585	0	NM_0	0.02-<0.05%
AD1_ont	0.111	final_consensus_395_depth_45	45	125002	0.00035999424009215854	0.03599942400921585	0	NM_0	0.02-<0.05%
AD1_ont	0.111	final_consensus_396_depth_45	45	125002	0.00035999424009215854	0.03599942400921585	0	NM_0	0.02-<0.05%
AD1_ont	0.111	final_consensus_397_depth_45	45	125002	0.00035999424009215854	0.03599942400921585	0	NM_0	0.02-<0.05%
AD1_ont	0.111	final_consensus_398_depth_44	44	125002	0.00035199436809011053	0.03519943680901105	0	NM_0	0.02-<0.05%
AD1_ont	0.111	final_consensus_399_depth_44	44	125002	0.00035199436809011053	0.03519943680901105	0	NM_0	0.02-<0.05%
AD1_ont	0.111	final_consensus_400_depth_44	44	125002	0.00035199436809011053	0.03519943680901105	0	NM_0	0.02-<0.05%
AD1_ont	0.111	final_consensus_401_depth_44	44	125002	0.00035199436809011053	0.03519943680901105	0	NM_0	0.02-<0.05%
AD1_ont	0.111	final_consensus_402_depth_44	44	125002	0.00035199436809011053	0.03519943680901105	0	NM_0	0.02-<0.05%
AD1_ont	0.111	final_consensus_403_depth_43	43	125002	0.0003439944960880626	0.03439944960880626	0	NM_0	0.02-<0.05%
AD1_ont	0.111	final_consensus_404_depth_43	43	125002	0.0003439944960880626	0.03439944960880626	0	NM_0	0.02-<0.05%
AD1_ont	0.111	final_consensus_405_depth_43	43	125002	0.0003439944960880626	0.03439944960880626	0	NM_0	0.02-<0.05%
AD1_ont	0.111	final_consensus_406_depth_43	43	125002	0.0003439944960880626	0.03439944960880626	0	NM_0	0.02-<0.05%
AD1_ont	0.111	final_consensus_407_depth_43	43	125002	0.0003439944960880626	0.03439944960880626	0	NM_0	0.02-<0.05%
AD1_ont	0.111	final_consensus_408_depth_43	43	125002	0.0003439944960880626	0.03439944960880626	0	NM_0	0.02-<0.05%
AD1_ont	0.111	final_consensus_409_depth_43	43	125002	0.0003439944960880626	0.03439944960880626	0	NM_0	0.02-<0.05%
AD1_ont	0.111	final_consensus_410_depth_43	43	125002	0.0003439944960880626	0.03439944960880626	0	NM_0	0.02-<0.05%
AD1_ont	0.111	final_consensus_411_depth_42	42	125002	0.00033599462408601463	0.03359946240860146	0	NM_0	0.02-<0.05%
AD1_ont	0.111	final_consensus_412_depth_42	42	125002	0.00033599462408601463	0.03359946240860146	0	NM_0	0.02-<0.05%
AD1_ont	0.111	final_consensus_413_depth_42	42	125002	0.00033599462408601463	0.03359946240860146	0	NM_0	0.02-<0.05%
AD1_ont	0.111	final_consensus_414_depth_42	42	125002	0.00033599462408601463	0.03359946240860146	0	NM_0	0.02-<0.05%
AD1_ont	0.111	final_consensus_415_depth_42	42	125002	0.00033599462408601463	0.03359946240860146	0	NM_0	0.02-<0.05%
AD1_ont	0.111	final_consensus_416_depth_42	42	125002	0.00033599462408601463	0.03359946240860146	0	NM_0	0.02-<0.05%
AD1_ont	0.111	final_consensus_417_depth_42	42	125002	0.00033599462408601463	0.03359946240860146	0	NM_0	0.02-<0.05%
AD1_ont	0.111	final_consensus_418_depth_41	41	125002	0.0003279947520839667	0.03279947520839666	0	NM_0	0.02-<0.05%
AD1_ont	0.111	final_consensus_419_depth_41	41	125002	0.0003279947520839667	0.03279947520839666	0	NM_0	0.02-<0.05%
AD1_ont	0.111	final_consensus_420_depth_41	41	125002	0.0003279947520839667	0.03279947520839666	0	NM_0	0.02-<0.05%
AD1_ont	0.111	final_consensus_421_depth_41	41	125002	0.0003279947520839667	0.03279947520839666	0	NM_0	0.02-<0.05%
AD1_ont	0.111	final_consensus_422_depth_41	41	125002	0.0003279947520839667	0.03279947520839666	0	NM_0	0.02-<0.05%
AD1_ont	0.111	final_consensus_423_depth_40	40	125002	0.0003199948800819187	0.03199948800819187	0	NM_0	0.02-<0.05%
AD1_ont	0.111	final_consensus_424_depth_40	40	125002	0.0003199948800819187	0.03199948800819187	0	NM_0	0.02-<0.05%
AD1_ont	0.111	final_consensus_425_depth_40	40	125002	0.0003199948800819187	0.03199948800819187	0	NM_0	0.02-<0.05%
AD1_ont	0.111	final_consensus_426_depth_40	40	125002	0.0003199948800819187	0.03199948800819187	0	NM_0	0.02-<0.05%
AD1_ont	0.111	final_consensus_427_depth_40	40	125002	0.0003199948800819187	0.03199948800819187	0	NM_0	0.02-<0.05%
AD1_ont	0.111	final_consensus_428_depth_40	40	125002	0.0003199948800819187	0.03199948800819187	0	NM_0	0.02-<0.05%
AD1_ont	0.111	final_consensus_429_depth_40	40	125002	0.0003199948800819187	0.03199948800819187	0	NM_0	0.02-<0.05%
AD1_ont	0.111	final_consensus_430_depth_40	40	125002	0.0003199948800819187	0.03199948800819187	0	NM_0	0.02-<0.05%
AD1_ont	0.111	final_consensus_431_depth_40	40	125002	0.0003199948800819187	0.03199948800819187	0	NM_0	0.02-<0.05%
AD1_ont	0.111	final_consensus_432_depth_39	39	125002	0.0003119950080798707	0.03119950080798707	0	NM_0	0.02-<0.05%
AD1_ont	0.111	final_consensus_433_depth_39	39	125002	0.0003119950080798707	0.03119950080798707	0	NM_0	0.02-<0.05%
AD1_ont	0.111	final_consensus_434_depth_39	39	125002	0.0003119950080798707	0.03119950080798707	0	NM_0	0.02-<0.05%
AD1_ont	0.111	final_consensus_435_depth_39	39	125002	0.0003119950080798707	0.03119950080798707	0	NM_0	0.02-<0.05%
AD1_ont	0.111	final_consensus_436_depth_39	39	125002	0.0003119950080798707	0.03119950080798707	0	NM_0	0.02-<0.05%
AD1_ont	0.111	final_consensus_437_depth_39	39	125002	0.0003119950080798707	0.03119950080798707	0	NM_0	0.02-<0.05%
AD1_ont	0.111	final_consensus_438_depth_39	39	125002	0.0003119950080798707	0.03119950080798707	0	NM_0	0.02-<0.05%
AD1_ont	0.111	final_consensus_439_depth_38	38	125002	0.0003039951360778228	0.030399513607782275	0	NM_0	0.02-<0.05%
AD1_ont	0.111	final_consensus_440_depth_38	38	125002	0.0003039951360778228	0.030399513607782275	0	NM_0	0.02-<0.05%
AD1_ont	0.111	final_consensus_441_depth_38	38	125002	0.0003039951360778228	0.030399513607782275	0	NM_0	0.02-<0.05%
AD1_ont	0.111	final_consensus_442_depth_38	38	125002	0.0003039951360778228	0.030399513607782275	0	NM_0	0.02-<0.05%
AD1_ont	0.111	final_consensus_443_depth_38	38	125002	0.0003039951360778228	0.030399513607782275	0	NM_0	0.02-<0.05%
AD1_ont	0.111	final_consensus_444_depth_38	38	125002	0.0003039951360778228	0.030399513607782275	0	NM_0	0.02-<0.05%
AD1_ont	0.111	final_consensus_445_depth_37	37	125002	0.00029599526407577477	0.02959952640757748	0	NM_0	0.02-<0.05%
AD1_ont	0.111	final_consensus_446_depth_37	37	125002	0.00029599526407577477	0.02959952640757748	0	NM_0	0.02-<0.05%
AD1_ont	0.111	final_consensus_447_depth_37	37	125002	0.00029599526407577477	0.02959952640757748	3	NM_ge_2	0.02-<0.05%
AD1_ont	0.111	final_consensus_448_depth_36	36	125002	0.0002879953920737268	0.02879953920737268	0	NM_0	0.02-<0.05%
AD1_ont	0.111	final_consensus_449_depth_36	36	125002	0.0002879953920737268	0.02879953920737268	0	NM_0	0.02-<0.05%
AD1_ont	0.111	final_consensus_450_depth_36	36	125002	0.0002879953920737268	0.02879953920737268	0	NM_0	0.02-<0.05%
AD1_ont	0.111	final_consensus_451_depth_36	36	125002	0.0002879953920737268	0.02879953920737268	0	NM_0	0.02-<0.05%
AD1_ont	0.111	final_consensus_452_depth_36	36	125002	0.0002879953920737268	0.02879953920737268	0	NM_0	0.02-<0.05%
AD1_ont	0.111	final_consensus_453_depth_35	35	125002	0.00027999552007167887	0.027999552007167885	48	NM_ge_2	0.02-<0.05%
AD1_ont	0.111	final_consensus_454_depth_35	35	125002	0.00027999552007167887	0.027999552007167885	0	NM_0	0.02-<0.05%
AD1_ont	0.111	final_consensus_455_depth_35	35	125002	0.00027999552007167887	0.027999552007167885	0	NM_0	0.02-<0.05%
AD1_ont	0.111	final_consensus_456_depth_35	35	125002	0.00027999552007167887	0.027999552007167885	0	NM_0	0.02-<0.05%
AD1_ont	0.111	final_consensus_457_depth_35	35	125002	0.00027999552007167887	0.027999552007167885	0	NM_0	0.02-<0.05%
AD1_ont	0.111	final_consensus_458_depth_35	35	125002	0.00027999552007167887	0.027999552007167885	0	NM_0	0.02-<0.05%
AD1_ont	0.111	final_consensus_459_depth_35	35	125002	0.00027999552007167887	0.027999552007167885	0	NM_0	0.02-<0.05%
AD1_ont	0.111	final_consensus_460_depth_35	35	125002	0.00027999552007167887	0.027999552007167885	0	NM_0	0.02-<0.05%
AD1_ont	0.111	final_consensus_461_depth_35	35	125002	0.00027999552007167887	0.027999552007167885	0	NM_0	0.02-<0.05%
AD1_ont	0.111	final_consensus_462_depth_35	35	125002	0.00027999552007167887	0.027999552007167885	0	NM_0	0.02-<0.05%
AD1_ont	0.111	final_consensus_463_depth_35	35	125002	0.00027999552007167887	0.027999552007167885	0	NM_0	0.02-<0.05%
AD1_ont	0.111	final_consensus_464_depth_34	34	125002	0.00027199564806963086	0.02719956480696309	0	NM_0	0.02-<0.05%
AD1_ont	0.111	final_consensus_465_depth_34	34	125002	0.00027199564806963086	0.02719956480696309	11	NM_ge_2	0.02-<0.05%
AD1_ont	0.111	final_consensus_466_depth_34	34	125002	0.00027199564806963086	0.02719956480696309	0	NM_0	0.02-<0.05%
AD1_ont	0.111	final_consensus_467_depth_34	34	125002	0.00027199564806963086	0.02719956480696309	2	NM_ge_2	0.02-<0.05%
AD1_ont	0.111	final_consensus_468_depth_34	34	125002	0.00027199564806963086	0.02719956480696309	0	NM_0	0.02-<0.05%
AD1_ont	0.111	final_consensus_469_depth_34	34	125002	0.00027199564806963086	0.02719956480696309	0	NM_0	0.02-<0.05%
AD1_ont	0.111	final_consensus_470_depth_34	34	125002	0.00027199564806963086	0.02719956480696309	0	NM_0	0.02-<0.05%
AD1_ont	0.111	final_consensus_471_depth_34	34	125002	0.00027199564806963086	0.02719956480696309	0	NM_0	0.02-<0.05%
AD1_ont	0.111	final_consensus_472_depth_34	34	125002	0.00027199564806963086	0.02719956480696309	0	NM_0	0.02-<0.05%
AD1_ont	0.111	final_consensus_473_depth_33	33	125002	0.0002639957760675829	0.026399577606758293	0	NM_0	0.02-<0.05%
AD1_ont	0.111	final_consensus_474_depth_33	33	125002	0.0002639957760675829	0.026399577606758293	0	NM_0	0.02-<0.05%
AD1_ont	0.111	final_consensus_475_depth_33	33	125002	0.0002639957760675829	0.026399577606758293	0	NM_0	0.02-<0.05%
AD1_ont	0.111	final_consensus_476_depth_33	33	125002	0.0002639957760675829	0.026399577606758293	0	NM_0	0.02-<0.05%
AD1_ont	0.111	final_consensus_477_depth_33	33	125002	0.0002639957760675829	0.026399577606758293	0	NM_0	0.02-<0.05%
AD1_ont	0.111	final_consensus_478_depth_33	33	125002	0.0002639957760675829	0.026399577606758293	0	NM_0	0.02-<0.05%
AD1_ont	0.111	final_consensus_479_depth_33	33	125002	0.0002639957760675829	0.026399577606758293	0	NM_0	0.02-<0.05%
AD1_ont	0.111	final_consensus_480_depth_33	33	125002	0.0002639957760675829	0.026399577606758293	153	NM_ge_2	0.02-<0.05%
AD1_ont	0.111	final_consensus_481_depth_33	33	125002	0.0002639957760675829	0.026399577606758293	2	NM_ge_2	0.02-<0.05%
AD1_ont	0.111	final_consensus_482_depth_32	32	125002	0.00025599590406553496	0.025599590406553494	0	NM_0	0.02-<0.05%
AD1_ont	0.111	final_consensus_483_depth_32	32	125002	0.00025599590406553496	0.025599590406553494	0	NM_0	0.02-<0.05%
AD1_ont	0.111	final_consensus_484_depth_32	32	125002	0.00025599590406553496	0.025599590406553494	0	NM_0	0.02-<0.05%
AD1_ont	0.111	final_consensus_485_depth_32	32	125002	0.00025599590406553496	0.025599590406553494	12	NM_ge_2	0.02-<0.05%
AD1_ont	0.111	final_consensus_486_depth_32	32	125002	0.00025599590406553496	0.025599590406553494	39	NM_ge_2	0.02-<0.05%
AD1_ont	0.111	final_consensus_487_depth_32	32	125002	0.00025599590406553496	0.025599590406553494	0	NM_0	0.02-<0.05%
AD1_ont	0.111	final_consensus_488_depth_32	32	125002	0.00025599590406553496	0.025599590406553494	0	NM_0	0.02-<0.05%
AD1_ont	0.111	final_consensus_489_depth_32	32	125002	0.00025599590406553496	0.025599590406553494	18	NM_ge_2	0.02-<0.05%
AD1_ont	0.111	final_consensus_490_depth_32	32	125002	0.00025599590406553496	0.025599590406553494	0	NM_0	0.02-<0.05%
AD1_ont	0.111	final_consensus_491_depth_32	32	125002	0.00025599590406553496	0.025599590406553494	0	NM_0	0.02-<0.05%
AD1_ont	0.111	final_consensus_492_depth_32	32	125002	0.00025599590406553496	0.025599590406553494	0	NM_0	0.02-<0.05%
AD1_ont	0.111	final_consensus_493_depth_31	31	125002	0.00024799603206348696	0.0247996032063487	0	NM_0	0.02-<0.05%
AD1_ont	0.111	final_consensus_494_depth_31	31	125002	0.00024799603206348696	0.0247996032063487	0	NM_0	0.02-<0.05%
AD1_ont	0.111	final_consensus_495_depth_31	31	125002	0.00024799603206348696	0.0247996032063487	0	NM_0	0.02-<0.05%
AD1_ont	0.111	final_consensus_496_depth_31	31	125002	0.00024799603206348696	0.0247996032063487	0	NM_0	0.02-<0.05%
AD1_ont	0.111	final_consensus_497_depth_31	31	125002	0.00024799603206348696	0.0247996032063487	0	NM_0	0.02-<0.05%
AD1_ont	0.111	final_consensus_498_depth_31	31	125002	0.00024799603206348696	0.0247996032063487	0	NM_0	0.02-<0.05%
AD1_ont	0.111	final_consensus_499_depth_31	31	125002	0.00024799603206348696	0.0247996032063487	0	NM_0	0.02-<0.05%
AD1_ont	0.111	final_consensus_500_depth_31	31	125002	0.00024799603206348696	0.0247996032063487	0	NM_0	0.02-<0.05%
AD1_ont	0.111	final_consensus_501_depth_31	31	125002	0.00024799603206348696	0.0247996032063487	0	NM_0	0.02-<0.05%
AD1_ont	0.111	final_consensus_502_depth_29	29	125002	0.00023199628805939106	0.023199628805939104	0	NM_0	0.02-<0.05%
AD1_ont	0.111	final_consensus_503_depth_29	29	125002	0.00023199628805939106	0.023199628805939104	0	NM_0	0.02-<0.05%
AD1_ont	0.111	final_consensus_504_depth_29	29	125002	0.00023199628805939106	0.023199628805939104	0	NM_0	0.02-<0.05%
AD1_ont	0.111	final_consensus_505_depth_29	29	125002	0.00023199628805939106	0.023199628805939104	0	NM_0	0.02-<0.05%
AD1_ont	0.111	final_consensus_506_depth_29	29	125002	0.00023199628805939106	0.023199628805939104	0	NM_0	0.02-<0.05%
AD1_ont	0.111	final_consensus_507_depth_29	29	125002	0.00023199628805939106	0.023199628805939104	0	NM_0	0.02-<0.05%
AD1_ont	0.111	final_consensus_508_depth_29	29	125002	0.00023199628805939106	0.023199628805939104	0	NM_0	0.02-<0.05%
AD1_ont	0.111	final_consensus_509_depth_29	29	125002	0.00023199628805939106	0.023199628805939104	30	NM_ge_2	0.02-<0.05%
AD1_ont	0.111	final_consensus_510_depth_29	29	125002	0.00023199628805939106	0.023199628805939104	0	NM_0	0.02-<0.05%
AD1_ont	0.111	final_consensus_511_depth_29	29	125002	0.00023199628805939106	0.023199628805939104	0	NM_0	0.02-<0.05%
AD1_ont	0.111	final_consensus_512_depth_28	28	125002	0.00022399641605734308	0.022399641605734308	0	NM_0	0.02-<0.05%
AD1_ont	0.111	final_consensus_513_depth_28	28	125002	0.00022399641605734308	0.022399641605734308	1	NM_1	0.02-<0.05%
AD1_ont	0.111	final_consensus_514_depth_28	28	125002	0.00022399641605734308	0.022399641605734308	0	NM_0	0.02-<0.05%
AD1_ont	0.111	final_consensus_515_depth_28	28	125002	0.00022399641605734308	0.022399641605734308	0	NM_0	0.02-<0.05%
AD1_ont	0.111	final_consensus_516_depth_28	28	125002	0.00022399641605734308	0.022399641605734308	0	NM_0	0.02-<0.05%
AD1_ont	0.111	final_consensus_517_depth_28	28	125002	0.00022399641605734308	0.022399641605734308	0	NM_0	0.02-<0.05%
AD1_ont	0.111	final_consensus_518_depth_28	28	125002	0.00022399641605734308	0.022399641605734308	0	NM_0	0.02-<0.05%
AD1_ont	0.111	final_consensus_519_depth_28	28	125002	0.00022399641605734308	0.022399641605734308	0	NM_0	0.02-<0.05%
AD1_ont	0.111	final_consensus_520_depth_28	28	125002	0.00022399641605734308	0.022399641605734308	0	NM_0	0.02-<0.05%
AD1_ont	0.111	final_consensus_521_depth_28	28	125002	0.00022399641605734308	0.022399641605734308	0	NM_0	0.02-<0.05%
AD1_ont	0.111	final_consensus_522_depth_28	28	125002	0.00022399641605734308	0.022399641605734308	0	NM_0	0.02-<0.05%
AD1_ont	0.111	final_consensus_523_depth_28	28	125002	0.00022399641605734308	0.022399641605734308	0	NM_0	0.02-<0.05%
AD1_ont	0.111	final_consensus_524_depth_27	27	125002	0.0002159965440552951	0.021599654405529512	0	NM_0	0.02-<0.05%
AD1_ont	0.111	final_consensus_525_depth_27	27	125002	0.0002159965440552951	0.021599654405529512	0	NM_0	0.02-<0.05%
AD1_ont	0.111	final_consensus_526_depth_27	27	125002	0.0002159965440552951	0.021599654405529512	0	NM_0	0.02-<0.05%
AD1_ont	0.111	final_consensus_527_depth_27	27	125002	0.0002159965440552951	0.021599654405529512	10	NM_ge_2	0.02-<0.05%
AD1_ont	0.111	final_consensus_528_depth_27	27	125002	0.0002159965440552951	0.021599654405529512	0	NM_0	0.02-<0.05%
AD1_ont	0.111	final_consensus_529_depth_27	27	125002	0.0002159965440552951	0.021599654405529512	0	NM_0	0.02-<0.05%
AD1_ont	0.111	final_consensus_530_depth_27	27	125002	0.0002159965440552951	0.021599654405529512	0	NM_0	0.02-<0.05%
AD1_ont	0.111	final_consensus_531_depth_27	27	125002	0.0002159965440552951	0.021599654405529512	0	NM_0	0.02-<0.05%
AD1_ont	0.111	final_consensus_532_depth_27	27	125002	0.0002159965440552951	0.021599654405529512	0	NM_0	0.02-<0.05%
AD1_ont	0.111	final_consensus_533_depth_27	27	125002	0.0002159965440552951	0.021599654405529512	0	NM_0	0.02-<0.05%
AD1_ont	0.111	final_consensus_534_depth_27	27	125002	0.0002159965440552951	0.021599654405529512	1	NM_1	0.02-<0.05%
AD1_ont	0.111	final_consensus_535_depth_27	27	125002	0.0002159965440552951	0.021599654405529512	0	NM_0	0.02-<0.05%
AD1_ont	0.111	final_consensus_536_depth_27	27	125002	0.0002159965440552951	0.021599654405529512	0	NM_0	0.02-<0.05%
AD1_ont	0.111	final_consensus_537_depth_26	26	125002	0.00020799667205324715	0.020799667205324716	0	NM_0	0.02-<0.05%
AD1_ont	0.111	final_consensus_538_depth_26	26	125002	0.00020799667205324715	0.020799667205324716	0	NM_0	0.02-<0.05%
AD1_ont	0.111	final_consensus_539_depth_26	26	125002	0.00020799667205324715	0.020799667205324716	0	NM_0	0.02-<0.05%
AD1_ont	0.111	final_consensus_540_depth_26	26	125002	0.00020799667205324715	0.020799667205324716	0	NM_0	0.02-<0.05%
AD1_ont	0.111	final_consensus_541_depth_25	25	125002	0.00019999680005119917	0.019999680005119917	0	NM_0	<0.02%
AD1_ont	0.111	final_consensus_542_depth_25	25	125002	0.00019999680005119917	0.019999680005119917	0	NM_0	<0.02%
AD1_ont	0.111	final_consensus_543_depth_25	25	125002	0.00019999680005119917	0.019999680005119917	0	NM_0	<0.02%
AD1_ont	0.111	final_consensus_544_depth_25	25	125002	0.00019999680005119917	0.019999680005119917	0	NM_0	<0.02%
AD1_ont	0.111	final_consensus_545_depth_25	25	125002	0.00019999680005119917	0.019999680005119917	86	NM_ge_2	<0.02%
AD1_ont	0.111	final_consensus_546_depth_25	25	125002	0.00019999680005119917	0.019999680005119917	0	NM_0	<0.02%
AD1_ont	0.111	final_consensus_547_depth_25	25	125002	0.00019999680005119917	0.019999680005119917	0	NM_0	<0.02%
AD1_ont	0.111	final_consensus_548_depth_25	25	125002	0.00019999680005119917	0.019999680005119917	0	NM_0	<0.02%
AD1_ont	0.111	final_consensus_549_depth_25	25	125002	0.00019999680005119917	0.019999680005119917	0	NM_0	<0.02%
AD1_ont	0.111	final_consensus_550_depth_25	25	125002	0.00019999680005119917	0.019999680005119917	0	NM_0	<0.02%
AD1_ont	0.111	final_consensus_551_depth_25	25	125002	0.00019999680005119917	0.019999680005119917	0	NM_0	<0.02%
AD1_ont	0.111	final_consensus_552_depth_24	24	125002	0.00019199692804915122	0.01919969280491512	0	NM_0	<0.02%
AD1_ont	0.111	final_consensus_553_depth_24	24	125002	0.00019199692804915122	0.01919969280491512	0	NM_0	<0.02%
AD1_ont	0.111	final_consensus_554_depth_24	24	125002	0.00019199692804915122	0.01919969280491512	0	NM_0	<0.02%
AD1_ont	0.111	final_consensus_555_depth_24	24	125002	0.00019199692804915122	0.01919969280491512	0	NM_0	<0.02%
AD1_ont	0.111	final_consensus_556_depth_24	24	125002	0.00019199692804915122	0.01919969280491512	0	NM_0	<0.02%
AD1_ont	0.111	final_consensus_557_depth_24	24	125002	0.00019199692804915122	0.01919969280491512	0	NM_0	<0.02%
AD1_ont	0.111	final_consensus_558_depth_24	24	125002	0.00019199692804915122	0.01919969280491512	0	NM_0	<0.02%
AD1_ont	0.111	final_consensus_559_depth_23	23	125002	0.00018399705604710324	0.018399705604710326	3	NM_ge_2	<0.02%
AD1_ont	0.111	final_consensus_560_depth_23	23	125002	0.00018399705604710324	0.018399705604710326	0	NM_0	<0.02%
AD1_ont	0.111	final_consensus_561_depth_23	23	125002	0.00018399705604710324	0.018399705604710326	0	NM_0	<0.02%
AD1_ont	0.111	final_consensus_562_depth_23	23	125002	0.00018399705604710324	0.018399705604710326	0	NM_0	<0.02%
AD1_ont	0.111	final_consensus_563_depth_23	23	125002	0.00018399705604710324	0.018399705604710326	0	NM_0	<0.02%
AD1_ont	0.111	final_consensus_564_depth_22	22	125002	0.00017599718404505527	0.017599718404505527	0	NM_0	<0.02%
AD1_ont	0.111	final_consensus_565_depth_22	22	125002	0.00017599718404505527	0.017599718404505527	0	NM_0	<0.02%
AD1_ont	0.111	final_consensus_566_depth_22	22	125002	0.00017599718404505527	0.017599718404505527	0	NM_0	<0.02%
AD1_ont	0.111	final_consensus_567_depth_22	22	125002	0.00017599718404505527	0.017599718404505527	0	NM_0	<0.02%
AD1_ont	0.111	final_consensus_568_depth_22	22	125002	0.00017599718404505527	0.017599718404505527	0	NM_0	<0.02%
AD1_ont	0.111	final_consensus_569_depth_22	22	125002	0.00017599718404505527	0.017599718404505527	0	NM_0	<0.02%
AD1_ont	0.111	final_consensus_570_depth_22	22	125002	0.00017599718404505527	0.017599718404505527	0	NM_0	<0.02%
AD1_ont	0.111	final_consensus_571_depth_22	22	125002	0.00017599718404505527	0.017599718404505527	0	NM_0	<0.02%
AD1_ont	0.111	final_consensus_572_depth_22	22	125002	0.00017599718404505527	0.017599718404505527	0	NM_0	<0.02%
AD1_ont	0.111	final_consensus_573_depth_21	21	125002	0.00016799731204300732	0.01679973120430073	0	NM_0	<0.02%
AD1_ont	0.111	final_consensus_574_depth_21	21	125002	0.00016799731204300732	0.01679973120430073	0	NM_0	<0.02%
AD1_ont	0.111	final_consensus_575_depth_21	21	125002	0.00016799731204300732	0.01679973120430073	0	NM_0	<0.02%
AD1_ont	0.111	final_consensus_576_depth_21	21	125002	0.00016799731204300732	0.01679973120430073	0	NM_0	<0.02%
AD1_ont	0.111	final_consensus_577_depth_21	21	125002	0.00016799731204300732	0.01679973120430073	0	NM_0	<0.02%
AD1_ont	0.111	final_consensus_578_depth_21	21	125002	0.00016799731204300732	0.01679973120430073	0	NM_0	<0.02%
AD1_ont	0.111	final_consensus_579_depth_21	21	125002	0.00016799731204300732	0.01679973120430073	0	NM_0	<0.02%
AD1_ont	0.111	final_consensus_580_depth_21	21	125002	0.00016799731204300732	0.01679973120430073	1	NM_1	<0.02%
AD1_ont	0.111	final_consensus_581_depth_20	20	125002	0.00015999744004095934	0.015999744004095935	0	NM_0	<0.02%
AD1_ont	0.111	final_consensus_582_depth_20	20	125002	0.00015999744004095934	0.015999744004095935	0	NM_0	<0.02%
AD1_ont	0.111	final_consensus_583_depth_20	20	125002	0.00015999744004095934	0.015999744004095935	0	NM_0	<0.02%
AD1_ont	0.111	final_consensus_584_depth_20	20	125002	0.00015999744004095934	0.015999744004095935	5	NM_ge_2	<0.02%
AD1_ont	0.111	final_consensus_585_depth_20	20	125002	0.00015999744004095934	0.015999744004095935	0	NM_0	<0.02%
AD1_ont	0.111	final_consensus_586_depth_19	19	125002	0.0001519975680389114	0.015199756803891138	0	NM_0	<0.02%
AD1_ont	0.111	final_consensus_587_depth_19	19	125002	0.0001519975680389114	0.015199756803891138	0	NM_0	<0.02%
AD1_ont	0.111	final_consensus_588_depth_19	19	125002	0.0001519975680389114	0.015199756803891138	0	NM_0	<0.02%
AD1_ont	0.111	final_consensus_589_depth_19	19	125002	0.0001519975680389114	0.015199756803891138	0	NM_0	<0.02%
AD1_ont	0.111	final_consensus_590_depth_19	19	125002	0.0001519975680389114	0.015199756803891138	0	NM_0	<0.02%
AD1_ont	0.111	final_consensus_591_depth_18	18	125002	0.0001439976960368634	0.01439976960368634	0	NM_0	<0.02%
AD1_ont	0.111	final_consensus_592_depth_18	18	125002	0.0001439976960368634	0.01439976960368634	0	NM_0	<0.02%
AD1_ont	0.111	final_consensus_593_depth_18	18	125002	0.0001439976960368634	0.01439976960368634	0	NM_0	<0.02%
AD1_ont	0.111	final_consensus_594_depth_18	18	125002	0.0001439976960368634	0.01439976960368634	0	NM_0	<0.02%
AD1_ont	0.111	final_consensus_595_depth_17	17	125002	0.00013599782403481543	0.013599782403481545	0	NM_0	<0.02%
AD1_ont	0.111	final_consensus_596_depth_17	17	125002	0.00013599782403481543	0.013599782403481545	0	NM_0	<0.02%
AD1_ont	0.111	final_consensus_597_depth_17	17	125002	0.00013599782403481543	0.013599782403481545	0	NM_0	<0.02%
AD1_ont	0.111	final_consensus_598_depth_17	17	125002	0.00013599782403481543	0.013599782403481545	0	NM_0	<0.02%
AD1_ont	0.111	final_consensus_599_depth_17	17	125002	0.00013599782403481543	0.013599782403481545	0	NM_0	<0.02%
AD1_ont	0.111	final_consensus_600_depth_16	16	125002	0.00012799795203276748	0.012799795203276747	129	NM_ge_2	<0.02%
AD1_ont	0.111	final_consensus_601_depth_16	16	125002	0.00012799795203276748	0.012799795203276747	0	NM_0	<0.02%
AD1_ont	0.111	final_consensus_602_depth_14	14	125002	0.00011199820802867154	0.011199820802867154	108	NM_ge_2	<0.02%
AD1_ont	0.037	final_consensus_0_depth_4956	4956	37857	0.13091370156113796	13.091370156113797	0	NM_0	>=1%
AD1_ont	0.037	final_consensus_1_depth_2600	2600	37857	0.06867950445096019	6.867950445096019	0	NM_0	>=1%
AD1_ont	0.037	final_consensus_2_depth_2196	2196	37857	0.05800776606704176	5.800776606704177	0	NM_0	>=1%
AD1_ont	0.037	final_consensus_3_depth_1645	1645	37857	0.043452994162242124	4.345299416224212	0	NM_0	>=1%
AD1_ont	0.037	final_consensus_4_depth_1270	1270	37857	0.033547296404892096	3.3547296404892095	0	NM_0	>=1%
AD1_ont	0.037	final_consensus_5_depth_1068	1068	37857	0.02821142721293288	2.821142721293288	0	NM_0	>=1%
AD1_ont	0.037	final_consensus_6_depth_1001	1001	37857	0.026441609213619675	2.6441609213619675	0	NM_0	>=1%
AD1_ont	0.037	final_consensus_7_depth_774	774	37857	0.02044536017117046	2.044536017117046	0	NM_0	>=1%
AD1_ont	0.037	final_consensus_8_depth_766	766	37857	0.020234038619013656	2.0234038619013655	0	NM_0	>=1%
AD1_ont	0.037	final_consensus_9_depth_706	706	37857	0.018649126977837653	1.8649126977837651	0	NM_0	>=1%
AD1_ont	0.037	final_consensus_10_depth_554	554	37857	0.014634017486858442	1.4634017486858442	0	NM_0	>=1%
AD1_ont	0.037	final_consensus_11_depth_499	499	37857	0.013181181815780436	1.3181181815780436	0	NM_0	>=1%
AD1_ont	0.037	final_consensus_12_depth_465	465	37857	0.012283065219114035	1.2283065219114035	0	NM_0	>=1%
AD1_ont	0.037	final_consensus_13_depth_464	464	37857	0.012256650025094434	1.2256650025094433	0	NM_0	>=1%
AD1_ont	0.037	final_consensus_14_depth_461	461	37857	0.012177404443035634	1.2177404443035633	0	NM_0	>=1%
AD1_ont	0.037	final_consensus_15_depth_457	457	37857	0.012071743666957234	1.2071743666957233	0	NM_0	>=1%
AD1_ont	0.037	final_consensus_16_depth_400	400	37857	0.01056607760784003	1.056607760784003	0	NM_0	>=1%
AD1_ont	0.037	final_consensus_17_depth_394	394	37857	0.010407586443722429	1.040758644372243	0	NM_0	>=1%
AD1_ont	0.037	final_consensus_18_depth_298	298	37857	0.007871727817840821	0.7871727817840822	0	NM_0	0.1-<1%
AD1_ont	0.037	final_consensus_19_depth_288	288	37857	0.0076075758776448215	0.7607575877644821	0	NM_0	0.1-<1%
AD1_ont	0.037	final_consensus_20_depth_283	283	37857	0.007475499907546821	0.7475499907546821	0	NM_0	0.1-<1%
AD1_ont	0.037	final_consensus_21_depth_281	281	37857	0.007422669519507621	0.7422669519507621	0	NM_0	0.1-<1%
AD1_ont	0.037	final_consensus_22_depth_280	280	37857	0.007396254325488021	0.7396254325488021	0	NM_0	0.1-<1%
AD1_ont	0.037	final_consensus_23_depth_272	272	37857	0.00718493277333122	0.718493277333122	0	NM_0	0.1-<1%
AD1_ont	0.037	final_consensus_24_depth_270	270	37857	0.00713210238529202	0.713210238529202	0	NM_0	0.1-<1%
AD1_ont	0.037	final_consensus_25_depth_250	250	37857	0.006603798504900019	0.6603798504900018	0	NM_0	0.1-<1%
AD1_ont	0.037	final_consensus_26_depth_239	239	37857	0.006313231370684418	0.6313231370684418	0	NM_0	0.1-<1%
AD1_ont	0.037	final_consensus_27_depth_237	237	37857	0.006260400982645217	0.6260400982645218	0	NM_0	0.1-<1%
AD1_ont	0.037	final_consensus_28_depth_237	237	37857	0.006260400982645217	0.6260400982645218	0	NM_0	0.1-<1%
AD1_ont	0.037	final_consensus_29_depth_236	236	37857	0.006233985788625617	0.6233985788625618	0	NM_0	0.1-<1%
AD1_ont	0.037	final_consensus_30_depth_235	235	37857	0.006207570594606017	0.6207570594606018	0	NM_0	0.1-<1%
AD1_ont	0.037	final_consensus_31_depth_228	228	37857	0.006022664236468817	0.6022664236468817	0	NM_0	0.1-<1%
AD1_ont	0.037	final_consensus_32_depth_223	223	37857	0.0058905882663708165	0.5890588266370816	0	NM_0	0.1-<1%
AD1_ont	0.037	final_consensus_33_depth_221	221	37857	0.0058377578783316165	0.5837757878331616	0	NM_0	0.1-<1%
AD1_ont	0.037	final_consensus_34_depth_218	218	37857	0.0057585122962728165	0.5758512296272816	0	NM_0	0.1-<1%
AD1_ont	0.037	final_consensus_35_depth_205	205	37857	0.005415114774018015	0.5415114774018015	0	NM_0	0.1-<1%
AD1_ont	0.037	final_consensus_36_depth_204	204	37857	0.005388699579998415	0.5388699579998415	0	NM_0	0.1-<1%
AD1_ont	0.037	final_consensus_37_depth_203	203	37857	0.005362284385978815	0.5362284385978815	0	NM_0	0.1-<1%
AD1_ont	0.037	final_consensus_38_depth_198	198	37857	0.005230208415880814	0.5230208415880815	0	NM_0	0.1-<1%
AD1_ont	0.037	final_consensus_39_depth_184	184	37857	0.004860395699606414	0.48603956996064135	0	NM_0	0.1-<1%
AD1_ont	0.037	final_consensus_40_depth_174	174	37857	0.004596243759410413	0.4596243759410413	0	NM_0	0.1-<1%
AD1_ont	0.037	final_consensus_41_depth_173	173	37857	0.004569828565390813	0.4569828565390813	0	NM_0	0.1-<1%
AD1_ont	0.037	final_consensus_42_depth_169	169	37857	0.004464167789312412	0.44641677893124126	0	NM_0	0.1-<1%
AD1_ont	0.037	final_consensus_43_depth_166	166	37857	0.004384922207253612	0.4384922207253612	0	NM_0	0.1-<1%
AD1_ont	0.037	final_consensus_44_depth_164	164	37857	0.004332091819214412	0.4332091819214412	0	NM_0	0.1-<1%
AD1_ont	0.037	final_consensus_45_depth_158	158	37857	0.004173600655096811	0.4173600655096812	0	NM_0	0.1-<1%
AD1_ont	0.037	final_consensus_46_depth_156	156	37857	0.004120770267057611	0.41207702670576113	0	NM_0	0.1-<1%
AD1_ont	0.037	final_consensus_47_depth_147	147	37857	0.0038830335208812107	0.3883033520881211	0	NM_0	0.1-<1%
AD1_ont	0.037	final_consensus_48_depth_144	144	37857	0.0038037879388224108	0.38037879388224105	0	NM_0	0.1-<1%
AD1_ont	0.037	final_consensus_49_depth_135	135	37857	0.00356605119264601	0.356605119264601	0	NM_0	0.1-<1%
AD1_ont	0.037	final_consensus_50_depth_134	134	37857	0.00353963599862641	0.353963599862641	0	NM_0	0.1-<1%
AD1_ont	0.037	final_consensus_51_depth_133	133	37857	0.0035132208046068096	0.351322080460681	0	NM_0	0.1-<1%
AD1_ont	0.037	final_consensus_52_depth_130	130	37857	0.0034339752225480097	0.34339752225480097	0	NM_0	0.1-<1%
AD1_ont	0.037	final_consensus_53_depth_125	125	37857	0.0033018992524500093	0.3301899252450009	0	NM_0	0.1-<1%
AD1_ont	0.037	final_consensus_54_depth_124	124	37857	0.0032754840584304093	0.3275484058430409	0	NM_0	0.1-<1%
AD1_ont	0.037	final_consensus_55_depth_117	117	37857	0.0030905777002932086	0.3090577700293209	0	NM_0	0.1-<1%
AD1_ont	0.037	final_consensus_56_depth_115	115	37857	0.0030377473122540086	0.30377473122540083	0	NM_0	0.1-<1%
AD1_ont	0.037	final_consensus_57_depth_112	112	37857	0.0029585017301952082	0.2958501730195208	0	NM_0	0.1-<1%
AD1_ont	0.037	final_consensus_58_depth_110	110	37857	0.0029056713421560082	0.2905671342156008	0	NM_0	0.1-<1%
AD1_ont	0.037	final_consensus_59_depth_106	106	37857	0.002800010566077608	0.28000105660776076	0	NM_0	0.1-<1%
AD1_ont	0.037	final_consensus_60_depth_104	104	37857	0.0027471801780384075	0.27471801780384075	0	NM_0	0.1-<1%
AD1_ont	0.037	final_consensus_61_depth_104	104	37857	0.0027471801780384075	0.27471801780384075	0	NM_0	0.1-<1%
AD1_ont	0.037	final_consensus_62_depth_103	103	37857	0.0027207649840188075	0.27207649840188075	0	NM_0	0.1-<1%
AD1_ont	0.037	final_consensus_63_depth_102	102	37857	0.0026943497899992075	0.26943497899992075	0	NM_0	0.1-<1%
AD1_ont	0.037	final_consensus_64_depth_101	101	37857	0.0026679345959796075	0.26679345959796075	0	NM_0	0.1-<1%
AD1_ont	0.037	final_consensus_65_depth_101	101	37857	0.0026679345959796075	0.26679345959796075	0	NM_0	0.1-<1%
AD1_ont	0.037	final_consensus_66_depth_101	101	37857	0.0026679345959796075	0.26679345959796075	0	NM_0	0.1-<1%
AD1_ont	0.037	final_consensus_67_depth_97	97	37857	0.002562273819901207	0.25622738199012074	0	NM_0	0.1-<1%
AD1_ont	0.037	final_consensus_68_depth_96	96	37857	0.002535858625881607	0.25358586258816074	0	NM_0	0.1-<1%
AD1_ont	0.037	final_consensus_69_depth_93	93	37857	0.0024566130438228068	0.24566130438228068	0	NM_0	0.1-<1%
AD1_ont	0.037	final_consensus_70_depth_93	93	37857	0.0024566130438228068	0.24566130438228068	0	NM_0	0.1-<1%
AD1_ont	0.037	final_consensus_71_depth_92	92	37857	0.002430197849803207	0.24301978498032067	0	NM_0	0.1-<1%
AD1_ont	0.037	final_consensus_72_depth_92	92	37857	0.002430197849803207	0.24301978498032067	0	NM_0	0.1-<1%
AD1_ont	0.037	final_consensus_73_depth_91	91	37857	0.002403782655783607	0.24037826557836067	0	NM_0	0.1-<1%
AD1_ont	0.037	final_consensus_74_depth_88	88	37857	0.0023245370737248064	0.23245370737248064	0	NM_0	0.1-<1%
AD1_ont	0.037	final_consensus_75_depth_86	86	37857	0.0022717066856856065	0.22717066856856064	0	NM_0	0.1-<1%
AD1_ont	0.037	final_consensus_76_depth_80	80	37857	0.002113215521568006	0.2113215521568006	0	NM_0	0.1-<1%
AD1_ont	0.037	final_consensus_77_depth_80	80	37857	0.002113215521568006	0.2113215521568006	0	NM_0	0.1-<1%
AD1_ont	0.037	final_consensus_78_depth_80	80	37857	0.002113215521568006	0.2113215521568006	0	NM_0	0.1-<1%
AD1_ont	0.037	final_consensus_79_depth_80	80	37857	0.002113215521568006	0.2113215521568006	0	NM_0	0.1-<1%
AD1_ont	0.037	final_consensus_80_depth_78	78	37857	0.0020603851335288057	0.20603851335288056	0	NM_0	0.1-<1%
AD1_ont	0.037	final_consensus_81_depth_77	77	37857	0.0020339699395092057	0.20339699395092056	0	NM_0	0.1-<1%
AD1_ont	0.037	final_consensus_82_depth_77	77	37857	0.0020339699395092057	0.20339699395092056	0	NM_0	0.1-<1%
AD1_ont	0.037	final_consensus_83_depth_76	76	37857	0.0020075547454896057	0.20075547454896056	0	NM_0	0.1-<1%
AD1_ont	0.037	final_consensus_84_depth_76	76	37857	0.0020075547454896057	0.20075547454896056	0	NM_0	0.1-<1%
AD1_ont	0.037	final_consensus_85_depth_75	75	37857	0.0019811395514700058	0.19811395514700056	0	NM_0	0.1-<1%
AD1_ont	0.037	final_consensus_86_depth_75	75	37857	0.0019811395514700058	0.19811395514700056	0	NM_0	0.1-<1%
AD1_ont	0.037	final_consensus_87_depth_74	74	37857	0.0019547243574504053	0.19547243574504056	0	NM_0	0.1-<1%
AD1_ont	0.037	final_consensus_88_depth_74	74	37857	0.0019547243574504053	0.19547243574504056	0	NM_0	0.1-<1%
AD1_ont	0.037	final_consensus_89_depth_74	74	37857	0.0019547243574504053	0.19547243574504056	0	NM_0	0.1-<1%
AD1_ont	0.037	final_consensus_90_depth_73	73	37857	0.0019283091634308054	0.19283091634308053	0	NM_0	0.1-<1%
AD1_ont	0.037	final_consensus_91_depth_73	73	37857	0.0019283091634308054	0.19283091634308053	0	NM_0	0.1-<1%
AD1_ont	0.037	final_consensus_92_depth_71	71	37857	0.0018754787753916052	0.18754787753916052	0	NM_0	0.1-<1%
AD1_ont	0.037	final_consensus_93_depth_71	71	37857	0.0018754787753916052	0.18754787753916052	0	NM_0	0.1-<1%
AD1_ont	0.037	final_consensus_94_depth_70	70	37857	0.0018490635813720052	0.18490635813720052	0	NM_0	0.1-<1%
AD1_ont	0.037	final_consensus_95_depth_70	70	37857	0.0018490635813720052	0.18490635813720052	0	NM_0	0.1-<1%
AD1_ont	0.037	final_consensus_96_depth_69	69	37857	0.0018226483873524052	0.18226483873524052	0	NM_0	0.1-<1%
AD1_ont	0.037	final_consensus_97_depth_69	69	37857	0.0018226483873524052	0.18226483873524052	1	NM_1	0.1-<1%
AD1_ont	0.037	final_consensus_98_depth_69	69	37857	0.0018226483873524052	0.18226483873524052	0	NM_0	0.1-<1%
AD1_ont	0.037	final_consensus_99_depth_68	68	37857	0.001796233193332805	0.1796233193332805	0	NM_0	0.1-<1%
AD1_ont	0.037	final_consensus_100_depth_68	68	37857	0.001796233193332805	0.1796233193332805	0	NM_0	0.1-<1%
AD1_ont	0.037	final_consensus_101_depth_67	67	37857	0.001769817999313205	0.1769817999313205	0	NM_0	0.1-<1%
AD1_ont	0.037	final_consensus_102_depth_67	67	37857	0.001769817999313205	0.1769817999313205	0	NM_0	0.1-<1%
AD1_ont	0.037	final_consensus_103_depth_66	66	37857	0.0017434028052936048	0.1743402805293605	0	NM_0	0.1-<1%
AD1_ont	0.037	final_consensus_104_depth_66	66	37857	0.0017434028052936048	0.1743402805293605	0	NM_0	0.1-<1%
AD1_ont	0.037	final_consensus_105_depth_66	66	37857	0.0017434028052936048	0.1743402805293605	0	NM_0	0.1-<1%
AD1_ont	0.037	final_consensus_106_depth_65	65	37857	0.0017169876112740048	0.17169876112740048	0	NM_0	0.1-<1%
AD1_ont	0.037	final_consensus_107_depth_65	65	37857	0.0017169876112740048	0.17169876112740048	0	NM_0	0.1-<1%
AD1_ont	0.037	final_consensus_108_depth_63	63	37857	0.0016641572232348046	0.16641572232348045	0	NM_0	0.1-<1%
AD1_ont	0.037	final_consensus_109_depth_62	62	37857	0.0016377420292152047	0.16377420292152045	0	NM_0	0.1-<1%
AD1_ont	0.037	final_consensus_110_depth_62	62	37857	0.0016377420292152047	0.16377420292152045	0	NM_0	0.1-<1%
AD1_ont	0.037	final_consensus_111_depth_61	61	37857	0.0016113268351956045	0.16113268351956045	2	NM_ge_2	0.1-<1%
AD1_ont	0.037	final_consensus_112_depth_61	61	37857	0.0016113268351956045	0.16113268351956045	0	NM_0	0.1-<1%
AD1_ont	0.037	final_consensus_113_depth_61	61	37857	0.0016113268351956045	0.16113268351956045	0	NM_0	0.1-<1%
AD1_ont	0.037	final_consensus_114_depth_60	60	37857	0.0015849116411760045	0.15849116411760045	0	NM_0	0.1-<1%
AD1_ont	0.037	final_consensus_115_depth_59	59	37857	0.0015584964471564043	0.15584964471564045	0	NM_0	0.1-<1%
AD1_ont	0.037	final_consensus_116_depth_59	59	37857	0.0015584964471564043	0.15584964471564045	0	NM_0	0.1-<1%
AD1_ont	0.037	final_consensus_117_depth_58	58	37857	0.0015320812531368043	0.15320812531368042	0	NM_0	0.1-<1%
AD1_ont	0.037	final_consensus_118_depth_58	58	37857	0.0015320812531368043	0.15320812531368042	0	NM_0	0.1-<1%
AD1_ont	0.037	final_consensus_119_depth_58	58	37857	0.0015320812531368043	0.15320812531368042	0	NM_0	0.1-<1%
AD1_ont	0.037	final_consensus_120_depth_58	58	37857	0.0015320812531368043	0.15320812531368042	0	NM_0	0.1-<1%
AD1_ont	0.037	final_consensus_121_depth_58	58	37857	0.0015320812531368043	0.15320812531368042	0	NM_0	0.1-<1%
AD1_ont	0.037	final_consensus_122_depth_58	58	37857	0.0015320812531368043	0.15320812531368042	0	NM_0	0.1-<1%
AD1_ont	0.037	final_consensus_123_depth_57	57	37857	0.0015056660591172043	0.1505666059117204	0	NM_0	0.1-<1%
AD1_ont	0.037	final_consensus_124_depth_57	57	37857	0.0015056660591172043	0.1505666059117204	0	NM_0	0.1-<1%
AD1_ont	0.037	final_consensus_125_depth_57	57	37857	0.0015056660591172043	0.1505666059117204	0	NM_0	0.1-<1%
AD1_ont	0.037	final_consensus_126_depth_56	56	37857	0.0014792508650976041	0.1479250865097604	0	NM_0	0.1-<1%
AD1_ont	0.037	final_consensus_127_depth_56	56	37857	0.0014792508650976041	0.1479250865097604	0	NM_0	0.1-<1%
AD1_ont	0.037	final_consensus_128_depth_55	55	37857	0.0014528356710780041	0.1452835671078004	0	NM_0	0.1-<1%
AD1_ont	0.037	final_consensus_129_depth_55	55	37857	0.0014528356710780041	0.1452835671078004	0	NM_0	0.1-<1%
AD1_ont	0.037	final_consensus_130_depth_55	55	37857	0.0014528356710780041	0.1452835671078004	0	NM_0	0.1-<1%
AD1_ont	0.037	final_consensus_131_depth_55	55	37857	0.0014528356710780041	0.1452835671078004	0	NM_0	0.1-<1%
AD1_ont	0.037	final_consensus_132_depth_55	55	37857	0.0014528356710780041	0.1452835671078004	0	NM_0	0.1-<1%
AD1_ont	0.037	final_consensus_133_depth_54	54	37857	0.001426420477058404	0.1426420477058404	0	NM_0	0.1-<1%
AD1_ont	0.037	final_consensus_134_depth_54	54	37857	0.001426420477058404	0.1426420477058404	0	NM_0	0.1-<1%
AD1_ont	0.037	final_consensus_135_depth_53	53	37857	0.001400005283038804	0.14000052830388038	0	NM_0	0.1-<1%
AD1_ont	0.037	final_consensus_136_depth_52	52	37857	0.0013735900890192037	0.13735900890192038	0	NM_0	0.1-<1%
AD1_ont	0.037	final_consensus_137_depth_52	52	37857	0.0013735900890192037	0.13735900890192038	0	NM_0	0.1-<1%
AD1_ont	0.037	final_consensus_138_depth_51	51	37857	0.0013471748949996038	0.13471748949996037	0	NM_0	0.1-<1%
AD1_ont	0.037	final_consensus_139_depth_51	51	37857	0.0013471748949996038	0.13471748949996037	0	NM_0	0.1-<1%
AD1_ont	0.037	final_consensus_140_depth_50	50	37857	0.0013207597009800038	0.13207597009800037	0	NM_0	0.1-<1%
AD1_ont	0.037	final_consensus_141_depth_50	50	37857	0.0013207597009800038	0.13207597009800037	0	NM_0	0.1-<1%
AD1_ont	0.037	final_consensus_142_depth_50	50	37857	0.0013207597009800038	0.13207597009800037	0	NM_0	0.1-<1%
AD1_ont	0.037	final_consensus_143_depth_49	49	37857	0.0012943445069604036	0.12943445069604037	0	NM_0	0.1-<1%
AD1_ont	0.037	final_consensus_144_depth_49	49	37857	0.0012943445069604036	0.12943445069604037	0	NM_0	0.1-<1%
AD1_ont	0.037	final_consensus_145_depth_48	48	37857	0.0012679293129408036	0.12679293129408037	0	NM_0	0.1-<1%
AD1_ont	0.037	final_consensus_146_depth_48	48	37857	0.0012679293129408036	0.12679293129408037	0	NM_0	0.1-<1%
AD1_ont	0.037	final_consensus_147_depth_48	48	37857	0.0012679293129408036	0.12679293129408037	0	NM_0	0.1-<1%
AD1_ont	0.037	final_consensus_148_depth_48	48	37857	0.0012679293129408036	0.12679293129408037	0	NM_0	0.1-<1%
AD1_ont	0.037	final_consensus_149_depth_48	48	37857	0.0012679293129408036	0.12679293129408037	0	NM_0	0.1-<1%
AD1_ont	0.037	final_consensus_150_depth_48	48	37857	0.0012679293129408036	0.12679293129408037	0	NM_0	0.1-<1%
AD1_ont	0.037	final_consensus_151_depth_45	45	37857	0.0011886837308820034	0.11886837308820034	0	NM_0	0.1-<1%
AD1_ont	0.037	final_consensus_152_depth_45	45	37857	0.0011886837308820034	0.11886837308820034	0	NM_0	0.1-<1%
AD1_ont	0.037	final_consensus_153_depth_45	45	37857	0.0011886837308820034	0.11886837308820034	0	NM_0	0.1-<1%
AD1_ont	0.037	final_consensus_154_depth_44	44	37857	0.0011622685368624032	0.11622685368624032	0	NM_0	0.1-<1%
AD1_ont	0.037	final_consensus_155_depth_44	44	37857	0.0011622685368624032	0.11622685368624032	0	NM_0	0.1-<1%
AD1_ont	0.037	final_consensus_156_depth_43	43	37857	0.0011358533428428032	0.11358533428428032	0	NM_0	0.1-<1%
AD1_ont	0.037	final_consensus_157_depth_43	43	37857	0.0011358533428428032	0.11358533428428032	0	NM_0	0.1-<1%
AD1_ont	0.037	final_consensus_158_depth_43	43	37857	0.0011358533428428032	0.11358533428428032	0	NM_0	0.1-<1%
AD1_ont	0.037	final_consensus_159_depth_43	43	37857	0.0011358533428428032	0.11358533428428032	0	NM_0	0.1-<1%
AD1_ont	0.037	final_consensus_160_depth_42	42	37857	0.001109438148823203	0.11094381488232032	0	NM_0	0.1-<1%
AD1_ont	0.037	final_consensus_161_depth_42	42	37857	0.001109438148823203	0.11094381488232032	0	NM_0	0.1-<1%
AD1_ont	0.037	final_consensus_162_depth_42	42	37857	0.001109438148823203	0.11094381488232032	0	NM_0	0.1-<1%
AD1_ont	0.037	final_consensus_163_depth_42	42	37857	0.001109438148823203	0.11094381488232032	0	NM_0	0.1-<1%
AD1_ont	0.037	final_consensus_164_depth_42	42	37857	0.001109438148823203	0.11094381488232032	0	NM_0	0.1-<1%
AD1_ont	0.037	final_consensus_165_depth_41	41	37857	0.001083022954803603	0.1083022954803603	0	NM_0	0.1-<1%
AD1_ont	0.037	final_consensus_166_depth_41	41	37857	0.001083022954803603	0.1083022954803603	0	NM_0	0.1-<1%
AD1_ont	0.037	final_consensus_167_depth_41	41	37857	0.001083022954803603	0.1083022954803603	0	NM_0	0.1-<1%
AD1_ont	0.037	final_consensus_168_depth_41	41	37857	0.001083022954803603	0.1083022954803603	0	NM_0	0.1-<1%
AD1_ont	0.037	final_consensus_169_depth_41	41	37857	0.001083022954803603	0.1083022954803603	0	NM_0	0.1-<1%
AD1_ont	0.037	final_consensus_170_depth_40	40	37857	0.001056607760784003	0.1056607760784003	0	NM_0	0.1-<1%
AD1_ont	0.037	final_consensus_171_depth_40	40	37857	0.001056607760784003	0.1056607760784003	0	NM_0	0.1-<1%
AD1_ont	0.037	final_consensus_172_depth_39	39	37857	0.0010301925667644029	0.10301925667644028	0	NM_0	0.1-<1%
AD1_ont	0.037	final_consensus_173_depth_39	39	37857	0.0010301925667644029	0.10301925667644028	0	NM_0	0.1-<1%
AD1_ont	0.037	final_consensus_174_depth_39	39	37857	0.0010301925667644029	0.10301925667644028	0	NM_0	0.1-<1%
AD1_ont	0.037	final_consensus_175_depth_39	39	37857	0.0010301925667644029	0.10301925667644028	0	NM_0	0.1-<1%
AD1_ont	0.037	final_consensus_176_depth_39	39	37857	0.0010301925667644029	0.10301925667644028	0	NM_0	0.1-<1%
AD1_ont	0.037	final_consensus_177_depth_39	39	37857	0.0010301925667644029	0.10301925667644028	0	NM_0	0.1-<1%
AD1_ont	0.037	final_consensus_178_depth_38	38	37857	0.0010037773727448029	0.10037773727448028	0	NM_0	0.1-<1%
AD1_ont	0.037	final_consensus_179_depth_38	38	37857	0.0010037773727448029	0.10037773727448028	0	NM_0	0.1-<1%
AD1_ont	0.037	final_consensus_180_depth_37	37	37857	0.0009773621787252027	0.09773621787252028	0	NM_0	0.05-<0.1%
AD1_ont	0.037	final_consensus_181_depth_37	37	37857	0.0009773621787252027	0.09773621787252028	0	NM_0	0.05-<0.1%
AD1_ont	0.037	final_consensus_182_depth_37	37	37857	0.0009773621787252027	0.09773621787252028	0	NM_0	0.05-<0.1%
AD1_ont	0.037	final_consensus_183_depth_37	37	37857	0.0009773621787252027	0.09773621787252028	0	NM_0	0.05-<0.1%
AD1_ont	0.037	final_consensus_184_depth_36	36	37857	0.0009509469847056027	0.09509469847056026	0	NM_0	0.05-<0.1%
AD1_ont	0.037	final_consensus_185_depth_36	36	37857	0.0009509469847056027	0.09509469847056026	0	NM_0	0.05-<0.1%
AD1_ont	0.037	final_consensus_186_depth_36	36	37857	0.0009509469847056027	0.09509469847056026	0	NM_0	0.05-<0.1%
AD1_ont	0.037	final_consensus_187_depth_36	36	37857	0.0009509469847056027	0.09509469847056026	0	NM_0	0.05-<0.1%
AD1_ont	0.037	final_consensus_188_depth_35	35	37857	0.0009245317906860026	0.09245317906860026	0	NM_0	0.05-<0.1%
AD1_ont	0.037	final_consensus_189_depth_35	35	37857	0.0009245317906860026	0.09245317906860026	0	NM_0	0.05-<0.1%
AD1_ont	0.037	final_consensus_190_depth_35	35	37857	0.0009245317906860026	0.09245317906860026	0	NM_0	0.05-<0.1%
AD1_ont	0.037	final_consensus_191_depth_35	35	37857	0.0009245317906860026	0.09245317906860026	0	NM_0	0.05-<0.1%
AD1_ont	0.037	final_consensus_192_depth_34	34	37857	0.0008981165966664025	0.08981165966664025	0	NM_0	0.05-<0.1%
AD1_ont	0.037	final_consensus_193_depth_34	34	37857	0.0008981165966664025	0.08981165966664025	0	NM_0	0.05-<0.1%
AD1_ont	0.037	final_consensus_194_depth_34	34	37857	0.0008981165966664025	0.08981165966664025	0	NM_0	0.05-<0.1%
AD1_ont	0.037	final_consensus_195_depth_33	33	37857	0.0008717014026468024	0.08717014026468024	0	NM_0	0.05-<0.1%
AD1_ont	0.037	final_consensus_196_depth_33	33	37857	0.0008717014026468024	0.08717014026468024	0	NM_0	0.05-<0.1%
AD1_ont	0.037	final_consensus_197_depth_33	33	37857	0.0008717014026468024	0.08717014026468024	0	NM_0	0.05-<0.1%
AD1_ont	0.037	final_consensus_198_depth_33	33	37857	0.0008717014026468024	0.08717014026468024	0	NM_0	0.05-<0.1%
AD1_ont	0.037	final_consensus_199_depth_32	32	37857	0.0008452862086272023	0.08452862086272024	0	NM_0	0.05-<0.1%
AD1_ont	0.037	final_consensus_200_depth_32	32	37857	0.0008452862086272023	0.08452862086272024	0	NM_0	0.05-<0.1%
AD1_ont	0.037	final_consensus_201_depth_32	32	37857	0.0008452862086272023	0.08452862086272024	0	NM_0	0.05-<0.1%
AD1_ont	0.037	final_consensus_202_depth_32	32	37857	0.0008452862086272023	0.08452862086272024	0	NM_0	0.05-<0.1%
AD1_ont	0.037	final_consensus_203_depth_32	32	37857	0.0008452862086272023	0.08452862086272024	0	NM_0	0.05-<0.1%
AD1_ont	0.037	final_consensus_204_depth_31	31	37857	0.0008188710146076023	0.08188710146076023	0	NM_0	0.05-<0.1%
AD1_ont	0.037	final_consensus_205_depth_30	30	37857	0.0007924558205880022	0.07924558205880022	0	NM_0	0.05-<0.1%
AD1_ont	0.037	final_consensus_206_depth_30	30	37857	0.0007924558205880022	0.07924558205880022	0	NM_0	0.05-<0.1%
AD1_ont	0.037	final_consensus_207_depth_30	30	37857	0.0007924558205880022	0.07924558205880022	0	NM_0	0.05-<0.1%
AD1_ont	0.037	final_consensus_208_depth_30	30	37857	0.0007924558205880022	0.07924558205880022	0	NM_0	0.05-<0.1%
AD1_ont	0.037	final_consensus_209_depth_29	29	37857	0.0007660406265684021	0.07660406265684021	0	NM_0	0.05-<0.1%
AD1_ont	0.037	final_consensus_210_depth_28	28	37857	0.0007396254325488021	0.0739625432548802	0	NM_0	0.05-<0.1%
AD1_ont	0.037	final_consensus_211_depth_27	27	37857	0.000713210238529202	0.0713210238529202	0	NM_0	0.05-<0.1%
AD1_ont	0.037	final_consensus_212_depth_27	27	37857	0.000713210238529202	0.0713210238529202	0	NM_0	0.05-<0.1%
AD1_ont	0.037	final_consensus_213_depth_27	27	37857	0.000713210238529202	0.0713210238529202	0	NM_0	0.05-<0.1%
AD1_ont	0.037	final_consensus_214_depth_25	25	37857	0.0006603798504900019	0.06603798504900019	0	NM_0	0.05-<0.1%
AD1_ont	0.037	final_consensus_215_depth_25	25	37857	0.0006603798504900019	0.06603798504900019	0	NM_0	0.05-<0.1%
AD1_ont	0.037	final_consensus_216_depth_25	25	37857	0.0006603798504900019	0.06603798504900019	0	NM_0	0.05-<0.1%
AD1_ont	0.037	final_consensus_217_depth_25	25	37857	0.0006603798504900019	0.06603798504900019	0	NM_0	0.05-<0.1%
AD1_ont	0.037	final_consensus_218_depth_24	24	37857	0.0006339646564704018	0.06339646564704018	0	NM_0	0.05-<0.1%
AD1_ont	0.037	final_consensus_219_depth_24	24	37857	0.0006339646564704018	0.06339646564704018	0	NM_0	0.05-<0.1%
AD1_ont	0.037	final_consensus_220_depth_23	23	37857	0.0006075494624508017	0.06075494624508017	0	NM_0	0.05-<0.1%
AD1_ont	0.037	final_consensus_221_depth_23	23	37857	0.0006075494624508017	0.06075494624508017	0	NM_0	0.05-<0.1%
AD1_ont	0.037	final_consensus_222_depth_22	22	37857	0.0005811342684312016	0.05811342684312016	0	NM_0	0.05-<0.1%
AD1_ont	0.037	final_consensus_223_depth_22	22	37857	0.0005811342684312016	0.05811342684312016	0	NM_0	0.05-<0.1%
AD1_ont	0.037	final_consensus_224_depth_22	22	37857	0.0005811342684312016	0.05811342684312016	0	NM_0	0.05-<0.1%
AD1_ont	0.037	final_consensus_225_depth_21	21	37857	0.0005547190744116015	0.05547190744116016	0	NM_0	0.05-<0.1%
AD1_ont	0.037	final_consensus_226_depth_21	21	37857	0.0005547190744116015	0.05547190744116016	0	NM_0	0.05-<0.1%
AD1_ont	0.037	final_consensus_227_depth_20	20	37857	0.0005283038803920015	0.05283038803920015	0	NM_0	0.05-<0.1%
AD1_ont	0.037	final_consensus_228_depth_20	20	37857	0.0005283038803920015	0.05283038803920015	0	NM_0	0.05-<0.1%
AD1_ont	0.037	final_consensus_229_depth_20	20	37857	0.0005283038803920015	0.05283038803920015	0	NM_0	0.05-<0.1%
AD1_ont	0.037	final_consensus_230_depth_20	20	37857	0.0005283038803920015	0.05283038803920015	0	NM_0	0.05-<0.1%
AD1_ont	0.037	final_consensus_231_depth_20	20	37857	0.0005283038803920015	0.05283038803920015	0	NM_0	0.05-<0.1%
AD1_ont	0.037	final_consensus_232_depth_20	20	37857	0.0005283038803920015	0.05283038803920015	0	NM_0	0.05-<0.1%
AD1_ont	0.037	final_consensus_233_depth_19	19	37857	0.0005018886863724014	0.05018886863724014	0	NM_0	0.05-<0.1%
AD1_ont	0.037	final_consensus_234_depth_19	19	37857	0.0005018886863724014	0.05018886863724014	0	NM_0	0.05-<0.1%
AD1_ont	0.037	final_consensus_235_depth_18	18	37857	0.00047547349235280134	0.04754734923528013	0	NM_0	0.02-<0.05%
AD1_ont	0.037	final_consensus_236_depth_18	18	37857	0.00047547349235280134	0.04754734923528013	0	NM_0	0.02-<0.05%
AD1_ont	0.037	final_consensus_237_depth_16	16	37857	0.00042264310431360116	0.04226431043136012	0	NM_0	0.02-<0.05%
AD1_ont	0.037	final_consensus_238_depth_16	16	37857	0.00042264310431360116	0.04226431043136012	0	NM_0	0.02-<0.05%
AD1_ont	0.037	final_consensus_239_depth_16	16	37857	0.00042264310431360116	0.04226431043136012	0	NM_0	0.02-<0.05%
AD1_ont	0.037	final_consensus_240_depth_16	16	37857	0.00042264310431360116	0.04226431043136012	0	NM_0	0.02-<0.05%
AD1_ont	0.037	final_consensus_241_depth_14	14	37857	0.00036981271627440103	0.0369812716274401	0	NM_0	0.02-<0.05%
AD1_ont	0.012	final_consensus_0_depth_1622	1622	10359	0.15657882034945458	15.657882034945459	0	NM_0	>=1%
AD1_ont	0.012	final_consensus_1_depth_835	835	10359	0.08060623612317791	8.06062361231779	0	NM_0	>=1%
AD1_ont	0.012	final_consensus_2_depth_728	728	10359	0.07027705376966889	7.027705376966889	0	NM_0	>=1%
AD1_ont	0.012	final_consensus_3_depth_514	514	10359	0.049618689062650836	4.961868906265083	0	NM_0	>=1%
AD1_ont	0.012	final_consensus_4_depth_401	401	10359	0.038710300222029155	3.8710300222029153	0	NM_0	>=1%
AD1_ont	0.012	final_consensus_5_depth_350	350	10359	0.03378704508157158	3.378704508157158	0	NM_0	>=1%
AD1_ont	0.012	final_consensus_6_depth_334	334	10359	0.032242494449271165	3.2242494449271164	0	NM_0	>=1%
AD1_ont	0.012	final_consensus_7_depth_257	257	10359	0.024809344531325418	2.4809344531325417	0	NM_0	>=1%
AD1_ont	0.012	final_consensus_8_depth_235	235	10359	0.022685587411912348	2.2685587411912347	0	NM_0	>=1%
AD1_ont	0.012	final_consensus_9_depth_218	218	10359	0.021044502365093157	2.1044502365093156	0	NM_0	>=1%
AD1_ont	0.012	final_consensus_10_depth_174	174	10359	0.016796988126267013	1.6796988126267014	0	NM_0	>=1%
AD1_ont	0.012	final_consensus_11_depth_165	165	10359	0.01592817839559803	1.5928178395598032	0	NM_0	>=1%
AD1_ont	0.012	final_consensus_12_depth_150	150	10359	0.014480162177816391	1.4480162177816391	0	NM_0	>=1%
AD1_ont	0.012	final_consensus_13_depth_148	148	10359	0.01428709334877884	1.4287093348778839	0	NM_0	>=1%
AD1_ont	0.012	final_consensus_14_depth_147	147	10359	0.014190558934260064	1.4190558934260065	0	NM_0	>=1%
AD1_ont	0.012	final_consensus_15_depth_147	147	10359	0.014190558934260064	1.4190558934260065	0	NM_0	>=1%
AD1_ont	0.012	final_consensus_16_depth_136	136	10359	0.013128680374553529	1.3128680374553527	0	NM_0	>=1%
AD1_ont	0.012	final_consensus_17_depth_103	103	10359	0.009943044695433922	0.9943044695433922	0	NM_0	0.1-<1%
AD1_ont	0.012	final_consensus_18_depth_100	100	10359	0.009653441451877595	0.9653441451877595	0	NM_0	0.1-<1%
AD1_ont	0.012	final_consensus_19_depth_99	99	10359	0.009556907037358819	0.9556907037358818	0	NM_0	0.1-<1%
AD1_ont	0.012	final_consensus_20_depth_99	99	10359	0.009556907037358819	0.9556907037358818	0	NM_0	0.1-<1%
AD1_ont	0.012	final_consensus_21_depth_98	98	10359	0.009460372622840043	0.9460372622840042	0	NM_0	0.1-<1%
AD1_ont	0.012	final_consensus_22_depth_93	93	10359	0.008977700550246163	0.8977700550246163	0	NM_0	0.1-<1%
AD1_ont	0.012	final_consensus_23_depth_88	88	10359	0.008495028477652282	0.8495028477652283	0	NM_0	0.1-<1%
AD1_ont	0.012	final_consensus_24_depth_86	86	10359	0.00830195964861473	0.8301959648614731	0	NM_0	0.1-<1%
AD1_ont	0.012	final_consensus_25_depth_84	84	10359	0.00810889081957718	0.8108890819577179	0	NM_0	0.1-<1%
AD1_ont	0.012	final_consensus_26_depth_81	81	10359	0.007819287576020852	0.7819287576020851	0	NM_0	0.1-<1%
AD1_ont	0.012	final_consensus_27_depth_81	81	10359	0.007819287576020852	0.7819287576020851	0	NM_0	0.1-<1%
AD1_ont	0.012	final_consensus_28_depth_79	79	10359	0.0076262187469833	0.76262187469833	0	NM_0	0.1-<1%
AD1_ont	0.012	final_consensus_29_depth_79	79	10359	0.0076262187469833	0.76262187469833	0	NM_0	0.1-<1%
AD1_ont	0.012	final_consensus_30_depth_78	78	10359	0.007529684332464524	0.7529684332464524	0	NM_0	0.1-<1%
AD1_ont	0.012	final_consensus_31_depth_76	76	10359	0.0073366155034269714	0.7336615503426972	0	NM_0	0.1-<1%
AD1_ont	0.012	final_consensus_32_depth_76	76	10359	0.0073366155034269714	0.7336615503426972	0	NM_0	0.1-<1%
AD1_ont	0.012	final_consensus_33_depth_74	74	10359	0.00714354667438942	0.7143546674389419	0	NM_0	0.1-<1%
AD1_ont	0.012	final_consensus_34_depth_72	72	10359	0.0069504778453518675	0.6950477845351868	0	NM_0	0.1-<1%
AD1_ont	0.012	final_consensus_35_depth_72	72	10359	0.0069504778453518675	0.6950477845351868	0	NM_0	0.1-<1%
AD1_ont	0.012	final_consensus_36_depth_71	71	10359	0.006853943430833092	0.6853943430833092	0	NM_0	0.1-<1%
AD1_ont	0.012	final_consensus_37_depth_71	71	10359	0.006853943430833092	0.6853943430833092	0	NM_0	0.1-<1%
AD1_ont	0.012	final_consensus_38_depth_71	71	10359	0.006853943430833092	0.6853943430833092	0	NM_0	0.1-<1%
AD1_ont	0.012	final_consensus_39_depth_68	68	10359	0.0065643401872767645	0.6564340187276764	0	NM_0	0.1-<1%
AD1_ont	0.012	final_consensus_40_depth_68	68	10359	0.0065643401872767645	0.6564340187276764	0	NM_0	0.1-<1%
AD1_ont	0.012	final_consensus_41_depth_66	66	10359	0.006371271358239212	0.6371271358239212	0	NM_0	0.1-<1%
AD1_ont	0.012	final_consensus_42_depth_64	64	10359	0.006178202529201661	0.6178202529201661	0	NM_0	0.1-<1%
AD1_ont	0.012	final_consensus_43_depth_64	64	10359	0.006178202529201661	0.6178202529201661	0	NM_0	0.1-<1%
AD1_ont	0.012	final_consensus_44_depth_62	62	10359	0.005985133700164108	0.5985133700164108	0	NM_0	0.1-<1%
AD1_ont	0.012	final_consensus_45_depth_61	61	10359	0.0058885992856453325	0.5888599285645333	0	NM_0	0.1-<1%
AD1_ont	0.012	final_consensus_46_depth_61	61	10359	0.0058885992856453325	0.5888599285645333	0	NM_0	0.1-<1%
AD1_ont	0.012	final_consensus_47_depth_60	60	10359	0.005792064871126557	0.5792064871126557	0	NM_0	0.1-<1%
AD1_ont	0.012	final_consensus_48_depth_58	58	10359	0.005598996042089004	0.5598996042089005	0	NM_0	0.1-<1%
AD1_ont	0.012	final_consensus_49_depth_55	55	10359	0.005309392798532677	0.5309392798532677	0	NM_0	0.1-<1%
AD1_ont	0.012	final_consensus_50_depth_55	55	10359	0.005309392798532677	0.5309392798532677	0	NM_0	0.1-<1%
AD1_ont	0.012	final_consensus_51_depth_52	52	10359	0.005019789554976349	0.5019789554976349	0	NM_0	0.1-<1%
AD1_ont	0.012	final_consensus_52_depth_51	51	10359	0.004923255140457573	0.4923255140457573	0	NM_0	0.1-<1%
AD1_ont	0.012	final_consensus_53_depth_51	51	10359	0.004923255140457573	0.4923255140457573	0	NM_0	0.1-<1%
AD1_ont	0.012	final_consensus_54_depth_49	49	10359	0.004730186311420022	0.4730186311420021	0	NM_0	0.1-<1%
AD1_ont	0.012	final_consensus_55_depth_48	48	10359	0.004633651896901245	0.4633651896901245	0	NM_0	0.1-<1%
AD1_ont	0.012	final_consensus_56_depth_45	45	10359	0.004344048653344918	0.43440486533449174	0	NM_0	0.1-<1%
AD1_ont	0.012	final_consensus_57_depth_43	43	10359	0.004150979824307365	0.41509798243073653	0	NM_0	0.1-<1%
AD1_ont	0.012	final_consensus_58_depth_42	42	10359	0.00405444540978859	0.40544454097885896	0	NM_0	0.1-<1%
AD1_ont	0.012	final_consensus_59_depth_41	41	10359	0.003957910995269814	0.3957910995269814	0	NM_0	0.1-<1%
AD1_ont	0.012	final_consensus_60_depth_40	40	10359	0.0038613765807510377	0.38613765807510375	0	NM_0	0.1-<1%
AD1_ont	0.012	final_consensus_61_depth_38	38	10359	0.0036683077517134857	0.3668307751713486	0	NM_0	0.1-<1%
AD1_ont	0.012	final_consensus_62_depth_37	37	10359	0.00357177333719471	0.35717733371947097	0	NM_0	0.1-<1%
AD1_ont	0.012	final_consensus_63_depth_37	37	10359	0.00357177333719471	0.35717733371947097	0	NM_0	0.1-<1%
AD1_ont	0.012	final_consensus_64_depth_37	37	10359	0.00357177333719471	0.35717733371947097	0	NM_0	0.1-<1%
AD1_ont	0.012	final_consensus_65_depth_34	34	10359	0.0032821700936383823	0.3282170093638382	0	NM_0	0.1-<1%
AD1_ont	0.012	final_consensus_66_depth_34	34	10359	0.0032821700936383823	0.3282170093638382	0	NM_0	0.1-<1%
AD1_ont	0.012	final_consensus_67_depth_32	32	10359	0.0030891012646008303	0.30891012646008303	0	NM_0	0.1-<1%
AD1_ont	0.012	final_consensus_68_depth_32	32	10359	0.0030891012646008303	0.30891012646008303	0	NM_0	0.1-<1%
AD1_ont	0.012	final_consensus_69_depth_31	31	10359	0.002992566850082054	0.2992566850082054	0	NM_0	0.1-<1%
AD1_ont	0.012	final_consensus_70_depth_31	31	10359	0.002992566850082054	0.2992566850082054	0	NM_0	0.1-<1%
AD1_ont	0.012	final_consensus_71_depth_30	30	10359	0.0028960324355632784	0.2896032435563278	0	NM_0	0.1-<1%
AD1_ont	0.012	final_consensus_72_depth_30	30	10359	0.0028960324355632784	0.2896032435563278	0	NM_0	0.1-<1%
AD1_ont	0.012	final_consensus_73_depth_28	28	10359	0.0027029636065257264	0.2702963606525726	0	NM_0	0.1-<1%
AD1_ont	0.012	final_consensus_74_depth_28	28	10359	0.0027029636065257264	0.2702963606525726	0	NM_0	0.1-<1%
AD1_ont	0.012	final_consensus_75_depth_28	28	10359	0.0027029636065257264	0.2702963606525726	0	NM_0	0.1-<1%
AD1_ont	0.012	final_consensus_76_depth_26	26	10359	0.0025098947774881745	0.25098947774881747	0	NM_0	0.1-<1%
AD1_ont	0.012	final_consensus_77_depth_26	26	10359	0.0025098947774881745	0.25098947774881747	0	NM_0	0.1-<1%
AD1_ont	0.012	final_consensus_78_depth_26	26	10359	0.0025098947774881745	0.25098947774881747	0	NM_0	0.1-<1%
AD1_ont	0.012	final_consensus_79_depth_23	23	10359	0.0022202915339318468	0.22202915339318466	0	NM_0	0.1-<1%
AD1_ont	0.012	final_consensus_80_depth_23	23	10359	0.0022202915339318468	0.22202915339318466	0	NM_0	0.1-<1%
AD1_ont	0.012	final_consensus_81_depth_22	22	10359	0.0021237571194130706	0.21237571194130708	0	NM_0	0.1-<1%
AD1_ont	0.012	final_consensus_82_depth_22	22	10359	0.0021237571194130706	0.21237571194130708	0	NM_0	0.1-<1%
AD1_ont	0.012	final_consensus_83_depth_21	21	10359	0.002027222704894295	0.20272227048942948	0	NM_0	0.1-<1%
AD1_ont	0.012	final_consensus_84_depth_20	20	10359	0.0019306882903755188	0.19306882903755188	0	NM_0	0.1-<1%
AD1_ont	0.012	final_consensus_85_depth_19	19	10359	0.0018341538758567429	0.1834153875856743	0	NM_0	0.1-<1%
AD1_ont	0.012	final_consensus_86_depth_17	17	10359	0.0016410850468191911	0.1641085046819191	0	NM_0	0.1-<1%
AD1_ont	0.012	final_consensus_87_depth_16	16	10359	0.0015445506323004152	0.15445506323004152	0	NM_0	0.1-<1%
AD1_ont	0.012	final_consensus_88_depth_15	15	10359	0.0014480162177816392	0.1448016217781639	0	NM_0	0.1-<1%
AD1_ont	0.004	final_consensus_0_depth_525	525	2979	0.17623363544813697	17.623363544813696	0	NM_0	>=1%
AD1_ont	0.004	final_consensus_1_depth_278	278	2979	0.09331990600872776	9.331990600872777	0	NM_0	>=1%
AD1_ont	0.004	final_consensus_2_depth_201	201	2979	0.06747230614300101	6.747230614300101	0	NM_0	>=1%
AD1_ont	0.004	final_consensus_3_depth_165	165	2979	0.0553877139979859	5.53877139979859	0	NM_0	>=1%
AD1_ont	0.004	final_consensus_4_depth_142	142	2979	0.04766700234978181	4.76670023497818	0	NM_0	>=1%
AD1_ont	0.004	final_consensus_5_depth_134	134	2979	0.04498153742866734	4.498153742866734	0	NM_0	>=1%
AD1_ont	0.004	final_consensus_6_depth_119	119	2979	0.03994629070157771	3.994629070157771	0	NM_0	>=1%
AD1_ont	0.004	final_consensus_7_depth_100	100	2979	0.03356831151393085	3.356831151393085	0	NM_0	>=1%
AD1_ont	0.004	final_consensus_8_depth_96	96	2979	0.032225579053373615	3.2225579053373616	0	NM_0	>=1%
AD1_ont	0.004	final_consensus_9_depth_79	79	2979	0.026518966096005372	2.651896609600537	0	NM_0	>=1%
AD1_ont	0.004	final_consensus_10_depth_67	67	2979	0.02249076871433367	2.249076871433367	0	NM_0	>=1%
AD1_ont	0.004	final_consensus_11_depth_63	63	2979	0.021148036253776436	2.1148036253776437	0	NM_0	>=1%
AD1_ont	0.004	final_consensus_12_depth_63	63	2979	0.021148036253776436	2.1148036253776437	0	NM_0	>=1%
AD1_ont	0.004	final_consensus_13_depth_59	59	2979	0.019805303793219202	1.98053037932192	0	NM_0	>=1%
AD1_ont	0.004	final_consensus_14_depth_57	57	2979	0.019133937562940583	1.9133937562940584	0	NM_0	>=1%
AD1_ont	0.004	final_consensus_15_depth_49	49	2979	0.016448472641826115	1.6448472641826115	0	NM_0	>=1%
AD1_ont	0.004	final_consensus_16_depth_48	48	2979	0.016112789526686808	1.6112789526686808	0	NM_0	>=1%
AD1_ont	0.004	final_consensus_17_depth_45	45	2979	0.015105740181268883	1.5105740181268883	0	NM_0	>=1%
AD1_ont	0.004	final_consensus_18_depth_45	45	2979	0.015105740181268883	1.5105740181268883	0	NM_0	>=1%
AD1_ont	0.004	final_consensus_19_depth_41	41	2979	0.013763007720711649	1.3763007720711649	0	NM_0	>=1%
AD1_ont	0.004	final_consensus_20_depth_40	40	2979	0.01342732460557234	1.342732460557234	0	NM_0	>=1%
AD1_ont	0.004	final_consensus_21_depth_37	37	2979	0.012420275260154415	1.2420275260154414	0	NM_0	>=1%
AD1_ont	0.004	final_consensus_22_depth_34	34	2979	0.011413225914736489	1.141322591473649	0	NM_0	>=1%
AD1_ont	0.004	final_consensus_23_depth_33	33	2979	0.011077542799597181	1.107754279959718	0	NM_0	>=1%
AD1_ont	0.004	final_consensus_24_depth_32	32	2979	0.010741859684457872	1.0741859684457873	0	NM_0	>=1%
AD1_ont	0.004	final_consensus_25_depth_32	32	2979	0.010741859684457872	1.0741859684457873	0	NM_0	>=1%
AD1_ont	0.004	final_consensus_26_depth_31	31	2979	0.010406176569318564	1.0406176569318564	0	NM_0	>=1%
AD1_ont	0.004	final_consensus_27_depth_29	29	2979	0.009734810339039947	0.9734810339039947	0	NM_0	0.1-<1%
AD1_ont	0.004	final_consensus_28_depth_28	28	2979	0.009399127223900638	0.9399127223900637	0	NM_0	0.1-<1%
AD1_ont	0.004	final_consensus_29_depth_27	27	2979	0.00906344410876133	0.9063444108761329	0	NM_0	0.1-<1%
AD1_ont	0.004	final_consensus_30_depth_26	26	2979	0.00872776099362202	0.8727760993622021	0	NM_0	0.1-<1%
AD1_ont	0.004	final_consensus_31_depth_26	26	2979	0.00872776099362202	0.8727760993622021	0	NM_0	0.1-<1%
AD1_ont	0.004	final_consensus_32_depth_26	26	2979	0.00872776099362202	0.8727760993622021	0	NM_0	0.1-<1%
AD1_ont	0.004	final_consensus_33_depth_25	25	2979	0.008392077878482713	0.8392077878482712	0	NM_0	0.1-<1%
AD1_ont	0.004	final_consensus_34_depth_25	25	2979	0.008392077878482713	0.8392077878482712	0	NM_0	0.1-<1%
AD1_ont	0.004	final_consensus_35_depth_22	22	2979	0.007385028533064787	0.7385028533064787	0	NM_0	0.1-<1%
AD1_ont	0.004	final_consensus_36_depth_22	22	2979	0.007385028533064787	0.7385028533064787	0	NM_0	0.1-<1%
AD1_ont	0.004	final_consensus_37_depth_21	21	2979	0.007049345417925478	0.7049345417925479	0	NM_0	0.1-<1%
AD1_ont	0.004	final_consensus_38_depth_21	21	2979	0.007049345417925478	0.7049345417925479	0	NM_0	0.1-<1%
AD1_ont	0.004	final_consensus_39_depth_19	19	2979	0.006377979187646861	0.6377979187646862	0	NM_0	0.1-<1%
AD1_ont	0.004	final_consensus_40_depth_17	17	2979	0.005706612957368244	0.5706612957368244	0	NM_0	0.1-<1%
AD1_ont	0.004	final_consensus_41_depth_16	16	2979	0.005370929842228936	0.5370929842228936	0	NM_0	0.1-<1%
AD1_ont	0.004	final_consensus_42_depth_14	14	2979	0.004699563611950319	0.46995636119503187	0	NM_0	0.1-<1%
WWTP1_ont	0.111	final_consensus_0_depth_2300	2300	87147	0.026392187912377935	2.6392187912377936	0	NM_0	>=1%
WWTP1_ont	0.111	final_consensus_1_depth_2114	2114	87147	0.024257863150768243	2.425786315076824	0	NM_0	>=1%
WWTP1_ont	0.111	final_consensus_2_depth_1285	1285	87147	0.014745200638002456	1.4745200638002456	0	NM_0	>=1%
WWTP1_ont	0.111	final_consensus_3_depth_1150	1150	87147	0.013196093956188967	1.3196093956188968	0	NM_0	>=1%
WWTP1_ont	0.111	final_consensus_4_depth_1049	1049	87147	0.012037132660906285	1.2037132660906285	0	NM_0	>=1%
WWTP1_ont	0.111	final_consensus_5_depth_948	948	87147	0.010878171365623602	1.0878171365623601	0	NM_0	>=1%
WWTP1_ont	0.111	final_consensus_6_depth_873	873	87147	0.010017556542393885	1.0017556542393886	0	NM_0	>=1%
WWTP1_ont	0.111	final_consensus_7_depth_849	849	87147	0.009742159798960377	0.9742159798960377	0	NM_0	0.1-<1%
WWTP1_ont	0.111	final_consensus_8_depth_845	845	87147	0.009696260341721458	0.9696260341721459	0	NM_0	0.1-<1%
WWTP1_ont	0.111	final_consensus_9_depth_822	822	87147	0.009432338462597679	0.943233846259768	0	NM_0	0.1-<1%
WWTP1_ont	0.111	final_consensus_10_depth_772	772	87147	0.008858595247111203	0.8858595247111203	0	NM_0	0.1-<1%
WWTP1_ont	0.111	final_consensus_11_depth_755	755	87147	0.0086635225538458	0.86635225538458	0	NM_0	0.1-<1%
WWTP1_ont	0.111	final_consensus_12_depth_747	747	87147	0.008571723639367965	0.8571723639367964	0	NM_0	0.1-<1%
WWTP1_ont	0.111	final_consensus_13_depth_715	715	87147	0.008204527981456619	0.820452798145662	0	NM_0	0.1-<1%
WWTP1_ont	0.111	final_consensus_14_depth_683	683	87147	0.007837332323545275	0.7837332323545274	0	NM_0	0.1-<1%
WWTP1_ont	0.111	final_consensus_15_depth_680	680	87147	0.007802907730616085	0.7802907730616085	0	NM_0	0.1-<1%
WWTP1_ont	0.111	final_consensus_16_depth_639	639	87147	0.007332438293917175	0.7332438293917174	0	NM_0	0.1-<1%
WWTP1_ont	0.111	final_consensus_17_depth_634	634	87147	0.007275063972368527	0.7275063972368526	0	NM_0	0.1-<1%
WWTP1_ont	0.111	final_consensus_18_depth_591	591	87147	0.006781644807050157	0.6781644807050157	0	NM_0	0.1-<1%
WWTP1_ont	0.111	final_consensus_19_depth_571	571	87147	0.006552147520855566	0.6552147520855566	0	NM_0	0.1-<1%
WWTP1_ont	0.111	final_consensus_20_depth_566	566	87147	0.006494773199306918	0.6494773199306918	0	NM_0	0.1-<1%
WWTP1_ont	0.111	final_consensus_21_depth_564	564	87147	0.006471823470687459	0.6471823470687459	0	NM_0	0.1-<1%
WWTP1_ont	0.111	final_consensus_22_depth_556	556	87147	0.006380024556209622	0.6380024556209622	0	NM_0	0.1-<1%
WWTP1_ont	0.111	final_consensus_23_depth_555	555	87147	0.0063685496918998935	0.6368549691899893	0	NM_0	0.1-<1%
WWTP1_ont	0.111	final_consensus_24_depth_532	532	87147	0.006104627812776114	0.6104627812776114	0	NM_0	0.1-<1%
WWTP1_ont	0.111	final_consensus_25_depth_522	522	87147	0.005989879169678819	0.5989879169678819	0	NM_0	0.1-<1%
WWTP1_ont	0.111	final_consensus_26_depth_510	510	87147	0.005852180797962064	0.5852180797962064	0	NM_0	0.1-<1%
WWTP1_ont	0.111	final_consensus_27_depth_502	502	87147	0.005760381883484228	0.5760381883484228	0	NM_0	0.1-<1%
WWTP1_ont	0.111	final_consensus_28_depth_492	492	87147	0.005645633240386932	0.5645633240386932	0	NM_0	0.1-<1%
WWTP1_ont	0.111	final_consensus_29_depth_488	488	87147	0.005599733783148014	0.5599733783148014	0	NM_0	0.1-<1%
WWTP1_ont	0.111	final_consensus_30_depth_484	484	87147	0.005553834325909096	0.5553834325909096	0	NM_0	0.1-<1%
WWTP1_ont	0.111	final_consensus_31_depth_474	474	87147	0.005439085682811801	0.5439085682811801	0	NM_0	0.1-<1%
WWTP1_ont	0.111	final_consensus_32_depth_444	444	87147	0.005094839753519914	0.5094839753519914	0	NM_0	0.1-<1%
WWTP1_ont	0.111	final_consensus_33_depth_436	436	87147	0.005003040839042078	0.5003040839042079	0	NM_0	0.1-<1%
WWTP1_ont	0.111	final_consensus_34_depth_422	422	87147	0.004842392738705865	0.48423927387058646	0	NM_0	0.1-<1%
WWTP1_ont	0.111	final_consensus_35_depth_420	420	87147	0.004819443010086405	0.48194430100864055	0	NM_0	0.1-<1%
WWTP1_ont	0.111	final_consensus_36_depth_412	412	87147	0.004727644095608569	0.47276440956085697	0	NM_0	0.1-<1%
WWTP1_ont	0.111	final_consensus_37_depth_410	410	87147	0.004704694366989111	0.47046943669891106	0	NM_0	0.1-<1%
WWTP1_ont	0.111	final_consensus_38_depth_405	405	87147	0.004647320045440463	0.4647320045440463	0	NM_0	0.1-<1%
WWTP1_ont	0.111	final_consensus_39_depth_394	394	87147	0.004521096538033438	0.4521096538033438	0	NM_0	0.1-<1%
WWTP1_ont	0.111	final_consensus_40_depth_393	393	87147	0.004509621673723708	0.4509621673723708	0	NM_0	0.1-<1%
WWTP1_ont	0.111	final_consensus_41_depth_385	385	87147	0.004417822759245872	0.4417822759245872	0	NM_0	0.1-<1%
WWTP1_ont	0.111	final_consensus_42_depth_375	375	87147	0.0043030741161485765	0.43030741161485764	0	NM_0	0.1-<1%
WWTP1_ont	0.111	final_consensus_43_depth_368	368	87147	0.00422275006598047	0.42227500659804695	0	NM_0	0.1-<1%
WWTP1_ont	0.111	final_consensus_44_depth_348	348	87147	0.003993252779785879	0.3993252779785879	0	NM_0	0.1-<1%
WWTP1_ont	0.111	final_consensus_45_depth_345	345	87147	0.00395882818685669	0.39588281868566905	0	NM_0	0.1-<1%
WWTP1_ont	0.111	final_consensus_46_depth_344	344	87147	0.003947353322546961	0.3947353322546961	0	NM_0	0.1-<1%
WWTP1_ont	0.111	final_consensus_47_depth_336	336	87147	0.0038555544080691247	0.38555544080691245	0	NM_0	0.1-<1%
WWTP1_ont	0.111	final_consensus_48_depth_317	317	87147	0.0036375319861842634	0.3637531986184263	0	NM_0	0.1-<1%
WWTP1_ont	0.111	final_consensus_49_depth_314	314	87147	0.0036031073932550747	0.3603107393255075	0	NM_0	0.1-<1%
WWTP1_ont	0.111	final_consensus_50_depth_301	301	87147	0.003453934157228591	0.3453934157228591	0	NM_0	0.1-<1%
WWTP1_ont	0.111	final_consensus_51_depth_301	301	87147	0.003453934157228591	0.3453934157228591	0	NM_0	0.1-<1%
WWTP1_ont	0.111	final_consensus_52_depth_300	300	87147	0.003442459292918861	0.34424592929188613	0	NM_0	0.1-<1%
WWTP1_ont	0.111	final_consensus_53_depth_299	299	87147	0.003430984428609132	0.3430984428609132	0	NM_0	0.1-<1%
WWTP1_ont	0.111	final_consensus_54_depth_298	298	87147	0.003419509564299402	0.3419509564299402	0	NM_0	0.1-<1%
WWTP1_ont	0.111	final_consensus_55_depth_295	295	87147	0.0033850849713702134	0.33850849713702136	0	NM_0	0.1-<1%
WWTP1_ont	0.111	final_consensus_56_depth_281	281	87147	0.003224436871034	0.3224436871034	0	NM_0	0.1-<1%
WWTP1_ont	0.111	final_consensus_57_depth_278	278	87147	0.003190012278104811	0.3190012278104811	0	NM_0	0.1-<1%
WWTP1_ont	0.111	final_consensus_58_depth_277	277	87147	0.003178537413795082	0.31785374137950817	0	NM_0	0.1-<1%
WWTP1_ont	0.111	final_consensus_59_depth_275	275	87147	0.003155587685175623	0.31555876851756226	0	NM_0	0.1-<1%
WWTP1_ont	0.111	final_consensus_60_depth_273	273	87147	0.003132637956556164	0.31326379565561635	0	NM_0	0.1-<1%
WWTP1_ont	0.111	final_consensus_61_depth_270	270	87147	0.003098213363626975	0.3098213363626975	0	NM_0	0.1-<1%
WWTP1_ont	0.111	final_consensus_62_depth_266	266	87147	0.003052313906388057	0.3052313906388057	0	NM_0	0.1-<1%
WWTP1_ont	0.111	final_consensus_63_depth_264	264	87147	0.0030293641777685977	0.3029364177768598	0	NM_0	0.1-<1%
WWTP1_ont	0.111	final_consensus_64_depth_259	259	87147	0.0029719898562199504	0.29719898562199504	0	NM_0	0.1-<1%
WWTP1_ont	0.111	final_consensus_65_depth_256	256	87147	0.0029375652632907616	0.2937565263290762	0	NM_0	0.1-<1%
WWTP1_ont	0.111	final_consensus_66_depth_254	254	87147	0.0029146155346713026	0.29146155346713026	0	NM_0	0.1-<1%
WWTP1_ont	0.111	final_consensus_67_depth_253	253	87147	0.002903140670361573	0.2903140670361573	0	NM_0	0.1-<1%
WWTP1_ont	0.111	final_consensus_68_depth_252	252	87147	0.0028916658060518436	0.28916658060518435	0	NM_0	0.1-<1%
WWTP1_ont	0.111	final_consensus_69_depth_248	248	87147	0.002845766348812925	0.28457663488129253	0	NM_0	0.1-<1%
WWTP1_ont	0.111	final_consensus_70_depth_247	247	87147	0.002834291484503196	0.2834291484503196	0	NM_0	0.1-<1%
WWTP1_ont	0.111	final_consensus_71_depth_242	242	87147	0.002776917162954548	0.2776917162954548	0	NM_0	0.1-<1%
WWTP1_ont	0.111	final_consensus_72_depth_241	241	87147	0.0027654422986448184	0.27654422986448185	0	NM_0	0.1-<1%
WWTP1_ont	0.111	final_consensus_73_depth_240	240	87147	0.002753967434335089	0.2753967434335089	0	NM_0	0.1-<1%
WWTP1_ont	0.111	final_consensus_74_depth_239	239	87147	0.0027424925700253594	0.27424925700253594	0	NM_0	0.1-<1%
WWTP1_ont	0.111	final_consensus_75_depth_237	237	87147	0.0027195428414059004	0.27195428414059003	0	NM_0	0.1-<1%
WWTP1_ont	0.111	final_consensus_76_depth_236	236	87147	0.0027080679770961707	0.2708067977096171	0	NM_0	0.1-<1%
WWTP1_ont	0.111	final_consensus_77_depth_235	235	87147	0.0026965931127864414	0.2696593112786441	0	NM_0	0.1-<1%
WWTP1_ont	0.111	final_consensus_78_depth_232	232	87147	0.0026621685198572526	0.26621685198572526	0	NM_0	0.1-<1%
WWTP1_ont	0.111	final_consensus_79_depth_232	232	87147	0.0026621685198572526	0.26621685198572526	0	NM_0	0.1-<1%
WWTP1_ont	0.111	final_consensus_80_depth_231	231	87147	0.0026506936555475234	0.2650693655547523	0	NM_0	0.1-<1%
WWTP1_ont	0.111	final_consensus_81_depth_231	231	87147	0.0026506936555475234	0.2650693655547523	0	NM_0	0.1-<1%
WWTP1_ont	0.111	final_consensus_82_depth_229	229	87147	0.002627743926928064	0.2627743926928064	0	NM_0	0.1-<1%
WWTP1_ont	0.111	final_consensus_83_depth_226	226	87147	0.0025933193339988756	0.2593319333998875	0	NM_0	0.1-<1%
WWTP1_ont	0.111	final_consensus_84_depth_225	225	87147	0.002581844469689146	0.25818444696891457	0	NM_0	0.1-<1%
WWTP1_ont	0.111	final_consensus_85_depth_224	224	87147	0.0025703696053794166	0.2570369605379416	0	NM_0	0.1-<1%
WWTP1_ont	0.111	final_consensus_86_depth_219	219	87147	0.002512995283830769	0.2512995283830769	0	NM_0	0.1-<1%
WWTP1_ont	0.111	final_consensus_87_depth_216	216	87147	0.00247857069090158	0.247857069090158	0	NM_0	0.1-<1%
WWTP1_ont	0.111	final_consensus_88_depth_216	216	87147	0.00247857069090158	0.247857069090158	0	NM_0	0.1-<1%
WWTP1_ont	0.111	final_consensus_89_depth_213	213	87147	0.0024441460979723914	0.24441460979723914	0	NM_0	0.1-<1%
WWTP1_ont	0.111	final_consensus_90_depth_212	212	87147	0.002432671233662662	0.24326712336626619	0	NM_0	0.1-<1%
WWTP1_ont	0.111	final_consensus_91_depth_210	210	87147	0.0024097215050432027	0.24097215050432028	0	NM_0	0.1-<1%
WWTP1_ont	0.111	final_consensus_92_depth_210	210	87147	0.0024097215050432027	0.24097215050432028	0	NM_0	0.1-<1%
WWTP1_ont	0.111	final_consensus_93_depth_203	203	87147	0.002329397454875096	0.23293974548750962	0	NM_0	0.1-<1%
WWTP1_ont	0.111	final_consensus_94_depth_203	203	87147	0.002329397454875096	0.23293974548750962	0	NM_0	0.1-<1%
WWTP1_ont	0.111	final_consensus_95_depth_202	202	87147	0.0023179225905653666	0.23179225905653666	0	NM_0	0.1-<1%
WWTP1_ont	0.111	final_consensus_96_depth_201	201	87147	0.002306447726255637	0.2306447726255637	0	NM_0	0.1-<1%
WWTP1_ont	0.111	final_consensus_97_depth_201	201	87147	0.002306447726255637	0.2306447726255637	0	NM_0	0.1-<1%
WWTP1_ont	0.111	final_consensus_98_depth_198	198	87147	0.0022720231333264486	0.22720231333264485	0	NM_0	0.1-<1%
WWTP1_ont	0.111	final_consensus_99_depth_196	196	87147	0.002249073404706989	0.22490734047069894	0	NM_0	0.1-<1%
WWTP1_ont	0.111	final_consensus_100_depth_193	193	87147	0.002214648811777801	0.22146488117778007	0	NM_0	0.1-<1%
WWTP1_ont	0.111	final_consensus_101_depth_193	193	87147	0.002214648811777801	0.22146488117778007	0	NM_0	0.1-<1%
WWTP1_ont	0.111	final_consensus_102_depth_193	193	87147	0.002214648811777801	0.22146488117778007	0	NM_0	0.1-<1%
WWTP1_ont	0.111	final_consensus_103_depth_193	193	87147	0.002214648811777801	0.22146488117778007	0	NM_0	0.1-<1%
WWTP1_ont	0.111	final_consensus_104_depth_191	191	87147	0.002191699083158342	0.21916990831583416	0	NM_0	0.1-<1%
WWTP1_ont	0.111	final_consensus_105_depth_190	190	87147	0.002180224218848612	0.2180224218848612	1	NM_1	0.1-<1%
WWTP1_ont	0.111	final_consensus_106_depth_189	189	87147	0.0021687493545388824	0.21687493545388825	0	NM_0	0.1-<1%
WWTP1_ont	0.111	final_consensus_107_depth_188	188	87147	0.002157274490229153	0.2157274490229153	0	NM_0	0.1-<1%
WWTP1_ont	0.111	final_consensus_108_depth_186	186	87147	0.002134324761609694	0.2134324761609694	0	NM_0	0.1-<1%
WWTP1_ont	0.111	final_consensus_109_depth_181	181	87147	0.0020769504400610463	0.20769504400610464	0	NM_0	0.1-<1%
WWTP1_ont	0.111	final_consensus_110_depth_180	180	87147	0.0020654755757513166	0.20654755757513169	0	NM_0	0.1-<1%
WWTP1_ont	0.111	final_consensus_111_depth_178	178	87147	0.0020425258471318576	0.20425258471318578	0	NM_0	0.1-<1%
WWTP1_ont	0.111	final_consensus_112_depth_177	177	87147	0.0020310509828221283	0.20310509828221282	0	NM_0	0.1-<1%
WWTP1_ont	0.111	final_consensus_113_depth_177	177	87147	0.0020310509828221283	0.20310509828221282	0	NM_0	0.1-<1%
WWTP1_ont	0.111	final_consensus_114_depth_176	176	87147	0.0020195761185123986	0.20195761185123987	0	NM_0	0.1-<1%
WWTP1_ont	0.111	final_consensus_115_depth_175	175	87147	0.002008101254202669	0.2008101254202669	0	NM_0	0.1-<1%
WWTP1_ont	0.111	final_consensus_116_depth_172	172	87147	0.0019736766612734806	0.19736766612734805	0	NM_0	0.1-<1%
WWTP1_ont	0.111	final_consensus_117_depth_171	171	87147	0.001962201796963751	0.1962201796963751	0	NM_0	0.1-<1%
WWTP1_ont	0.111	final_consensus_118_depth_170	170	87147	0.0019507269326540214	0.19507269326540214	0	NM_0	0.1-<1%
WWTP1_ont	0.111	final_consensus_119_depth_170	170	87147	0.0019507269326540214	0.19507269326540214	0	NM_0	0.1-<1%
WWTP1_ont	0.111	final_consensus_120_depth_168	168	87147	0.0019277772040345623	0.19277772040345623	0	NM_0	0.1-<1%
WWTP1_ont	0.111	final_consensus_121_depth_168	168	87147	0.0019277772040345623	0.19277772040345623	0	NM_0	0.1-<1%
WWTP1_ont	0.111	final_consensus_122_depth_165	165	87147	0.0018933526111053736	0.18933526111053736	0	NM_0	0.1-<1%
WWTP1_ont	0.111	final_consensus_123_depth_164	164	87147	0.001881877746795644	0.1881877746795644	0	NM_0	0.1-<1%
WWTP1_ont	0.111	final_consensus_124_depth_163	163	87147	0.0018704028824859146	0.18704028824859145	0	NM_0	0.1-<1%
WWTP1_ont	0.111	final_consensus_125_depth_163	163	87147	0.0018704028824859146	0.18704028824859145	0	NM_0	0.1-<1%
WWTP1_ont	0.111	final_consensus_126_depth_157	157	87147	0.0018015536966275373	0.18015536966275375	0	NM_0	0.1-<1%
WWTP1_ont	0.111	final_consensus_127_depth_157	157	87147	0.0018015536966275373	0.18015536966275375	0	NM_0	0.1-<1%
WWTP1_ont	0.111	final_consensus_128_depth_156	156	87147	0.0017900788323178078	0.1790078832317808	0	NM_0	0.1-<1%
WWTP1_ont	0.111	final_consensus_129_depth_155	155	87147	0.0017786039680080783	0.17786039680080784	0	NM_0	0.1-<1%
WWTP1_ont	0.111	final_consensus_130_depth_154	154	87147	0.0017671291036983488	0.17671291036983489	0	NM_0	0.1-<1%
WWTP1_ont	0.111	final_consensus_131_depth_154	154	87147	0.0017671291036983488	0.17671291036983489	0	NM_0	0.1-<1%
WWTP1_ont	0.111	final_consensus_132_depth_152	152	87147	0.0017441793750788896	0.17441793750788898	0	NM_0	0.1-<1%
WWTP1_ont	0.111	final_consensus_133_depth_150	150	87147	0.0017212296464594306	0.17212296464594307	0	NM_0	0.1-<1%
WWTP1_ont	0.111	final_consensus_134_depth_148	148	87147	0.0016982799178399716	0.16982799178399716	0	NM_0	0.1-<1%
WWTP1_ont	0.111	final_consensus_135_depth_147	147	87147	0.001686805053530242	0.1686805053530242	0	NM_0	0.1-<1%
WWTP1_ont	0.111	final_consensus_136_depth_146	146	87147	0.0016753301892205126	0.16753301892205125	0	NM_0	0.1-<1%
WWTP1_ont	0.111	final_consensus_137_depth_146	146	87147	0.0016753301892205126	0.16753301892205125	0	NM_0	0.1-<1%
WWTP1_ont	0.111	final_consensus_138_depth_145	145	87147	0.0016638553249107828	0.1663855324910783	0	NM_0	0.1-<1%
WWTP1_ont	0.111	final_consensus_139_depth_144	144	87147	0.0016523804606010533	0.16523804606010534	0	NM_0	0.1-<1%
WWTP1_ont	0.111	final_consensus_140_depth_143	143	87147	0.0016409055962913238	0.16409055962913238	0	NM_0	0.1-<1%
WWTP1_ont	0.111	final_consensus_141_depth_142	142	87147	0.0016294307319815943	0.16294307319815943	0	NM_0	0.1-<1%
WWTP1_ont	0.111	final_consensus_142_depth_142	142	87147	0.0016294307319815943	0.16294307319815943	0	NM_0	0.1-<1%
WWTP1_ont	0.111	final_consensus_143_depth_141	141	87147	0.0016179558676718648	0.16179558676718647	0	NM_0	0.1-<1%
WWTP1_ont	0.111	final_consensus_144_depth_139	139	87147	0.0015950061390524056	0.15950061390524056	0	NM_0	0.1-<1%
WWTP1_ont	0.111	final_consensus_145_depth_139	139	87147	0.0015950061390524056	0.15950061390524056	0	NM_0	0.1-<1%
WWTP1_ont	0.111	final_consensus_146_depth_138	138	87147	0.001583531274742676	0.1583531274742676	0	NM_0	0.1-<1%
WWTP1_ont	0.111	final_consensus_147_depth_137	137	87147	0.0015720564104329466	0.15720564104329465	0	NM_0	0.1-<1%
WWTP1_ont	0.111	final_consensus_148_depth_137	137	87147	0.0015720564104329466	0.15720564104329465	0	NM_0	0.1-<1%
WWTP1_ont	0.111	final_consensus_149_depth_136	136	87147	0.001560581546123217	0.1560581546123217	0	NM_0	0.1-<1%
WWTP1_ont	0.111	final_consensus_150_depth_136	136	87147	0.001560581546123217	0.1560581546123217	0	NM_0	0.1-<1%
WWTP1_ont	0.111	final_consensus_151_depth_135	135	87147	0.0015491066818134876	0.15491066818134874	0	NM_0	0.1-<1%
WWTP1_ont	0.111	final_consensus_152_depth_134	134	87147	0.001537631817503758	0.1537631817503758	0	NM_0	0.1-<1%
WWTP1_ont	0.111	final_consensus_153_depth_134	134	87147	0.001537631817503758	0.1537631817503758	0	NM_0	0.1-<1%
WWTP1_ont	0.111	final_consensus_154_depth_134	134	87147	0.001537631817503758	0.1537631817503758	0	NM_0	0.1-<1%
WWTP1_ont	0.111	final_consensus_155_depth_133	133	87147	0.0015261569531940286	0.15261569531940286	0	NM_0	0.1-<1%
WWTP1_ont	0.111	final_consensus_156_depth_133	133	87147	0.0015261569531940286	0.15261569531940286	0	NM_0	0.1-<1%
WWTP1_ont	0.111	final_consensus_157_depth_131	131	87147	0.0015032072245745693	0.15032072245745695	0	NM_0	0.1-<1%
WWTP1_ont	0.111	final_consensus_158_depth_131	131	87147	0.0015032072245745693	0.15032072245745695	0	NM_0	0.1-<1%
WWTP1_ont	0.111	final_consensus_159_depth_130	130	87147	0.0014917323602648398	0.149173236026484	0	NM_0	0.1-<1%
WWTP1_ont	0.111	final_consensus_160_depth_129	129	87147	0.0014802574959551103	0.14802574959551104	0	NM_0	0.1-<1%
WWTP1_ont	0.111	final_consensus_161_depth_129	129	87147	0.0014802574959551103	0.14802574959551104	0	NM_0	0.1-<1%
WWTP1_ont	0.111	final_consensus_162_depth_128	128	87147	0.0014687826316453808	0.1468782631645381	0	NM_0	0.1-<1%
WWTP1_ont	0.111	final_consensus_163_depth_128	128	87147	0.0014687826316453808	0.1468782631645381	0	NM_0	0.1-<1%
WWTP1_ont	0.111	final_consensus_164_depth_128	128	87147	0.0014687826316453808	0.1468782631645381	0	NM_0	0.1-<1%
WWTP1_ont	0.111	final_consensus_165_depth_128	128	87147	0.0014687826316453808	0.1468782631645381	0	NM_0	0.1-<1%
WWTP1_ont	0.111	final_consensus_166_depth_124	124	87147	0.0014228831744064626	0.14228831744064627	0	NM_0	0.1-<1%
WWTP1_ont	0.111	final_consensus_167_depth_122	122	87147	0.0013999334457870036	0.13999334457870036	0	NM_0	0.1-<1%
WWTP1_ont	0.111	final_consensus_168_depth_122	122	87147	0.0013999334457870036	0.13999334457870036	0	NM_0	0.1-<1%
WWTP1_ont	0.111	final_consensus_169_depth_121	121	87147	0.001388458581477274	0.1388458581477274	0	NM_0	0.1-<1%
WWTP1_ont	0.111	final_consensus_170_depth_121	121	87147	0.001388458581477274	0.1388458581477274	0	NM_0	0.1-<1%
WWTP1_ont	0.111	final_consensus_171_depth_121	121	87147	0.001388458581477274	0.1388458581477274	0	NM_0	0.1-<1%
WWTP1_ont	0.111	final_consensus_172_depth_120	120	87147	0.0013769837171675446	0.13769837171675445	0	NM_0	0.1-<1%
WWTP1_ont	0.111	final_consensus_173_depth_120	120	87147	0.0013769837171675446	0.13769837171675445	0	NM_0	0.1-<1%
WWTP1_ont	0.111	final_consensus_174_depth_119	119	87147	0.001365508852857815	0.1365508852857815	11	NM_ge_2	0.1-<1%
WWTP1_ont	0.111	final_consensus_175_depth_119	119	87147	0.001365508852857815	0.1365508852857815	0	NM_0	0.1-<1%
WWTP1_ont	0.111	final_consensus_176_depth_119	119	87147	0.001365508852857815	0.1365508852857815	0	NM_0	0.1-<1%
WWTP1_ont	0.111	final_consensus_177_depth_118	118	87147	0.0013540339885480853	0.13540339885480854	0	NM_0	0.1-<1%
WWTP1_ont	0.111	final_consensus_178_depth_117	117	87147	0.0013425591242383558	0.13425591242383558	0	NM_0	0.1-<1%
WWTP1_ont	0.111	final_consensus_179_depth_116	116	87147	0.0013310842599286263	0.13310842599286263	0	NM_0	0.1-<1%
WWTP1_ont	0.111	final_consensus_180_depth_115	115	87147	0.0013196093956188968	0.13196093956188967	0	NM_0	0.1-<1%
WWTP1_ont	0.111	final_consensus_181_depth_115	115	87147	0.0013196093956188968	0.13196093956188967	0	NM_0	0.1-<1%
WWTP1_ont	0.111	final_consensus_182_depth_114	114	87147	0.0013081345313091673	0.13081345313091672	0	NM_0	0.1-<1%
WWTP1_ont	0.111	final_consensus_183_depth_114	114	87147	0.0013081345313091673	0.13081345313091672	0	NM_0	0.1-<1%
WWTP1_ont	0.111	final_consensus_184_depth_114	114	87147	0.0013081345313091673	0.13081345313091672	0	NM_0	0.1-<1%
WWTP1_ont	0.111	final_consensus_185_depth_114	114	87147	0.0013081345313091673	0.13081345313091672	0	NM_0	0.1-<1%
WWTP1_ont	0.111	final_consensus_186_depth_112	112	87147	0.0012851848026897083	0.1285184802689708	0	NM_0	0.1-<1%
WWTP1_ont	0.111	final_consensus_187_depth_112	112	87147	0.0012851848026897083	0.1285184802689708	0	NM_0	0.1-<1%
WWTP1_ont	0.111	final_consensus_188_depth_112	112	87147	0.0012851848026897083	0.1285184802689708	0	NM_0	0.1-<1%
WWTP1_ont	0.111	final_consensus_189_depth_111	111	87147	0.0012737099383799786	0.12737099383799785	0	NM_0	0.1-<1%
WWTP1_ont	0.111	final_consensus_190_depth_111	111	87147	0.0012737099383799786	0.12737099383799785	0	NM_0	0.1-<1%
WWTP1_ont	0.111	final_consensus_191_depth_111	111	87147	0.0012737099383799786	0.12737099383799785	0	NM_0	0.1-<1%
WWTP1_ont	0.111	final_consensus_192_depth_110	110	87147	0.001262235074070249	0.1262235074070249	0	NM_0	0.1-<1%
WWTP1_ont	0.111	final_consensus_193_depth_110	110	87147	0.001262235074070249	0.1262235074070249	0	NM_0	0.1-<1%
WWTP1_ont	0.111	final_consensus_194_depth_110	110	87147	0.001262235074070249	0.1262235074070249	1	NM_1	0.1-<1%
WWTP1_ont	0.111	final_consensus_195_depth_109	109	87147	0.0012507602097605196	0.12507602097605197	0	NM_0	0.1-<1%
WWTP1_ont	0.111	final_consensus_196_depth_109	109	87147	0.0012507602097605196	0.12507602097605197	0	NM_0	0.1-<1%
WWTP1_ont	0.111	final_consensus_197_depth_108	108	87147	0.00123928534545079	0.123928534545079	0	NM_0	0.1-<1%
WWTP1_ont	0.111	final_consensus_198_depth_107	107	87147	0.0012278104811410606	0.12278104811410605	0	NM_0	0.1-<1%
WWTP1_ont	0.111	final_consensus_199_depth_107	107	87147	0.0012278104811410606	0.12278104811410605	0	NM_0	0.1-<1%
WWTP1_ont	0.111	final_consensus_200_depth_107	107	87147	0.0012278104811410606	0.12278104811410605	0	NM_0	0.1-<1%
WWTP1_ont	0.111	final_consensus_201_depth_106	106	87147	0.001216335616831331	0.12163356168313309	0	NM_0	0.1-<1%
WWTP1_ont	0.111	final_consensus_202_depth_105	105	87147	0.0012048607525216013	0.12048607525216014	0	NM_0	0.1-<1%
WWTP1_ont	0.111	final_consensus_203_depth_105	105	87147	0.0012048607525216013	0.12048607525216014	0	NM_0	0.1-<1%
WWTP1_ont	0.111	final_consensus_204_depth_104	104	87147	0.0011933858882118718	0.11933858882118718	0	NM_0	0.1-<1%
WWTP1_ont	0.111	final_consensus_205_depth_104	104	87147	0.0011933858882118718	0.11933858882118718	0	NM_0	0.1-<1%
WWTP1_ont	0.111	final_consensus_206_depth_104	104	87147	0.0011933858882118718	0.11933858882118718	0	NM_0	0.1-<1%
WWTP1_ont	0.111	final_consensus_207_depth_103	103	87147	0.0011819110239021423	0.11819110239021424	0	NM_0	0.1-<1%
WWTP1_ont	0.111	final_consensus_208_depth_103	103	87147	0.0011819110239021423	0.11819110239021424	0	NM_0	0.1-<1%
WWTP1_ont	0.111	final_consensus_209_depth_102	102	87147	0.0011704361595924128	0.11704361595924129	0	NM_0	0.1-<1%
WWTP1_ont	0.111	final_consensus_210_depth_102	102	87147	0.0011704361595924128	0.11704361595924129	0	NM_0	0.1-<1%
WWTP1_ont	0.111	final_consensus_211_depth_101	101	87147	0.0011589612952826833	0.11589612952826833	0	NM_0	0.1-<1%
WWTP1_ont	0.111	final_consensus_212_depth_101	101	87147	0.0011589612952826833	0.11589612952826833	0	NM_0	0.1-<1%
WWTP1_ont	0.111	final_consensus_213_depth_100	100	87147	0.0011474864309729538	0.11474864309729538	0	NM_0	0.1-<1%
WWTP1_ont	0.111	final_consensus_214_depth_100	100	87147	0.0011474864309729538	0.11474864309729538	0	NM_0	0.1-<1%
WWTP1_ont	0.111	final_consensus_215_depth_99	99	87147	0.0011360115666632243	0.11360115666632242	0	NM_0	0.1-<1%
WWTP1_ont	0.111	final_consensus_216_depth_99	99	87147	0.0011360115666632243	0.11360115666632242	0	NM_0	0.1-<1%
WWTP1_ont	0.111	final_consensus_217_depth_99	99	87147	0.0011360115666632243	0.11360115666632242	0	NM_0	0.1-<1%
WWTP1_ont	0.111	final_consensus_218_depth_98	98	87147	0.0011245367023534946	0.11245367023534947	0	NM_0	0.1-<1%
WWTP1_ont	0.111	final_consensus_219_depth_97	97	87147	0.001113061838043765	0.11130618380437651	0	NM_0	0.1-<1%
WWTP1_ont	0.111	final_consensus_220_depth_96	96	87147	0.0011015869737340356	0.11015869737340356	0	NM_0	0.1-<1%
WWTP1_ont	0.111	final_consensus_221_depth_96	96	87147	0.0011015869737340356	0.11015869737340356	0	NM_0	0.1-<1%
WWTP1_ont	0.111	final_consensus_222_depth_96	96	87147	0.0011015869737340356	0.11015869737340356	0	NM_0	0.1-<1%
WWTP1_ont	0.111	final_consensus_223_depth_94	94	87147	0.0010786372451145766	0.10786372451145765	0	NM_0	0.1-<1%
WWTP1_ont	0.111	final_consensus_224_depth_94	94	87147	0.0010786372451145766	0.10786372451145765	0	NM_0	0.1-<1%
WWTP1_ont	0.111	final_consensus_225_depth_94	94	87147	0.0010786372451145766	0.10786372451145765	0	NM_0	0.1-<1%
WWTP1_ont	0.111	final_consensus_226_depth_93	93	87147	0.001067162380804847	0.1067162380804847	0	NM_0	0.1-<1%
WWTP1_ont	0.111	final_consensus_227_depth_93	93	87147	0.001067162380804847	0.1067162380804847	0	NM_0	0.1-<1%
WWTP1_ont	0.111	final_consensus_228_depth_92	92	87147	0.0010556875164951175	0.10556875164951174	0	NM_0	0.1-<1%
WWTP1_ont	0.111	final_consensus_229_depth_92	92	87147	0.0010556875164951175	0.10556875164951174	0	NM_0	0.1-<1%
WWTP1_ont	0.111	final_consensus_230_depth_92	92	87147	0.0010556875164951175	0.10556875164951174	0	NM_0	0.1-<1%
WWTP1_ont	0.111	final_consensus_231_depth_91	91	87147	0.0010442126521853878	0.1044212652185388	0	NM_0	0.1-<1%
WWTP1_ont	0.111	final_consensus_232_depth_91	91	87147	0.0010442126521853878	0.1044212652185388	0	NM_0	0.1-<1%
WWTP1_ont	0.111	final_consensus_233_depth_91	91	87147	0.0010442126521853878	0.1044212652185388	0	NM_0	0.1-<1%
WWTP1_ont	0.111	final_consensus_234_depth_91	91	87147	0.0010442126521853878	0.1044212652185388	0	NM_0	0.1-<1%
WWTP1_ont	0.111	final_consensus_235_depth_91	91	87147	0.0010442126521853878	0.1044212652185388	0	NM_0	0.1-<1%
WWTP1_ont	0.111	final_consensus_236_depth_91	91	87147	0.0010442126521853878	0.1044212652185388	0	NM_0	0.1-<1%
WWTP1_ont	0.111	final_consensus_237_depth_90	90	87147	0.0010327377878756583	0.10327377878756584	0	NM_0	0.1-<1%
WWTP1_ont	0.111	final_consensus_238_depth_90	90	87147	0.0010327377878756583	0.10327377878756584	0	NM_0	0.1-<1%
WWTP1_ont	0.111	final_consensus_239_depth_90	90	87147	0.0010327377878756583	0.10327377878756584	0	NM_0	0.1-<1%
WWTP1_ont	0.111	final_consensus_240_depth_89	89	87147	0.0010212629235659288	0.10212629235659289	0	NM_0	0.1-<1%
WWTP1_ont	0.111	final_consensus_241_depth_89	89	87147	0.0010212629235659288	0.10212629235659289	0	NM_0	0.1-<1%
WWTP1_ont	0.111	final_consensus_242_depth_89	89	87147	0.0010212629235659288	0.10212629235659289	0	NM_0	0.1-<1%
WWTP1_ont	0.111	final_consensus_243_depth_88	88	87147	0.0010097880592561993	0.10097880592561993	0	NM_0	0.1-<1%
WWTP1_ont	0.111	final_consensus_244_depth_88	88	87147	0.0010097880592561993	0.10097880592561993	0	NM_0	0.1-<1%
WWTP1_ont	0.111	final_consensus_245_depth_88	88	87147	0.0010097880592561993	0.10097880592561993	0	NM_0	0.1-<1%
WWTP1_ont	0.111	final_consensus_246_depth_87	87	87147	0.0009983131949464698	0.09983131949464698	0	NM_0	0.05-<0.1%
WWTP1_ont	0.111	final_consensus_247_depth_86	86	87147	0.0009868383306367403	0.09868383306367402	0	NM_0	0.05-<0.1%
WWTP1_ont	0.111	final_consensus_248_depth_85	85	87147	0.0009753634663270107	0.09753634663270107	0	NM_0	0.05-<0.1%
WWTP1_ont	0.111	final_consensus_249_depth_85	85	87147	0.0009753634663270107	0.09753634663270107	0	NM_0	0.05-<0.1%
WWTP1_ont	0.111	final_consensus_250_depth_85	85	87147	0.0009753634663270107	0.09753634663270107	0	NM_0	0.05-<0.1%
WWTP1_ont	0.111	final_consensus_251_depth_85	85	87147	0.0009753634663270107	0.09753634663270107	0	NM_0	0.05-<0.1%
WWTP1_ont	0.111	final_consensus_252_depth_84	84	87147	0.0009638886020172812	0.09638886020172811	0	NM_0	0.05-<0.1%
WWTP1_ont	0.111	final_consensus_253_depth_84	84	87147	0.0009638886020172812	0.09638886020172811	0	NM_0	0.05-<0.1%
WWTP1_ont	0.111	final_consensus_254_depth_84	84	87147	0.0009638886020172812	0.09638886020172811	0	NM_0	0.05-<0.1%
WWTP1_ont	0.111	final_consensus_255_depth_84	84	87147	0.0009638886020172812	0.09638886020172811	0	NM_0	0.05-<0.1%
WWTP1_ont	0.111	final_consensus_256_depth_84	84	87147	0.0009638886020172812	0.09638886020172811	0	NM_0	0.05-<0.1%
WWTP1_ont	0.111	final_consensus_257_depth_83	83	87147	0.0009524137377075516	0.09524137377075516	0	NM_0	0.05-<0.1%
WWTP1_ont	0.111	final_consensus_258_depth_82	82	87147	0.000940938873397822	0.0940938873397822	0	NM_0	0.05-<0.1%
WWTP1_ont	0.111	final_consensus_259_depth_82	82	87147	0.000940938873397822	0.0940938873397822	0	NM_0	0.05-<0.1%
WWTP1_ont	0.111	final_consensus_260_depth_81	81	87147	0.0009294640090880925	0.09294640090880925	0	NM_0	0.05-<0.1%
WWTP1_ont	0.111	final_consensus_261_depth_81	81	87147	0.0009294640090880925	0.09294640090880925	0	NM_0	0.05-<0.1%
WWTP1_ont	0.111	final_consensus_262_depth_80	80	87147	0.000917989144778363	0.0917989144778363	0	NM_0	0.05-<0.1%
WWTP1_ont	0.111	final_consensus_263_depth_80	80	87147	0.000917989144778363	0.0917989144778363	0	NM_0	0.05-<0.1%
WWTP1_ont	0.111	final_consensus_264_depth_80	80	87147	0.000917989144778363	0.0917989144778363	0	NM_0	0.05-<0.1%
WWTP1_ont	0.111	final_consensus_265_depth_80	80	87147	0.000917989144778363	0.0917989144778363	33	NM_ge_2	0.05-<0.1%
WWTP1_ont	0.111	final_consensus_266_depth_80	80	87147	0.000917989144778363	0.0917989144778363	0	NM_0	0.05-<0.1%
WWTP1_ont	0.111	final_consensus_267_depth_79	79	87147	0.0009065142804686334	0.09065142804686335	0	NM_0	0.05-<0.1%
WWTP1_ont	0.111	final_consensus_268_depth_79	79	87147	0.0009065142804686334	0.09065142804686335	0	NM_0	0.05-<0.1%
WWTP1_ont	0.111	final_consensus_269_depth_79	79	87147	0.0009065142804686334	0.09065142804686335	0	NM_0	0.05-<0.1%
WWTP1_ont	0.111	final_consensus_270_depth_79	79	87147	0.0009065142804686334	0.09065142804686335	1	NM_1	0.05-<0.1%
WWTP1_ont	0.111	final_consensus_271_depth_79	79	87147	0.0009065142804686334	0.09065142804686335	0	NM_0	0.05-<0.1%
WWTP1_ont	0.111	final_consensus_272_depth_79	79	87147	0.0009065142804686334	0.09065142804686335	0	NM_0	0.05-<0.1%
WWTP1_ont	0.111	final_consensus_273_depth_78	78	87147	0.0008950394161589039	0.0895039416158904	0	NM_0	0.05-<0.1%
WWTP1_ont	0.111	final_consensus_274_depth_78	78	87147	0.0008950394161589039	0.0895039416158904	0	NM_0	0.05-<0.1%
WWTP1_ont	0.111	final_consensus_275_depth_78	78	87147	0.0008950394161589039	0.0895039416158904	0	NM_0	0.05-<0.1%
WWTP1_ont	0.111	final_consensus_276_depth_78	78	87147	0.0008950394161589039	0.0895039416158904	0	NM_0	0.05-<0.1%
WWTP1_ont	0.111	final_consensus_277_depth_78	78	87147	0.0008950394161589039	0.0895039416158904	0	NM_0	0.05-<0.1%
WWTP1_ont	0.111	final_consensus_278_depth_78	78	87147	0.0008950394161589039	0.0895039416158904	0	NM_0	0.05-<0.1%
WWTP1_ont	0.111	final_consensus_279_depth_78	78	87147	0.0008950394161589039	0.0895039416158904	0	NM_0	0.05-<0.1%
WWTP1_ont	0.111	final_consensus_280_depth_77	77	87147	0.0008835645518491744	0.08835645518491744	0	NM_0	0.05-<0.1%
WWTP1_ont	0.111	final_consensus_281_depth_77	77	87147	0.0008835645518491744	0.08835645518491744	0	NM_0	0.05-<0.1%
WWTP1_ont	0.111	final_consensus_282_depth_77	77	87147	0.0008835645518491744	0.08835645518491744	0	NM_0	0.05-<0.1%
WWTP1_ont	0.111	final_consensus_283_depth_76	76	87147	0.0008720896875394448	0.08720896875394449	0	NM_0	0.05-<0.1%
WWTP1_ont	0.111	final_consensus_284_depth_76	76	87147	0.0008720896875394448	0.08720896875394449	0	NM_0	0.05-<0.1%
WWTP1_ont	0.111	final_consensus_285_depth_76	76	87147	0.0008720896875394448	0.08720896875394449	0	NM_0	0.05-<0.1%
WWTP1_ont	0.111	final_consensus_286_depth_76	76	87147	0.0008720896875394448	0.08720896875394449	0	NM_0	0.05-<0.1%
WWTP1_ont	0.111	final_consensus_287_depth_76	76	87147	0.0008720896875394448	0.08720896875394449	0	NM_0	0.05-<0.1%
WWTP1_ont	0.111	final_consensus_288_depth_76	76	87147	0.0008720896875394448	0.08720896875394449	0	NM_0	0.05-<0.1%
WWTP1_ont	0.111	final_consensus_289_depth_76	76	87147	0.0008720896875394448	0.08720896875394449	0	NM_0	0.05-<0.1%
WWTP1_ont	0.111	final_consensus_290_depth_75	75	87147	0.0008606148232297153	0.08606148232297153	0	NM_0	0.05-<0.1%
WWTP1_ont	0.111	final_consensus_291_depth_75	75	87147	0.0008606148232297153	0.08606148232297153	0	NM_0	0.05-<0.1%
WWTP1_ont	0.111	final_consensus_292_depth_75	75	87147	0.0008606148232297153	0.08606148232297153	0	NM_0	0.05-<0.1%
WWTP1_ont	0.111	final_consensus_293_depth_75	75	87147	0.0008606148232297153	0.08606148232297153	0	NM_0	0.05-<0.1%
WWTP1_ont	0.111	final_consensus_294_depth_75	75	87147	0.0008606148232297153	0.08606148232297153	0	NM_0	0.05-<0.1%
WWTP1_ont	0.111	final_consensus_295_depth_74	74	87147	0.0008491399589199858	0.08491399589199858	0	NM_0	0.05-<0.1%
WWTP1_ont	0.111	final_consensus_296_depth_74	74	87147	0.0008491399589199858	0.08491399589199858	0	NM_0	0.05-<0.1%
WWTP1_ont	0.111	final_consensus_297_depth_74	74	87147	0.0008491399589199858	0.08491399589199858	0	NM_0	0.05-<0.1%
WWTP1_ont	0.111	final_consensus_298_depth_74	74	87147	0.0008491399589199858	0.08491399589199858	0	NM_0	0.05-<0.1%
WWTP1_ont	0.111	final_consensus_299_depth_74	74	87147	0.0008491399589199858	0.08491399589199858	0	NM_0	0.05-<0.1%
WWTP1_ont	0.111	final_consensus_300_depth_74	74	87147	0.0008491399589199858	0.08491399589199858	0	NM_0	0.05-<0.1%
WWTP1_ont	0.111	final_consensus_301_depth_74	74	87147	0.0008491399589199858	0.08491399589199858	0	NM_0	0.05-<0.1%
WWTP1_ont	0.111	final_consensus_302_depth_73	73	87147	0.0008376650946102563	0.08376650946102562	0	NM_0	0.05-<0.1%
WWTP1_ont	0.111	final_consensus_303_depth_73	73	87147	0.0008376650946102563	0.08376650946102562	0	NM_0	0.05-<0.1%
WWTP1_ont	0.111	final_consensus_304_depth_72	72	87147	0.0008261902303005267	0.08261902303005267	0	NM_0	0.05-<0.1%
WWTP1_ont	0.111	final_consensus_305_depth_72	72	87147	0.0008261902303005267	0.08261902303005267	0	NM_0	0.05-<0.1%
WWTP1_ont	0.111	final_consensus_306_depth_72	72	87147	0.0008261902303005267	0.08261902303005267	0	NM_0	0.05-<0.1%
WWTP1_ont	0.111	final_consensus_307_depth_72	72	87147	0.0008261902303005267	0.08261902303005267	0	NM_0	0.05-<0.1%
WWTP1_ont	0.111	final_consensus_308_depth_72	72	87147	0.0008261902303005267	0.08261902303005267	0	NM_0	0.05-<0.1%
WWTP1_ont	0.111	final_consensus_309_depth_72	72	87147	0.0008261902303005267	0.08261902303005267	0	NM_0	0.05-<0.1%
WWTP1_ont	0.111	final_consensus_310_depth_72	72	87147	0.0008261902303005267	0.08261902303005267	0	NM_0	0.05-<0.1%
WWTP1_ont	0.111	final_consensus_311_depth_72	72	87147	0.0008261902303005267	0.08261902303005267	0	NM_0	0.05-<0.1%
WWTP1_ont	0.111	final_consensus_312_depth_72	72	87147	0.0008261902303005267	0.08261902303005267	0	NM_0	0.05-<0.1%
WWTP1_ont	0.111	final_consensus_313_depth_71	71	87147	0.0008147153659907972	0.08147153659907971	0	NM_0	0.05-<0.1%
WWTP1_ont	0.111	final_consensus_314_depth_71	71	87147	0.0008147153659907972	0.08147153659907971	0	NM_0	0.05-<0.1%
WWTP1_ont	0.111	final_consensus_315_depth_71	71	87147	0.0008147153659907972	0.08147153659907971	0	NM_0	0.05-<0.1%
WWTP1_ont	0.111	final_consensus_316_depth_70	70	87147	0.0008032405016810677	0.08032405016810676	0	NM_0	0.05-<0.1%
WWTP1_ont	0.111	final_consensus_317_depth_70	70	87147	0.0008032405016810677	0.08032405016810676	0	NM_0	0.05-<0.1%
WWTP1_ont	0.111	final_consensus_318_depth_70	70	87147	0.0008032405016810677	0.08032405016810676	0	NM_0	0.05-<0.1%
WWTP1_ont	0.111	final_consensus_319_depth_70	70	87147	0.0008032405016810677	0.08032405016810676	0	NM_0	0.05-<0.1%
WWTP1_ont	0.111	final_consensus_320_depth_70	70	87147	0.0008032405016810677	0.08032405016810676	0	NM_0	0.05-<0.1%
WWTP1_ont	0.111	final_consensus_321_depth_70	70	87147	0.0008032405016810677	0.08032405016810676	0	NM_0	0.05-<0.1%
WWTP1_ont	0.111	final_consensus_322_depth_70	70	87147	0.0008032405016810677	0.08032405016810676	0	NM_0	0.05-<0.1%
WWTP1_ont	0.111	final_consensus_323_depth_70	70	87147	0.0008032405016810677	0.08032405016810676	0	NM_0	0.05-<0.1%
WWTP1_ont	0.111	final_consensus_324_depth_69	69	87147	0.000791765637371338	0.0791765637371338	0	NM_0	0.05-<0.1%
WWTP1_ont	0.111	final_consensus_325_depth_69	69	87147	0.000791765637371338	0.0791765637371338	0	NM_0	0.05-<0.1%
WWTP1_ont	0.111	final_consensus_326_depth_69	69	87147	0.000791765637371338	0.0791765637371338	0	NM_0	0.05-<0.1%
WWTP1_ont	0.111	final_consensus_327_depth_69	69	87147	0.000791765637371338	0.0791765637371338	0	NM_0	0.05-<0.1%
WWTP1_ont	0.111	final_consensus_328_depth_68	68	87147	0.0007802907730616085	0.07802907730616085	0	NM_0	0.05-<0.1%
WWTP1_ont	0.111	final_consensus_329_depth_68	68	87147	0.0007802907730616085	0.07802907730616085	0	NM_0	0.05-<0.1%
WWTP1_ont	0.111	final_consensus_330_depth_68	68	87147	0.0007802907730616085	0.07802907730616085	0	NM_0	0.05-<0.1%
WWTP1_ont	0.111	final_consensus_331_depth_68	68	87147	0.0007802907730616085	0.07802907730616085	0	NM_0	0.05-<0.1%
WWTP1_ont	0.111	final_consensus_332_depth_67	67	87147	0.000768815908751879	0.0768815908751879	0	NM_0	0.05-<0.1%
WWTP1_ont	0.111	final_consensus_333_depth_67	67	87147	0.000768815908751879	0.0768815908751879	0	NM_0	0.05-<0.1%
WWTP1_ont	0.111	final_consensus_334_depth_67	67	87147	0.000768815908751879	0.0768815908751879	0	NM_0	0.05-<0.1%
WWTP1_ont	0.111	final_consensus_335_depth_67	67	87147	0.000768815908751879	0.0768815908751879	0	NM_0	0.05-<0.1%
WWTP1_ont	0.111	final_consensus_336_depth_67	67	87147	0.000768815908751879	0.0768815908751879	0	NM_0	0.05-<0.1%
WWTP1_ont	0.111	final_consensus_337_depth_66	66	87147	0.0007573410444421494	0.07573410444421495	0	NM_0	0.05-<0.1%
WWTP1_ont	0.111	final_consensus_338_depth_66	66	87147	0.0007573410444421494	0.07573410444421495	0	NM_0	0.05-<0.1%
WWTP1_ont	0.111	final_consensus_339_depth_66	66	87147	0.0007573410444421494	0.07573410444421495	0	NM_0	0.05-<0.1%
WWTP1_ont	0.111	final_consensus_340_depth_65	65	87147	0.0007458661801324199	0.074586618013242	0	NM_0	0.05-<0.1%
WWTP1_ont	0.111	final_consensus_341_depth_64	64	87147	0.0007343913158226904	0.07343913158226904	20	NM_ge_2	0.05-<0.1%
WWTP1_ont	0.111	final_consensus_342_depth_64	64	87147	0.0007343913158226904	0.07343913158226904	0	NM_0	0.05-<0.1%
WWTP1_ont	0.111	final_consensus_343_depth_64	64	87147	0.0007343913158226904	0.07343913158226904	0	NM_0	0.05-<0.1%
WWTP1_ont	0.111	final_consensus_344_depth_64	64	87147	0.0007343913158226904	0.07343913158226904	0	NM_0	0.05-<0.1%
WWTP1_ont	0.111	final_consensus_345_depth_64	64	87147	0.0007343913158226904	0.07343913158226904	0	NM_0	0.05-<0.1%
WWTP1_ont	0.111	final_consensus_346_depth_64	64	87147	0.0007343913158226904	0.07343913158226904	0	NM_0	0.05-<0.1%
WWTP1_ont	0.111	final_consensus_347_depth_63	63	87147	0.0007229164515129609	0.07229164515129609	0	NM_0	0.05-<0.1%
WWTP1_ont	0.111	final_consensus_348_depth_63	63	87147	0.0007229164515129609	0.07229164515129609	0	NM_0	0.05-<0.1%
WWTP1_ont	0.111	final_consensus_349_depth_63	63	87147	0.0007229164515129609	0.07229164515129609	0	NM_0	0.05-<0.1%
WWTP1_ont	0.111	final_consensus_350_depth_63	63	87147	0.0007229164515129609	0.07229164515129609	0	NM_0	0.05-<0.1%
WWTP1_ont	0.111	final_consensus_351_depth_63	63	87147	0.0007229164515129609	0.07229164515129609	0	NM_0	0.05-<0.1%
WWTP1_ont	0.111	final_consensus_352_depth_63	63	87147	0.0007229164515129609	0.07229164515129609	0	NM_0	0.05-<0.1%
WWTP1_ont	0.111	final_consensus_353_depth_63	63	87147	0.0007229164515129609	0.07229164515129609	0	NM_0	0.05-<0.1%
WWTP1_ont	0.111	final_consensus_354_depth_63	63	87147	0.0007229164515129609	0.07229164515129609	0	NM_0	0.05-<0.1%
WWTP1_ont	0.111	final_consensus_355_depth_62	62	87147	0.0007114415872032313	0.07114415872032313	0	NM_0	0.05-<0.1%
WWTP1_ont	0.111	final_consensus_356_depth_62	62	87147	0.0007114415872032313	0.07114415872032313	0	NM_0	0.05-<0.1%
WWTP1_ont	0.111	final_consensus_357_depth_62	62	87147	0.0007114415872032313	0.07114415872032313	0	NM_0	0.05-<0.1%
WWTP1_ont	0.111	final_consensus_358_depth_62	62	87147	0.0007114415872032313	0.07114415872032313	0	NM_0	0.05-<0.1%
WWTP1_ont	0.111	final_consensus_359_depth_62	62	87147	0.0007114415872032313	0.07114415872032313	0	NM_0	0.05-<0.1%
WWTP1_ont	0.111	final_consensus_360_depth_62	62	87147	0.0007114415872032313	0.07114415872032313	0	NM_0	0.05-<0.1%
WWTP1_ont	0.111	final_consensus_361_depth_61	61	87147	0.0006999667228935018	0.06999667228935018	0	NM_0	0.05-<0.1%
WWTP1_ont	0.111	final_consensus_362_depth_61	61	87147	0.0006999667228935018	0.06999667228935018	0	NM_0	0.05-<0.1%
WWTP1_ont	0.111	final_consensus_363_depth_61	61	87147	0.0006999667228935018	0.06999667228935018	0	NM_0	0.05-<0.1%
WWTP1_ont	0.111	final_consensus_364_depth_61	61	87147	0.0006999667228935018	0.06999667228935018	0	NM_0	0.05-<0.1%
WWTP1_ont	0.111	final_consensus_365_depth_61	61	87147	0.0006999667228935018	0.06999667228935018	0	NM_0	0.05-<0.1%
WWTP1_ont	0.111	final_consensus_366_depth_61	61	87147	0.0006999667228935018	0.06999667228935018	0	NM_0	0.05-<0.1%
WWTP1_ont	0.111	final_consensus_367_depth_61	61	87147	0.0006999667228935018	0.06999667228935018	0	NM_0	0.05-<0.1%
WWTP1_ont	0.111	final_consensus_368_depth_61	61	87147	0.0006999667228935018	0.06999667228935018	0	NM_0	0.05-<0.1%
WWTP1_ont	0.111	final_consensus_369_depth_61	61	87147	0.0006999667228935018	0.06999667228935018	0	NM_0	0.05-<0.1%
WWTP1_ont	0.111	final_consensus_370_depth_61	61	87147	0.0006999667228935018	0.06999667228935018	0	NM_0	0.05-<0.1%
WWTP1_ont	0.111	final_consensus_371_depth_60	60	87147	0.0006884918585837723	0.06884918585837722	0	NM_0	0.05-<0.1%
WWTP1_ont	0.111	final_consensus_372_depth_60	60	87147	0.0006884918585837723	0.06884918585837722	0	NM_0	0.05-<0.1%
WWTP1_ont	0.111	final_consensus_373_depth_60	60	87147	0.0006884918585837723	0.06884918585837722	0	NM_0	0.05-<0.1%
WWTP1_ont	0.111	final_consensus_374_depth_59	59	87147	0.0006770169942740427	0.06770169942740427	0	NM_0	0.05-<0.1%
WWTP1_ont	0.111	final_consensus_375_depth_59	59	87147	0.0006770169942740427	0.06770169942740427	0	NM_0	0.05-<0.1%
WWTP1_ont	0.111	final_consensus_376_depth_59	59	87147	0.0006770169942740427	0.06770169942740427	0	NM_0	0.05-<0.1%
WWTP1_ont	0.111	final_consensus_377_depth_59	59	87147	0.0006770169942740427	0.06770169942740427	0	NM_0	0.05-<0.1%
WWTP1_ont	0.111	final_consensus_378_depth_59	59	87147	0.0006770169942740427	0.06770169942740427	0	NM_0	0.05-<0.1%
WWTP1_ont	0.111	final_consensus_379_depth_59	59	87147	0.0006770169942740427	0.06770169942740427	0	NM_0	0.05-<0.1%
WWTP1_ont	0.111	final_consensus_380_depth_59	59	87147	0.0006770169942740427	0.06770169942740427	0	NM_0	0.05-<0.1%
WWTP1_ont	0.111	final_consensus_381_depth_59	59	87147	0.0006770169942740427	0.06770169942740427	0	NM_0	0.05-<0.1%
WWTP1_ont	0.111	final_consensus_382_depth_58	58	87147	0.0006655421299643132	0.06655421299643131	0	NM_0	0.05-<0.1%
WWTP1_ont	0.111	final_consensus_383_depth_58	58	87147	0.0006655421299643132	0.06655421299643131	0	NM_0	0.05-<0.1%
WWTP1_ont	0.111	final_consensus_384_depth_58	58	87147	0.0006655421299643132	0.06655421299643131	0	NM_0	0.05-<0.1%
WWTP1_ont	0.111	final_consensus_385_depth_57	57	87147	0.0006540672656545837	0.06540672656545836	0	NM_0	0.05-<0.1%
WWTP1_ont	0.111	final_consensus_386_depth_57	57	87147	0.0006540672656545837	0.06540672656545836	0	NM_0	0.05-<0.1%
WWTP1_ont	0.111	final_consensus_387_depth_57	57	87147	0.0006540672656545837	0.06540672656545836	0	NM_0	0.05-<0.1%
WWTP1_ont	0.111	final_consensus_388_depth_57	57	87147	0.0006540672656545837	0.06540672656545836	0	NM_0	0.05-<0.1%
WWTP1_ont	0.111	final_consensus_389_depth_57	57	87147	0.0006540672656545837	0.06540672656545836	0	NM_0	0.05-<0.1%
WWTP1_ont	0.111	final_consensus_390_depth_57	57	87147	0.0006540672656545837	0.06540672656545836	0	NM_0	0.05-<0.1%
WWTP1_ont	0.111	final_consensus_391_depth_56	56	87147	0.0006425924013448542	0.0642592401344854	0	NM_0	0.05-<0.1%
WWTP1_ont	0.111	final_consensus_392_depth_56	56	87147	0.0006425924013448542	0.0642592401344854	0	NM_0	0.05-<0.1%
WWTP1_ont	0.111	final_consensus_393_depth_56	56	87147	0.0006425924013448542	0.0642592401344854	0	NM_0	0.05-<0.1%
WWTP1_ont	0.111	final_consensus_394_depth_56	56	87147	0.0006425924013448542	0.0642592401344854	0	NM_0	0.05-<0.1%
WWTP1_ont	0.111	final_consensus_395_depth_56	56	87147	0.0006425924013448542	0.0642592401344854	0	NM_0	0.05-<0.1%
WWTP1_ont	0.111	final_consensus_396_depth_56	56	87147	0.0006425924013448542	0.0642592401344854	0	NM_0	0.05-<0.1%
WWTP1_ont	0.111	final_consensus_397_depth_56	56	87147	0.0006425924013448542	0.0642592401344854	0	NM_0	0.05-<0.1%
WWTP1_ont	0.111	final_consensus_398_depth_56	56	87147	0.0006425924013448542	0.0642592401344854	0	NM_0	0.05-<0.1%
WWTP1_ont	0.111	final_consensus_399_depth_55	55	87147	0.0006311175370351245	0.06311175370351245	0	NM_0	0.05-<0.1%
WWTP1_ont	0.111	final_consensus_400_depth_55	55	87147	0.0006311175370351245	0.06311175370351245	0	NM_0	0.05-<0.1%
WWTP1_ont	0.111	final_consensus_401_depth_55	55	87147	0.0006311175370351245	0.06311175370351245	0	NM_0	0.05-<0.1%
WWTP1_ont	0.111	final_consensus_402_depth_55	55	87147	0.0006311175370351245	0.06311175370351245	0	NM_0	0.05-<0.1%
WWTP1_ont	0.111	final_consensus_403_depth_55	55	87147	0.0006311175370351245	0.06311175370351245	0	NM_0	0.05-<0.1%
WWTP1_ont	0.111	final_consensus_404_depth_55	55	87147	0.0006311175370351245	0.06311175370351245	0	NM_0	0.05-<0.1%
WWTP1_ont	0.111	final_consensus_405_depth_55	55	87147	0.0006311175370351245	0.06311175370351245	0	NM_0	0.05-<0.1%
WWTP1_ont	0.111	final_consensus_406_depth_55	55	87147	0.0006311175370351245	0.06311175370351245	0	NM_0	0.05-<0.1%
WWTP1_ont	0.111	final_consensus_407_depth_54	54	87147	0.000619642672725395	0.0619642672725395	0	NM_0	0.05-<0.1%
WWTP1_ont	0.111	final_consensus_408_depth_54	54	87147	0.000619642672725395	0.0619642672725395	0	NM_0	0.05-<0.1%
WWTP1_ont	0.111	final_consensus_409_depth_54	54	87147	0.000619642672725395	0.0619642672725395	0	NM_0	0.05-<0.1%
WWTP1_ont	0.111	final_consensus_410_depth_54	54	87147	0.000619642672725395	0.0619642672725395	0	NM_0	0.05-<0.1%
WWTP1_ont	0.111	final_consensus_411_depth_54	54	87147	0.000619642672725395	0.0619642672725395	0	NM_0	0.05-<0.1%
WWTP1_ont	0.111	final_consensus_412_depth_54	54	87147	0.000619642672725395	0.0619642672725395	0	NM_0	0.05-<0.1%
WWTP1_ont	0.111	final_consensus_413_depth_54	54	87147	0.000619642672725395	0.0619642672725395	0	NM_0	0.05-<0.1%
WWTP1_ont	0.111	final_consensus_414_depth_54	54	87147	0.000619642672725395	0.0619642672725395	0	NM_0	0.05-<0.1%
WWTP1_ont	0.111	final_consensus_415_depth_54	54	87147	0.000619642672725395	0.0619642672725395	0	NM_0	0.05-<0.1%
WWTP1_ont	0.111	final_consensus_416_depth_54	54	87147	0.000619642672725395	0.0619642672725395	0	NM_0	0.05-<0.1%
WWTP1_ont	0.111	final_consensus_417_depth_54	54	87147	0.000619642672725395	0.0619642672725395	0	NM_0	0.05-<0.1%
WWTP1_ont	0.111	final_consensus_418_depth_53	53	87147	0.0006081678084156655	0.060816780841566546	0	NM_0	0.05-<0.1%
WWTP1_ont	0.111	final_consensus_419_depth_53	53	87147	0.0006081678084156655	0.060816780841566546	0	NM_0	0.05-<0.1%
WWTP1_ont	0.111	final_consensus_420_depth_53	53	87147	0.0006081678084156655	0.060816780841566546	0	NM_0	0.05-<0.1%
WWTP1_ont	0.111	final_consensus_421_depth_53	53	87147	0.0006081678084156655	0.060816780841566546	0	NM_0	0.05-<0.1%
WWTP1_ont	0.111	final_consensus_422_depth_53	53	87147	0.0006081678084156655	0.060816780841566546	0	NM_0	0.05-<0.1%
WWTP1_ont	0.111	final_consensus_423_depth_52	52	87147	0.0005966929441059359	0.05966929441059359	0	NM_0	0.05-<0.1%
WWTP1_ont	0.111	final_consensus_424_depth_52	52	87147	0.0005966929441059359	0.05966929441059359	0	NM_0	0.05-<0.1%
WWTP1_ont	0.111	final_consensus_425_depth_52	52	87147	0.0005966929441059359	0.05966929441059359	0	NM_0	0.05-<0.1%
WWTP1_ont	0.111	final_consensus_426_depth_52	52	87147	0.0005966929441059359	0.05966929441059359	0	NM_0	0.05-<0.1%
WWTP1_ont	0.111	final_consensus_427_depth_52	52	87147	0.0005966929441059359	0.05966929441059359	0	NM_0	0.05-<0.1%
WWTP1_ont	0.111	final_consensus_428_depth_52	52	87147	0.0005966929441059359	0.05966929441059359	0	NM_0	0.05-<0.1%
WWTP1_ont	0.111	final_consensus_429_depth_52	52	87147	0.0005966929441059359	0.05966929441059359	0	NM_0	0.05-<0.1%
WWTP1_ont	0.111	final_consensus_430_depth_52	52	87147	0.0005966929441059359	0.05966929441059359	0	NM_0	0.05-<0.1%
WWTP1_ont	0.111	final_consensus_431_depth_51	51	87147	0.0005852180797962064	0.058521807979620644	0	NM_0	0.05-<0.1%
WWTP1_ont	0.111	final_consensus_432_depth_51	51	87147	0.0005852180797962064	0.058521807979620644	0	NM_0	0.05-<0.1%
WWTP1_ont	0.111	final_consensus_433_depth_51	51	87147	0.0005852180797962064	0.058521807979620644	0	NM_0	0.05-<0.1%
WWTP1_ont	0.111	final_consensus_434_depth_51	51	87147	0.0005852180797962064	0.058521807979620644	0	NM_0	0.05-<0.1%
WWTP1_ont	0.111	final_consensus_435_depth_51	51	87147	0.0005852180797962064	0.058521807979620644	0	NM_0	0.05-<0.1%
WWTP1_ont	0.111	final_consensus_436_depth_51	51	87147	0.0005852180797962064	0.058521807979620644	0	NM_0	0.05-<0.1%
WWTP1_ont	0.111	final_consensus_437_depth_50	50	87147	0.0005737432154864769	0.05737432154864769	0	NM_0	0.05-<0.1%
WWTP1_ont	0.111	final_consensus_438_depth_50	50	87147	0.0005737432154864769	0.05737432154864769	0	NM_0	0.05-<0.1%
WWTP1_ont	0.111	final_consensus_439_depth_50	50	87147	0.0005737432154864769	0.05737432154864769	0	NM_0	0.05-<0.1%
WWTP1_ont	0.111	final_consensus_440_depth_50	50	87147	0.0005737432154864769	0.05737432154864769	0	NM_0	0.05-<0.1%
WWTP1_ont	0.111	final_consensus_441_depth_50	50	87147	0.0005737432154864769	0.05737432154864769	0	NM_0	0.05-<0.1%
WWTP1_ont	0.111	final_consensus_442_depth_50	50	87147	0.0005737432154864769	0.05737432154864769	0	NM_0	0.05-<0.1%
WWTP1_ont	0.111	final_consensus_443_depth_50	50	87147	0.0005737432154864769	0.05737432154864769	0	NM_0	0.05-<0.1%
WWTP1_ont	0.111	final_consensus_444_depth_50	50	87147	0.0005737432154864769	0.05737432154864769	0	NM_0	0.05-<0.1%
WWTP1_ont	0.111	final_consensus_445_depth_49	49	87147	0.0005622683511767473	0.056226835117674734	0	NM_0	0.05-<0.1%
WWTP1_ont	0.111	final_consensus_446_depth_49	49	87147	0.0005622683511767473	0.056226835117674734	0	NM_0	0.05-<0.1%
WWTP1_ont	0.111	final_consensus_447_depth_49	49	87147	0.0005622683511767473	0.056226835117674734	0	NM_0	0.05-<0.1%
WWTP1_ont	0.111	final_consensus_448_depth_49	49	87147	0.0005622683511767473	0.056226835117674734	0	NM_0	0.05-<0.1%
WWTP1_ont	0.111	final_consensus_449_depth_49	49	87147	0.0005622683511767473	0.056226835117674734	0	NM_0	0.05-<0.1%
WWTP1_ont	0.111	final_consensus_450_depth_49	49	87147	0.0005622683511767473	0.056226835117674734	0	NM_0	0.05-<0.1%
WWTP1_ont	0.111	final_consensus_451_depth_49	49	87147	0.0005622683511767473	0.056226835117674734	0	NM_0	0.05-<0.1%
WWTP1_ont	0.111	final_consensus_452_depth_49	49	87147	0.0005622683511767473	0.056226835117674734	0	NM_0	0.05-<0.1%
WWTP1_ont	0.111	final_consensus_453_depth_49	49	87147	0.0005622683511767473	0.056226835117674734	0	NM_0	0.05-<0.1%
WWTP1_ont	0.111	final_consensus_454_depth_48	48	87147	0.0005507934868670178	0.05507934868670178	0	NM_0	0.05-<0.1%
WWTP1_ont	0.111	final_consensus_455_depth_48	48	87147	0.0005507934868670178	0.05507934868670178	0	NM_0	0.05-<0.1%
WWTP1_ont	0.111	final_consensus_456_depth_48	48	87147	0.0005507934868670178	0.05507934868670178	0	NM_0	0.05-<0.1%
WWTP1_ont	0.111	final_consensus_457_depth_48	48	87147	0.0005507934868670178	0.05507934868670178	0	NM_0	0.05-<0.1%
WWTP1_ont	0.111	final_consensus_458_depth_48	48	87147	0.0005507934868670178	0.05507934868670178	0	NM_0	0.05-<0.1%
WWTP1_ont	0.111	final_consensus_459_depth_48	48	87147	0.0005507934868670178	0.05507934868670178	0	NM_0	0.05-<0.1%
WWTP1_ont	0.111	final_consensus_460_depth_47	47	87147	0.0005393186225572883	0.053931862255728824	0	NM_0	0.05-<0.1%
WWTP1_ont	0.111	final_consensus_461_depth_47	47	87147	0.0005393186225572883	0.053931862255728824	0	NM_0	0.05-<0.1%
WWTP1_ont	0.111	final_consensus_462_depth_47	47	87147	0.0005393186225572883	0.053931862255728824	0	NM_0	0.05-<0.1%
WWTP1_ont	0.111	final_consensus_463_depth_47	47	87147	0.0005393186225572883	0.053931862255728824	0	NM_0	0.05-<0.1%
WWTP1_ont	0.111	final_consensus_464_depth_47	47	87147	0.0005393186225572883	0.053931862255728824	0	NM_0	0.05-<0.1%
WWTP1_ont	0.111	final_consensus_465_depth_47	47	87147	0.0005393186225572883	0.053931862255728824	0	NM_0	0.05-<0.1%
WWTP1_ont	0.111	final_consensus_466_depth_47	47	87147	0.0005393186225572883	0.053931862255728824	0	NM_0	0.05-<0.1%
WWTP1_ont	0.111	final_consensus_467_depth_46	46	87147	0.0005278437582475588	0.05278437582475587	0	NM_0	0.05-<0.1%
WWTP1_ont	0.111	final_consensus_468_depth_46	46	87147	0.0005278437582475588	0.05278437582475587	0	NM_0	0.05-<0.1%
WWTP1_ont	0.111	final_consensus_469_depth_46	46	87147	0.0005278437582475588	0.05278437582475587	0	NM_0	0.05-<0.1%
WWTP1_ont	0.111	final_consensus_470_depth_46	46	87147	0.0005278437582475588	0.05278437582475587	0	NM_0	0.05-<0.1%
WWTP1_ont	0.111	final_consensus_471_depth_46	46	87147	0.0005278437582475588	0.05278437582475587	0	NM_0	0.05-<0.1%
WWTP1_ont	0.111	final_consensus_472_depth_45	45	87147	0.0005163688939378292	0.05163688939378292	0	NM_0	0.05-<0.1%
WWTP1_ont	0.111	final_consensus_473_depth_45	45	87147	0.0005163688939378292	0.05163688939378292	41	NM_ge_2	0.05-<0.1%
WWTP1_ont	0.111	final_consensus_474_depth_45	45	87147	0.0005163688939378292	0.05163688939378292	0	NM_0	0.05-<0.1%
WWTP1_ont	0.111	final_consensus_475_depth_45	45	87147	0.0005163688939378292	0.05163688939378292	0	NM_0	0.05-<0.1%
WWTP1_ont	0.111	final_consensus_476_depth_45	45	87147	0.0005163688939378292	0.05163688939378292	0	NM_0	0.05-<0.1%
WWTP1_ont	0.111	final_consensus_477_depth_45	45	87147	0.0005163688939378292	0.05163688939378292	0	NM_0	0.05-<0.1%
WWTP1_ont	0.111	final_consensus_478_depth_45	45	87147	0.0005163688939378292	0.05163688939378292	0	NM_0	0.05-<0.1%
WWTP1_ont	0.111	final_consensus_479_depth_45	45	87147	0.0005163688939378292	0.05163688939378292	0	NM_0	0.05-<0.1%
WWTP1_ont	0.111	final_consensus_480_depth_45	45	87147	0.0005163688939378292	0.05163688939378292	0	NM_0	0.05-<0.1%
WWTP1_ont	0.111	final_consensus_481_depth_45	45	87147	0.0005163688939378292	0.05163688939378292	0	NM_0	0.05-<0.1%
WWTP1_ont	0.111	final_consensus_482_depth_45	45	87147	0.0005163688939378292	0.05163688939378292	0	NM_0	0.05-<0.1%
WWTP1_ont	0.111	final_consensus_483_depth_44	44	87147	0.0005048940296280997	0.050489402962809966	2	NM_ge_2	0.05-<0.1%
WWTP1_ont	0.111	final_consensus_484_depth_44	44	87147	0.0005048940296280997	0.050489402962809966	0	NM_0	0.05-<0.1%
WWTP1_ont	0.111	final_consensus_485_depth_44	44	87147	0.0005048940296280997	0.050489402962809966	0	NM_0	0.05-<0.1%
WWTP1_ont	0.111	final_consensus_486_depth_44	44	87147	0.0005048940296280997	0.050489402962809966	0	NM_0	0.05-<0.1%
WWTP1_ont	0.111	final_consensus_487_depth_44	44	87147	0.0005048940296280997	0.050489402962809966	0	NM_0	0.05-<0.1%
WWTP1_ont	0.111	final_consensus_488_depth_44	44	87147	0.0005048940296280997	0.050489402962809966	0	NM_0	0.05-<0.1%
WWTP1_ont	0.111	final_consensus_489_depth_44	44	87147	0.0005048940296280997	0.050489402962809966	0	NM_0	0.05-<0.1%
WWTP1_ont	0.111	final_consensus_490_depth_44	44	87147	0.0005048940296280997	0.050489402962809966	0	NM_0	0.05-<0.1%
WWTP1_ont	0.111	final_consensus_491_depth_44	44	87147	0.0005048940296280997	0.050489402962809966	0	NM_0	0.05-<0.1%
WWTP1_ont	0.111	final_consensus_492_depth_44	44	87147	0.0005048940296280997	0.050489402962809966	0	NM_0	0.05-<0.1%
WWTP1_ont	0.111	final_consensus_493_depth_44	44	87147	0.0005048940296280997	0.050489402962809966	0	NM_0	0.05-<0.1%
WWTP1_ont	0.111	final_consensus_494_depth_44	44	87147	0.0005048940296280997	0.050489402962809966	0	NM_0	0.05-<0.1%
WWTP1_ont	0.111	final_consensus_495_depth_44	44	87147	0.0005048940296280997	0.050489402962809966	0	NM_0	0.05-<0.1%
WWTP1_ont	0.111	final_consensus_496_depth_43	43	87147	0.0004934191653183701	0.04934191653183701	0	NM_0	0.02-<0.05%
WWTP1_ont	0.111	final_consensus_497_depth_43	43	87147	0.0004934191653183701	0.04934191653183701	0	NM_0	0.02-<0.05%
WWTP1_ont	0.111	final_consensus_498_depth_43	43	87147	0.0004934191653183701	0.04934191653183701	0	NM_0	0.02-<0.05%
WWTP1_ont	0.111	final_consensus_499_depth_43	43	87147	0.0004934191653183701	0.04934191653183701	0	NM_0	0.02-<0.05%
WWTP1_ont	0.111	final_consensus_500_depth_43	43	87147	0.0004934191653183701	0.04934191653183701	1	NM_1	0.02-<0.05%
WWTP1_ont	0.111	final_consensus_501_depth_43	43	87147	0.0004934191653183701	0.04934191653183701	0	NM_0	0.02-<0.05%
WWTP1_ont	0.111	final_consensus_502_depth_43	43	87147	0.0004934191653183701	0.04934191653183701	0	NM_0	0.02-<0.05%
WWTP1_ont	0.111	final_consensus_503_depth_43	43	87147	0.0004934191653183701	0.04934191653183701	0	NM_0	0.02-<0.05%
WWTP1_ont	0.111	final_consensus_504_depth_43	43	87147	0.0004934191653183701	0.04934191653183701	0	NM_0	0.02-<0.05%
WWTP1_ont	0.111	final_consensus_505_depth_43	43	87147	0.0004934191653183701	0.04934191653183701	0	NM_0	0.02-<0.05%
WWTP1_ont	0.111	final_consensus_506_depth_42	42	87147	0.0004819443010086406	0.04819443010086406	0	NM_0	0.02-<0.05%
WWTP1_ont	0.111	final_consensus_507_depth_42	42	87147	0.0004819443010086406	0.04819443010086406	0	NM_0	0.02-<0.05%
WWTP1_ont	0.111	final_consensus_508_depth_42	42	87147	0.0004819443010086406	0.04819443010086406	0	NM_0	0.02-<0.05%
WWTP1_ont	0.111	final_consensus_509_depth_42	42	87147	0.0004819443010086406	0.04819443010086406	0	NM_0	0.02-<0.05%
WWTP1_ont	0.111	final_consensus_510_depth_42	42	87147	0.0004819443010086406	0.04819443010086406	0	NM_0	0.02-<0.05%
WWTP1_ont	0.111	final_consensus_511_depth_42	42	87147	0.0004819443010086406	0.04819443010086406	0	NM_0	0.02-<0.05%
WWTP1_ont	0.111	final_consensus_512_depth_42	42	87147	0.0004819443010086406	0.04819443010086406	0	NM_0	0.02-<0.05%
WWTP1_ont	0.111	final_consensus_513_depth_42	42	87147	0.0004819443010086406	0.04819443010086406	0	NM_0	0.02-<0.05%
WWTP1_ont	0.111	final_consensus_514_depth_42	42	87147	0.0004819443010086406	0.04819443010086406	0	NM_0	0.02-<0.05%
WWTP1_ont	0.111	final_consensus_515_depth_42	42	87147	0.0004819443010086406	0.04819443010086406	0	NM_0	0.02-<0.05%
WWTP1_ont	0.111	final_consensus_516_depth_42	42	87147	0.0004819443010086406	0.04819443010086406	0	NM_0	0.02-<0.05%
WWTP1_ont	0.111	final_consensus_517_depth_42	42	87147	0.0004819443010086406	0.04819443010086406	0	NM_0	0.02-<0.05%
WWTP1_ont	0.111	final_consensus_518_depth_42	42	87147	0.0004819443010086406	0.04819443010086406	0	NM_0	0.02-<0.05%
WWTP1_ont	0.111	final_consensus_519_depth_42	42	87147	0.0004819443010086406	0.04819443010086406	0	NM_0	0.02-<0.05%
WWTP1_ont	0.111	final_consensus_520_depth_42	42	87147	0.0004819443010086406	0.04819443010086406	0	NM_0	0.02-<0.05%
WWTP1_ont	0.111	final_consensus_521_depth_42	42	87147	0.0004819443010086406	0.04819443010086406	0	NM_0	0.02-<0.05%
WWTP1_ont	0.111	final_consensus_522_depth_42	42	87147	0.0004819443010086406	0.04819443010086406	0	NM_0	0.02-<0.05%
WWTP1_ont	0.111	final_consensus_523_depth_42	42	87147	0.0004819443010086406	0.04819443010086406	0	NM_0	0.02-<0.05%
WWTP1_ont	0.111	final_consensus_524_depth_42	42	87147	0.0004819443010086406	0.04819443010086406	0	NM_0	0.02-<0.05%
WWTP1_ont	0.111	final_consensus_525_depth_42	42	87147	0.0004819443010086406	0.04819443010086406	0	NM_0	0.02-<0.05%
WWTP1_ont	0.111	final_consensus_526_depth_42	42	87147	0.0004819443010086406	0.04819443010086406	0	NM_0	0.02-<0.05%
WWTP1_ont	0.111	final_consensus_527_depth_41	41	87147	0.000470469436698911	0.0470469436698911	0	NM_0	0.02-<0.05%
WWTP1_ont	0.111	final_consensus_528_depth_41	41	87147	0.000470469436698911	0.0470469436698911	0	NM_0	0.02-<0.05%
WWTP1_ont	0.111	final_consensus_529_depth_41	41	87147	0.000470469436698911	0.0470469436698911	92	NM_ge_2	0.02-<0.05%
WWTP1_ont	0.111	final_consensus_530_depth_41	41	87147	0.000470469436698911	0.0470469436698911	0	NM_0	0.02-<0.05%
WWTP1_ont	0.111	final_consensus_531_depth_41	41	87147	0.000470469436698911	0.0470469436698911	0	NM_0	0.02-<0.05%
WWTP1_ont	0.111	final_consensus_532_depth_41	41	87147	0.000470469436698911	0.0470469436698911	0	NM_0	0.02-<0.05%
WWTP1_ont	0.111	final_consensus_533_depth_41	41	87147	0.000470469436698911	0.0470469436698911	0	NM_0	0.02-<0.05%
WWTP1_ont	0.111	final_consensus_534_depth_41	41	87147	0.000470469436698911	0.0470469436698911	0	NM_0	0.02-<0.05%
WWTP1_ont	0.111	final_consensus_535_depth_41	41	87147	0.000470469436698911	0.0470469436698911	0	NM_0	0.02-<0.05%
WWTP1_ont	0.111	final_consensus_536_depth_41	41	87147	0.000470469436698911	0.0470469436698911	0	NM_0	0.02-<0.05%
WWTP1_ont	0.111	final_consensus_537_depth_40	40	87147	0.0004589945723891815	0.04589945723891815	0	NM_0	0.02-<0.05%
WWTP1_ont	0.111	final_consensus_538_depth_40	40	87147	0.0004589945723891815	0.04589945723891815	0	NM_0	0.02-<0.05%
WWTP1_ont	0.111	final_consensus_539_depth_40	40	87147	0.0004589945723891815	0.04589945723891815	0	NM_0	0.02-<0.05%
WWTP1_ont	0.111	final_consensus_540_depth_40	40	87147	0.0004589945723891815	0.04589945723891815	0	NM_0	0.02-<0.05%
WWTP1_ont	0.111	final_consensus_541_depth_40	40	87147	0.0004589945723891815	0.04589945723891815	0	NM_0	0.02-<0.05%
WWTP1_ont	0.111	final_consensus_542_depth_40	40	87147	0.0004589945723891815	0.04589945723891815	0	NM_0	0.02-<0.05%
WWTP1_ont	0.111	final_consensus_543_depth_39	39	87147	0.00044751970807945196	0.0447519708079452	0	NM_0	0.02-<0.05%
WWTP1_ont	0.111	final_consensus_544_depth_39	39	87147	0.00044751970807945196	0.0447519708079452	0	NM_0	0.02-<0.05%
WWTP1_ont	0.111	final_consensus_545_depth_39	39	87147	0.00044751970807945196	0.0447519708079452	0	NM_0	0.02-<0.05%
WWTP1_ont	0.111	final_consensus_546_depth_39	39	87147	0.00044751970807945196	0.0447519708079452	0	NM_0	0.02-<0.05%
WWTP1_ont	0.111	final_consensus_547_depth_39	39	87147	0.00044751970807945196	0.0447519708079452	0	NM_0	0.02-<0.05%
WWTP1_ont	0.111	final_consensus_548_depth_39	39	87147	0.00044751970807945196	0.0447519708079452	0	NM_0	0.02-<0.05%
WWTP1_ont	0.111	final_consensus_549_depth_38	38	87147	0.0004360448437697224	0.043604484376972244	0	NM_0	0.02-<0.05%
WWTP1_ont	0.111	final_consensus_550_depth_38	38	87147	0.0004360448437697224	0.043604484376972244	0	NM_0	0.02-<0.05%
WWTP1_ont	0.111	final_consensus_551_depth_38	38	87147	0.0004360448437697224	0.043604484376972244	0	NM_0	0.02-<0.05%
WWTP1_ont	0.111	final_consensus_552_depth_38	38	87147	0.0004360448437697224	0.043604484376972244	0	NM_0	0.02-<0.05%
WWTP1_ont	0.111	final_consensus_553_depth_38	38	87147	0.0004360448437697224	0.043604484376972244	0	NM_0	0.02-<0.05%
WWTP1_ont	0.111	final_consensus_554_depth_38	38	87147	0.0004360448437697224	0.043604484376972244	0	NM_0	0.02-<0.05%
WWTP1_ont	0.111	final_consensus_555_depth_38	38	87147	0.0004360448437697224	0.043604484376972244	0	NM_0	0.02-<0.05%
WWTP1_ont	0.111	final_consensus_556_depth_38	38	87147	0.0004360448437697224	0.043604484376972244	0	NM_0	0.02-<0.05%
WWTP1_ont	0.111	final_consensus_557_depth_38	38	87147	0.0004360448437697224	0.043604484376972244	0	NM_0	0.02-<0.05%
WWTP1_ont	0.111	final_consensus_558_depth_38	38	87147	0.0004360448437697224	0.043604484376972244	0	NM_0	0.02-<0.05%
WWTP1_ont	0.111	final_consensus_559_depth_38	38	87147	0.0004360448437697224	0.043604484376972244	0	NM_0	0.02-<0.05%
WWTP1_ont	0.111	final_consensus_560_depth_38	38	87147	0.0004360448437697224	0.043604484376972244	0	NM_0	0.02-<0.05%
WWTP1_ont	0.111	final_consensus_561_depth_38	38	87147	0.0004360448437697224	0.043604484376972244	0	NM_0	0.02-<0.05%
WWTP1_ont	0.111	final_consensus_562_depth_38	38	87147	0.0004360448437697224	0.043604484376972244	0	NM_0	0.02-<0.05%
WWTP1_ont	0.111	final_consensus_563_depth_37	37	87147	0.0004245699794599929	0.04245699794599929	0	NM_0	0.02-<0.05%
WWTP1_ont	0.111	final_consensus_564_depth_37	37	87147	0.0004245699794599929	0.04245699794599929	0	NM_0	0.02-<0.05%
WWTP1_ont	0.111	final_consensus_565_depth_37	37	87147	0.0004245699794599929	0.04245699794599929	0	NM_0	0.02-<0.05%
WWTP1_ont	0.111	final_consensus_566_depth_37	37	87147	0.0004245699794599929	0.04245699794599929	0	NM_0	0.02-<0.05%
WWTP1_ont	0.111	final_consensus_567_depth_37	37	87147	0.0004245699794599929	0.04245699794599929	0	NM_0	0.02-<0.05%
WWTP1_ont	0.111	final_consensus_568_depth_37	37	87147	0.0004245699794599929	0.04245699794599929	0	NM_0	0.02-<0.05%
WWTP1_ont	0.111	final_consensus_569_depth_37	37	87147	0.0004245699794599929	0.04245699794599929	0	NM_0	0.02-<0.05%
WWTP1_ont	0.111	final_consensus_570_depth_37	37	87147	0.0004245699794599929	0.04245699794599929	0	NM_0	0.02-<0.05%
WWTP1_ont	0.111	final_consensus_571_depth_37	37	87147	0.0004245699794599929	0.04245699794599929	0	NM_0	0.02-<0.05%
WWTP1_ont	0.111	final_consensus_572_depth_36	36	87147	0.00041309511515026334	0.041309511515026334	0	NM_0	0.02-<0.05%
WWTP1_ont	0.111	final_consensus_573_depth_36	36	87147	0.00041309511515026334	0.041309511515026334	0	NM_0	0.02-<0.05%
WWTP1_ont	0.111	final_consensus_574_depth_36	36	87147	0.00041309511515026334	0.041309511515026334	0	NM_0	0.02-<0.05%
WWTP1_ont	0.111	final_consensus_575_depth_36	36	87147	0.00041309511515026334	0.041309511515026334	0	NM_0	0.02-<0.05%
WWTP1_ont	0.111	final_consensus_576_depth_36	36	87147	0.00041309511515026334	0.041309511515026334	0	NM_0	0.02-<0.05%
WWTP1_ont	0.111	final_consensus_577_depth_35	35	87147	0.00040162025084053383	0.04016202508405338	0	NM_0	0.02-<0.05%
WWTP1_ont	0.111	final_consensus_578_depth_35	35	87147	0.00040162025084053383	0.04016202508405338	0	NM_0	0.02-<0.05%
WWTP1_ont	0.111	final_consensus_579_depth_35	35	87147	0.00040162025084053383	0.04016202508405338	0	NM_0	0.02-<0.05%
WWTP1_ont	0.111	final_consensus_580_depth_35	35	87147	0.00040162025084053383	0.04016202508405338	0	NM_0	0.02-<0.05%
WWTP1_ont	0.111	final_consensus_581_depth_35	35	87147	0.00040162025084053383	0.04016202508405338	0	NM_0	0.02-<0.05%
WWTP1_ont	0.111	final_consensus_582_depth_35	35	87147	0.00040162025084053383	0.04016202508405338	0	NM_0	0.02-<0.05%
WWTP1_ont	0.111	final_consensus_583_depth_35	35	87147	0.00040162025084053383	0.04016202508405338	0	NM_0	0.02-<0.05%
WWTP1_ont	0.111	final_consensus_584_depth_35	35	87147	0.00040162025084053383	0.04016202508405338	0	NM_0	0.02-<0.05%
WWTP1_ont	0.111	final_consensus_585_depth_35	35	87147	0.00040162025084053383	0.04016202508405338	0	NM_0	0.02-<0.05%
WWTP1_ont	0.111	final_consensus_586_depth_35	35	87147	0.00040162025084053383	0.04016202508405338	0	NM_0	0.02-<0.05%
WWTP1_ont	0.111	final_consensus_587_depth_35	35	87147	0.00040162025084053383	0.04016202508405338	0	NM_0	0.02-<0.05%
WWTP1_ont	0.111	final_consensus_588_depth_35	35	87147	0.00040162025084053383	0.04016202508405338	0	NM_0	0.02-<0.05%
WWTP1_ont	0.111	final_consensus_589_depth_35	35	87147	0.00040162025084053383	0.04016202508405338	0	NM_0	0.02-<0.05%
WWTP1_ont	0.111	final_consensus_590_depth_35	35	87147	0.00040162025084053383	0.04016202508405338	0	NM_0	0.02-<0.05%
WWTP1_ont	0.111	final_consensus_591_depth_34	34	87147	0.00039014538653080427	0.039014538653080424	0	NM_0	0.02-<0.05%
WWTP1_ont	0.111	final_consensus_592_depth_34	34	87147	0.00039014538653080427	0.039014538653080424	0	NM_0	0.02-<0.05%
WWTP1_ont	0.111	final_consensus_593_depth_34	34	87147	0.00039014538653080427	0.039014538653080424	0	NM_0	0.02-<0.05%
WWTP1_ont	0.111	final_consensus_594_depth_34	34	87147	0.00039014538653080427	0.039014538653080424	0	NM_0	0.02-<0.05%
WWTP1_ont	0.111	final_consensus_595_depth_34	34	87147	0.00039014538653080427	0.039014538653080424	0	NM_0	0.02-<0.05%
WWTP1_ont	0.111	final_consensus_596_depth_34	34	87147	0.00039014538653080427	0.039014538653080424	0	NM_0	0.02-<0.05%
WWTP1_ont	0.111	final_consensus_597_depth_34	34	87147	0.00039014538653080427	0.039014538653080424	0	NM_0	0.02-<0.05%
WWTP1_ont	0.111	final_consensus_598_depth_34	34	87147	0.00039014538653080427	0.039014538653080424	0	NM_0	0.02-<0.05%
WWTP1_ont	0.111	final_consensus_599_depth_34	34	87147	0.00039014538653080427	0.039014538653080424	0	NM_0	0.02-<0.05%
WWTP1_ont	0.111	final_consensus_600_depth_34	34	87147	0.00039014538653080427	0.039014538653080424	0	NM_0	0.02-<0.05%
WWTP1_ont	0.111	final_consensus_601_depth_34	34	87147	0.00039014538653080427	0.039014538653080424	0	NM_0	0.02-<0.05%
WWTP1_ont	0.111	final_consensus_602_depth_34	34	87147	0.00039014538653080427	0.039014538653080424	0	NM_0	0.02-<0.05%
WWTP1_ont	0.111	final_consensus_603_depth_34	34	87147	0.00039014538653080427	0.039014538653080424	0	NM_0	0.02-<0.05%
WWTP1_ont	0.111	final_consensus_604_depth_34	34	87147	0.00039014538653080427	0.039014538653080424	0	NM_0	0.02-<0.05%
WWTP1_ont	0.111	final_consensus_605_depth_34	34	87147	0.00039014538653080427	0.039014538653080424	0	NM_0	0.02-<0.05%
WWTP1_ont	0.111	final_consensus_606_depth_33	33	87147	0.0003786705222210747	0.037867052222107477	0	NM_0	0.02-<0.05%
WWTP1_ont	0.111	final_consensus_607_depth_33	33	87147	0.0003786705222210747	0.037867052222107477	0	NM_0	0.02-<0.05%
WWTP1_ont	0.111	final_consensus_608_depth_33	33	87147	0.0003786705222210747	0.037867052222107477	0	NM_0	0.02-<0.05%
WWTP1_ont	0.111	final_consensus_609_depth_33	33	87147	0.0003786705222210747	0.037867052222107477	0	NM_0	0.02-<0.05%
WWTP1_ont	0.111	final_consensus_610_depth_33	33	87147	0.0003786705222210747	0.037867052222107477	5	NM_ge_2	0.02-<0.05%
WWTP1_ont	0.111	final_consensus_611_depth_33	33	87147	0.0003786705222210747	0.037867052222107477	0	NM_0	0.02-<0.05%
WWTP1_ont	0.111	final_consensus_612_depth_33	33	87147	0.0003786705222210747	0.037867052222107477	0	NM_0	0.02-<0.05%
WWTP1_ont	0.111	final_consensus_613_depth_33	33	87147	0.0003786705222210747	0.037867052222107477	0	NM_0	0.02-<0.05%
WWTP1_ont	0.111	final_consensus_614_depth_33	33	87147	0.0003786705222210747	0.037867052222107477	0	NM_0	0.02-<0.05%
WWTP1_ont	0.111	final_consensus_615_depth_33	33	87147	0.0003786705222210747	0.037867052222107477	0	NM_0	0.02-<0.05%
WWTP1_ont	0.111	final_consensus_616_depth_33	33	87147	0.0003786705222210747	0.037867052222107477	0	NM_0	0.02-<0.05%
WWTP1_ont	0.111	final_consensus_617_depth_33	33	87147	0.0003786705222210747	0.037867052222107477	0	NM_0	0.02-<0.05%
WWTP1_ont	0.111	final_consensus_618_depth_33	33	87147	0.0003786705222210747	0.037867052222107477	0	NM_0	0.02-<0.05%
WWTP1_ont	0.111	final_consensus_619_depth_33	33	87147	0.0003786705222210747	0.037867052222107477	0	NM_0	0.02-<0.05%
WWTP1_ont	0.111	final_consensus_620_depth_33	33	87147	0.0003786705222210747	0.037867052222107477	0	NM_0	0.02-<0.05%
WWTP1_ont	0.111	final_consensus_621_depth_33	33	87147	0.0003786705222210747	0.037867052222107477	0	NM_0	0.02-<0.05%
WWTP1_ont	0.111	final_consensus_622_depth_33	33	87147	0.0003786705222210747	0.037867052222107477	0	NM_0	0.02-<0.05%
WWTP1_ont	0.111	final_consensus_623_depth_33	33	87147	0.0003786705222210747	0.037867052222107477	0	NM_0	0.02-<0.05%
WWTP1_ont	0.111	final_consensus_624_depth_33	33	87147	0.0003786705222210747	0.037867052222107477	0	NM_0	0.02-<0.05%
WWTP1_ont	0.111	final_consensus_625_depth_32	32	87147	0.0003671956579113452	0.03671956579113452	0	NM_0	0.02-<0.05%
WWTP1_ont	0.111	final_consensus_626_depth_32	32	87147	0.0003671956579113452	0.03671956579113452	0	NM_0	0.02-<0.05%
WWTP1_ont	0.111	final_consensus_627_depth_32	32	87147	0.0003671956579113452	0.03671956579113452	0	NM_0	0.02-<0.05%
WWTP1_ont	0.111	final_consensus_628_depth_32	32	87147	0.0003671956579113452	0.03671956579113452	0	NM_0	0.02-<0.05%
WWTP1_ont	0.111	final_consensus_629_depth_32	32	87147	0.0003671956579113452	0.03671956579113452	0	NM_0	0.02-<0.05%
WWTP1_ont	0.111	final_consensus_630_depth_32	32	87147	0.0003671956579113452	0.03671956579113452	0	NM_0	0.02-<0.05%
WWTP1_ont	0.111	final_consensus_631_depth_32	32	87147	0.0003671956579113452	0.03671956579113452	0	NM_0	0.02-<0.05%
WWTP1_ont	0.111	final_consensus_632_depth_32	32	87147	0.0003671956579113452	0.03671956579113452	0	NM_0	0.02-<0.05%
WWTP1_ont	0.111	final_consensus_633_depth_32	32	87147	0.0003671956579113452	0.03671956579113452	0	NM_0	0.02-<0.05%
WWTP1_ont	0.111	final_consensus_634_depth_32	32	87147	0.0003671956579113452	0.03671956579113452	0	NM_0	0.02-<0.05%
WWTP1_ont	0.111	final_consensus_635_depth_31	31	87147	0.00035572079360161565	0.03557207936016157	0	NM_0	0.02-<0.05%
WWTP1_ont	0.111	final_consensus_636_depth_31	31	87147	0.00035572079360161565	0.03557207936016157	0	NM_0	0.02-<0.05%
WWTP1_ont	0.111	final_consensus_637_depth_31	31	87147	0.00035572079360161565	0.03557207936016157	0	NM_0	0.02-<0.05%
WWTP1_ont	0.111	final_consensus_638_depth_31	31	87147	0.00035572079360161565	0.03557207936016157	0	NM_0	0.02-<0.05%
WWTP1_ont	0.111	final_consensus_639_depth_31	31	87147	0.00035572079360161565	0.03557207936016157	0	NM_0	0.02-<0.05%
WWTP1_ont	0.111	final_consensus_640_depth_31	31	87147	0.00035572079360161565	0.03557207936016157	0	NM_0	0.02-<0.05%
WWTP1_ont	0.111	final_consensus_641_depth_31	31	87147	0.00035572079360161565	0.03557207936016157	0	NM_0	0.02-<0.05%
WWTP1_ont	0.111	final_consensus_642_depth_31	31	87147	0.00035572079360161565	0.03557207936016157	0	NM_0	0.02-<0.05%
WWTP1_ont	0.111	final_consensus_643_depth_30	30	87147	0.00034424592929188614	0.03442459292918861	0	NM_0	0.02-<0.05%
WWTP1_ont	0.111	final_consensus_644_depth_30	30	87147	0.00034424592929188614	0.03442459292918861	0	NM_0	0.02-<0.05%
WWTP1_ont	0.111	final_consensus_645_depth_30	30	87147	0.00034424592929188614	0.03442459292918861	0	NM_0	0.02-<0.05%
WWTP1_ont	0.111	final_consensus_646_depth_30	30	87147	0.00034424592929188614	0.03442459292918861	0	NM_0	0.02-<0.05%
WWTP1_ont	0.111	final_consensus_647_depth_30	30	87147	0.00034424592929188614	0.03442459292918861	0	NM_0	0.02-<0.05%
WWTP1_ont	0.111	final_consensus_648_depth_30	30	87147	0.00034424592929188614	0.03442459292918861	0	NM_0	0.02-<0.05%
WWTP1_ont	0.111	final_consensus_649_depth_30	30	87147	0.00034424592929188614	0.03442459292918861	0	NM_0	0.02-<0.05%
WWTP1_ont	0.111	final_consensus_650_depth_30	30	87147	0.00034424592929188614	0.03442459292918861	0	NM_0	0.02-<0.05%
WWTP1_ont	0.111	final_consensus_651_depth_30	30	87147	0.00034424592929188614	0.03442459292918861	0	NM_0	0.02-<0.05%
WWTP1_ont	0.111	final_consensus_652_depth_30	30	87147	0.00034424592929188614	0.03442459292918861	0	NM_0	0.02-<0.05%
WWTP1_ont	0.111	final_consensus_653_depth_30	30	87147	0.00034424592929188614	0.03442459292918861	30	NM_ge_2	0.02-<0.05%
WWTP1_ont	0.111	final_consensus_654_depth_29	29	87147	0.0003327710649821566	0.03327710649821566	0	NM_0	0.02-<0.05%
WWTP1_ont	0.111	final_consensus_655_depth_29	29	87147	0.0003327710649821566	0.03327710649821566	0	NM_0	0.02-<0.05%
WWTP1_ont	0.111	final_consensus_656_depth_29	29	87147	0.0003327710649821566	0.03327710649821566	0	NM_0	0.02-<0.05%
WWTP1_ont	0.111	final_consensus_657_depth_29	29	87147	0.0003327710649821566	0.03327710649821566	0	NM_0	0.02-<0.05%
WWTP1_ont	0.111	final_consensus_658_depth_29	29	87147	0.0003327710649821566	0.03327710649821566	0	NM_0	0.02-<0.05%
WWTP1_ont	0.111	final_consensus_659_depth_29	29	87147	0.0003327710649821566	0.03327710649821566	0	NM_0	0.02-<0.05%
WWTP1_ont	0.111	final_consensus_660_depth_29	29	87147	0.0003327710649821566	0.03327710649821566	0	NM_0	0.02-<0.05%
WWTP1_ont	0.111	final_consensus_661_depth_29	29	87147	0.0003327710649821566	0.03327710649821566	0	NM_0	0.02-<0.05%
WWTP1_ont	0.111	final_consensus_662_depth_28	28	87147	0.0003212962006724271	0.0321296200672427	0	NM_0	0.02-<0.05%
WWTP1_ont	0.111	final_consensus_663_depth_28	28	87147	0.0003212962006724271	0.0321296200672427	0	NM_0	0.02-<0.05%
WWTP1_ont	0.111	final_consensus_664_depth_28	28	87147	0.0003212962006724271	0.0321296200672427	0	NM_0	0.02-<0.05%
WWTP1_ont	0.111	final_consensus_665_depth_28	28	87147	0.0003212962006724271	0.0321296200672427	0	NM_0	0.02-<0.05%
WWTP1_ont	0.111	final_consensus_666_depth_28	28	87147	0.0003212962006724271	0.0321296200672427	0	NM_0	0.02-<0.05%
WWTP1_ont	0.111	final_consensus_667_depth_28	28	87147	0.0003212962006724271	0.0321296200672427	0	NM_0	0.02-<0.05%
WWTP1_ont	0.111	final_consensus_668_depth_28	28	87147	0.0003212962006724271	0.0321296200672427	0	NM_0	0.02-<0.05%
WWTP1_ont	0.111	final_consensus_669_depth_28	28	87147	0.0003212962006724271	0.0321296200672427	0	NM_0	0.02-<0.05%
WWTP1_ont	0.111	final_consensus_670_depth_28	28	87147	0.0003212962006724271	0.0321296200672427	0	NM_0	0.02-<0.05%
WWTP1_ont	0.111	final_consensus_671_depth_28	28	87147	0.0003212962006724271	0.0321296200672427	0	NM_0	0.02-<0.05%
WWTP1_ont	0.111	final_consensus_672_depth_28	28	87147	0.0003212962006724271	0.0321296200672427	0	NM_0	0.02-<0.05%
WWTP1_ont	0.111	final_consensus_673_depth_28	28	87147	0.0003212962006724271	0.0321296200672427	0	NM_0	0.02-<0.05%
WWTP1_ont	0.111	final_consensus_674_depth_28	28	87147	0.0003212962006724271	0.0321296200672427	0	NM_0	0.02-<0.05%
WWTP1_ont	0.111	final_consensus_675_depth_28	28	87147	0.0003212962006724271	0.0321296200672427	0	NM_0	0.02-<0.05%
WWTP1_ont	0.111	final_consensus_676_depth_27	27	87147	0.0003098213363626975	0.03098213363626975	0	NM_0	0.02-<0.05%
WWTP1_ont	0.111	final_consensus_677_depth_27	27	87147	0.0003098213363626975	0.03098213363626975	0	NM_0	0.02-<0.05%
WWTP1_ont	0.111	final_consensus_678_depth_27	27	87147	0.0003098213363626975	0.03098213363626975	1	NM_1	0.02-<0.05%
WWTP1_ont	0.111	final_consensus_679_depth_27	27	87147	0.0003098213363626975	0.03098213363626975	0	NM_0	0.02-<0.05%
WWTP1_ont	0.111	final_consensus_680_depth_27	27	87147	0.0003098213363626975	0.03098213363626975	4	NM_ge_2	0.02-<0.05%
WWTP1_ont	0.111	final_consensus_681_depth_27	27	87147	0.0003098213363626975	0.03098213363626975	0	NM_0	0.02-<0.05%
WWTP1_ont	0.111	final_consensus_682_depth_27	27	87147	0.0003098213363626975	0.03098213363626975	0	NM_0	0.02-<0.05%
WWTP1_ont	0.111	final_consensus_683_depth_27	27	87147	0.0003098213363626975	0.03098213363626975	0	NM_0	0.02-<0.05%
WWTP1_ont	0.111	final_consensus_684_depth_27	27	87147	0.0003098213363626975	0.03098213363626975	0	NM_0	0.02-<0.05%
WWTP1_ont	0.111	final_consensus_685_depth_27	27	87147	0.0003098213363626975	0.03098213363626975	0	NM_0	0.02-<0.05%
WWTP1_ont	0.111	final_consensus_686_depth_26	26	87147	0.00029834647205296796	0.029834647205296796	0	NM_0	0.02-<0.05%
WWTP1_ont	0.111	final_consensus_687_depth_26	26	87147	0.00029834647205296796	0.029834647205296796	0	NM_0	0.02-<0.05%
WWTP1_ont	0.111	final_consensus_688_depth_26	26	87147	0.00029834647205296796	0.029834647205296796	0	NM_0	0.02-<0.05%
WWTP1_ont	0.111	final_consensus_689_depth_26	26	87147	0.00029834647205296796	0.029834647205296796	0	NM_0	0.02-<0.05%
WWTP1_ont	0.111	final_consensus_690_depth_26	26	87147	0.00029834647205296796	0.029834647205296796	0	NM_0	0.02-<0.05%
WWTP1_ont	0.111	final_consensus_691_depth_25	25	87147	0.00028687160774323845	0.028687160774323844	0	NM_0	0.02-<0.05%
WWTP1_ont	0.111	final_consensus_692_depth_25	25	87147	0.00028687160774323845	0.028687160774323844	26	NM_ge_2	0.02-<0.05%
WWTP1_ont	0.111	final_consensus_693_depth_25	25	87147	0.00028687160774323845	0.028687160774323844	0	NM_0	0.02-<0.05%
WWTP1_ont	0.111	final_consensus_694_depth_25	25	87147	0.00028687160774323845	0.028687160774323844	0	NM_0	0.02-<0.05%
WWTP1_ont	0.111	final_consensus_695_depth_25	25	87147	0.00028687160774323845	0.028687160774323844	0	NM_0	0.02-<0.05%
WWTP1_ont	0.111	final_consensus_696_depth_25	25	87147	0.00028687160774323845	0.028687160774323844	0	NM_0	0.02-<0.05%
WWTP1_ont	0.111	final_consensus_697_depth_25	25	87147	0.00028687160774323845	0.028687160774323844	0	NM_0	0.02-<0.05%
WWTP1_ont	0.111	final_consensus_698_depth_25	25	87147	0.00028687160774323845	0.028687160774323844	0	NM_0	0.02-<0.05%
WWTP1_ont	0.111	final_consensus_699_depth_25	25	87147	0.00028687160774323845	0.028687160774323844	0	NM_0	0.02-<0.05%
WWTP1_ont	0.111	final_consensus_700_depth_25	25	87147	0.00028687160774323845	0.028687160774323844	0	NM_0	0.02-<0.05%
WWTP1_ont	0.111	final_consensus_701_depth_25	25	87147	0.00028687160774323845	0.028687160774323844	0	NM_0	0.02-<0.05%
WWTP1_ont	0.111	final_consensus_702_depth_24	24	87147	0.0002753967434335089	0.02753967434335089	40	NM_ge_2	0.02-<0.05%
WWTP1_ont	0.111	final_consensus_703_depth_24	24	87147	0.0002753967434335089	0.02753967434335089	0	NM_0	0.02-<0.05%
WWTP1_ont	0.111	final_consensus_704_depth_24	24	87147	0.0002753967434335089	0.02753967434335089	0	NM_0	0.02-<0.05%
WWTP1_ont	0.111	final_consensus_705_depth_24	24	87147	0.0002753967434335089	0.02753967434335089	0	NM_0	0.02-<0.05%
WWTP1_ont	0.111	final_consensus_706_depth_24	24	87147	0.0002753967434335089	0.02753967434335089	0	NM_0	0.02-<0.05%
WWTP1_ont	0.111	final_consensus_707_depth_24	24	87147	0.0002753967434335089	0.02753967434335089	0	NM_0	0.02-<0.05%
WWTP1_ont	0.111	final_consensus_708_depth_24	24	87147	0.0002753967434335089	0.02753967434335089	0	NM_0	0.02-<0.05%
WWTP1_ont	0.111	final_consensus_709_depth_23	23	87147	0.0002639218791237794	0.026392187912377935	0	NM_0	0.02-<0.05%
WWTP1_ont	0.111	final_consensus_710_depth_23	23	87147	0.0002639218791237794	0.026392187912377935	0	NM_0	0.02-<0.05%
WWTP1_ont	0.111	final_consensus_711_depth_23	23	87147	0.0002639218791237794	0.026392187912377935	0	NM_0	0.02-<0.05%
WWTP1_ont	0.111	final_consensus_712_depth_23	23	87147	0.0002639218791237794	0.026392187912377935	0	NM_0	0.02-<0.05%
WWTP1_ont	0.111	final_consensus_713_depth_23	23	87147	0.0002639218791237794	0.026392187912377935	0	NM_0	0.02-<0.05%
WWTP1_ont	0.111	final_consensus_714_depth_23	23	87147	0.0002639218791237794	0.026392187912377935	0	NM_0	0.02-<0.05%
WWTP1_ont	0.111	final_consensus_715_depth_23	23	87147	0.0002639218791237794	0.026392187912377935	0	NM_0	0.02-<0.05%
WWTP1_ont	0.111	final_consensus_716_depth_23	23	87147	0.0002639218791237794	0.026392187912377935	0	NM_0	0.02-<0.05%
WWTP1_ont	0.111	final_consensus_717_depth_23	23	87147	0.0002639218791237794	0.026392187912377935	0	NM_0	0.02-<0.05%
WWTP1_ont	0.111	final_consensus_718_depth_23	23	87147	0.0002639218791237794	0.026392187912377935	0	NM_0	0.02-<0.05%
WWTP1_ont	0.111	final_consensus_719_depth_23	23	87147	0.0002639218791237794	0.026392187912377935	0	NM_0	0.02-<0.05%
WWTP1_ont	0.111	final_consensus_720_depth_22	22	87147	0.0002524470148140498	0.025244701481404983	0	NM_0	0.02-<0.05%
WWTP1_ont	0.111	final_consensus_721_depth_22	22	87147	0.0002524470148140498	0.025244701481404983	0	NM_0	0.02-<0.05%
WWTP1_ont	0.111	final_consensus_722_depth_22	22	87147	0.0002524470148140498	0.025244701481404983	0	NM_0	0.02-<0.05%
WWTP1_ont	0.111	final_consensus_723_depth_22	22	87147	0.0002524470148140498	0.025244701481404983	0	NM_0	0.02-<0.05%
WWTP1_ont	0.111	final_consensus_724_depth_22	22	87147	0.0002524470148140498	0.025244701481404983	0	NM_0	0.02-<0.05%
WWTP1_ont	0.111	final_consensus_725_depth_22	22	87147	0.0002524470148140498	0.025244701481404983	0	NM_0	0.02-<0.05%
WWTP1_ont	0.111	final_consensus_726_depth_22	22	87147	0.0002524470148140498	0.025244701481404983	0	NM_0	0.02-<0.05%
WWTP1_ont	0.111	final_consensus_727_depth_22	22	87147	0.0002524470148140498	0.025244701481404983	0	NM_0	0.02-<0.05%
WWTP1_ont	0.111	final_consensus_728_depth_22	22	87147	0.0002524470148140498	0.025244701481404983	0	NM_0	0.02-<0.05%
WWTP1_ont	0.111	final_consensus_729_depth_21	21	87147	0.0002409721505043203	0.02409721505043203	0	NM_0	0.02-<0.05%
WWTP1_ont	0.111	final_consensus_730_depth_21	21	87147	0.0002409721505043203	0.02409721505043203	0	NM_0	0.02-<0.05%
WWTP1_ont	0.111	final_consensus_731_depth_21	21	87147	0.0002409721505043203	0.02409721505043203	0	NM_0	0.02-<0.05%
WWTP1_ont	0.111	final_consensus_732_depth_21	21	87147	0.0002409721505043203	0.02409721505043203	0	NM_0	0.02-<0.05%
WWTP1_ont	0.111	final_consensus_733_depth_21	21	87147	0.0002409721505043203	0.02409721505043203	0	NM_0	0.02-<0.05%
WWTP1_ont	0.111	final_consensus_734_depth_21	21	87147	0.0002409721505043203	0.02409721505043203	0	NM_0	0.02-<0.05%
WWTP1_ont	0.111	final_consensus_735_depth_21	21	87147	0.0002409721505043203	0.02409721505043203	0	NM_0	0.02-<0.05%
WWTP1_ont	0.111	final_consensus_736_depth_21	21	87147	0.0002409721505043203	0.02409721505043203	0	NM_0	0.02-<0.05%
WWTP1_ont	0.111	final_consensus_737_depth_21	21	87147	0.0002409721505043203	0.02409721505043203	0	NM_0	0.02-<0.05%
WWTP1_ont	0.111	final_consensus_738_depth_21	21	87147	0.0002409721505043203	0.02409721505043203	0	NM_0	0.02-<0.05%
WWTP1_ont	0.111	final_consensus_739_depth_21	21	87147	0.0002409721505043203	0.02409721505043203	0	NM_0	0.02-<0.05%
WWTP1_ont	0.111	final_consensus_740_depth_21	21	87147	0.0002409721505043203	0.02409721505043203	0	NM_0	0.02-<0.05%
WWTP1_ont	0.111	final_consensus_741_depth_21	21	87147	0.0002409721505043203	0.02409721505043203	0	NM_0	0.02-<0.05%
WWTP1_ont	0.111	final_consensus_742_depth_21	21	87147	0.0002409721505043203	0.02409721505043203	0	NM_0	0.02-<0.05%
WWTP1_ont	0.111	final_consensus_743_depth_21	21	87147	0.0002409721505043203	0.02409721505043203	0	NM_0	0.02-<0.05%
WWTP1_ont	0.111	final_consensus_744_depth_21	21	87147	0.0002409721505043203	0.02409721505043203	0	NM_0	0.02-<0.05%
WWTP1_ont	0.111	final_consensus_745_depth_21	21	87147	0.0002409721505043203	0.02409721505043203	0	NM_0	0.02-<0.05%
WWTP1_ont	0.111	final_consensus_746_depth_21	21	87147	0.0002409721505043203	0.02409721505043203	1	NM_1	0.02-<0.05%
WWTP1_ont	0.111	final_consensus_747_depth_21	21	87147	0.0002409721505043203	0.02409721505043203	0	NM_0	0.02-<0.05%
WWTP1_ont	0.111	final_consensus_748_depth_20	20	87147	0.00022949728619459076	0.022949728619459073	0	NM_0	0.02-<0.05%
WWTP1_ont	0.111	final_consensus_749_depth_20	20	87147	0.00022949728619459076	0.022949728619459073	0	NM_0	0.02-<0.05%
WWTP1_ont	0.111	final_consensus_750_depth_20	20	87147	0.00022949728619459076	0.022949728619459073	0	NM_0	0.02-<0.05%
WWTP1_ont	0.111	final_consensus_751_depth_20	20	87147	0.00022949728619459076	0.022949728619459073	0	NM_0	0.02-<0.05%
WWTP1_ont	0.111	final_consensus_752_depth_20	20	87147	0.00022949728619459076	0.022949728619459073	0	NM_0	0.02-<0.05%
WWTP1_ont	0.111	final_consensus_753_depth_20	20	87147	0.00022949728619459076	0.022949728619459073	17	NM_ge_2	0.02-<0.05%
WWTP1_ont	0.111	final_consensus_754_depth_20	20	87147	0.00022949728619459076	0.022949728619459073	0	NM_0	0.02-<0.05%
WWTP1_ont	0.111	final_consensus_755_depth_20	20	87147	0.00022949728619459076	0.022949728619459073	0	NM_0	0.02-<0.05%
WWTP1_ont	0.111	final_consensus_756_depth_20	20	87147	0.00022949728619459076	0.022949728619459073	0	NM_0	0.02-<0.05%
WWTP1_ont	0.111	final_consensus_757_depth_20	20	87147	0.00022949728619459076	0.022949728619459073	0	NM_0	0.02-<0.05%
WWTP1_ont	0.111	final_consensus_758_depth_19	19	87147	0.0002180224218848612	0.021802242188486122	0	NM_0	0.02-<0.05%
WWTP1_ont	0.111	final_consensus_759_depth_19	19	87147	0.0002180224218848612	0.021802242188486122	0	NM_0	0.02-<0.05%
WWTP1_ont	0.111	final_consensus_760_depth_19	19	87147	0.0002180224218848612	0.021802242188486122	0	NM_0	0.02-<0.05%
WWTP1_ont	0.111	final_consensus_761_depth_19	19	87147	0.0002180224218848612	0.021802242188486122	0	NM_0	0.02-<0.05%
WWTP1_ont	0.111	final_consensus_762_depth_19	19	87147	0.0002180224218848612	0.021802242188486122	0	NM_0	0.02-<0.05%
WWTP1_ont	0.111	final_consensus_763_depth_19	19	87147	0.0002180224218848612	0.021802242188486122	0	NM_0	0.02-<0.05%
WWTP1_ont	0.111	final_consensus_764_depth_19	19	87147	0.0002180224218848612	0.021802242188486122	0	NM_0	0.02-<0.05%
WWTP1_ont	0.111	final_consensus_765_depth_19	19	87147	0.0002180224218848612	0.021802242188486122	0	NM_0	0.02-<0.05%
WWTP1_ont	0.111	final_consensus_766_depth_19	19	87147	0.0002180224218848612	0.021802242188486122	0	NM_0	0.02-<0.05%
WWTP1_ont	0.111	final_consensus_767_depth_19	19	87147	0.0002180224218848612	0.021802242188486122	0	NM_0	0.02-<0.05%
WWTP1_ont	0.111	final_consensus_768_depth_19	19	87147	0.0002180224218848612	0.021802242188486122	0	NM_0	0.02-<0.05%
WWTP1_ont	0.111	final_consensus_769_depth_18	18	87147	0.00020654755757513167	0.020654755757513167	0	NM_0	0.02-<0.05%
WWTP1_ont	0.111	final_consensus_770_depth_18	18	87147	0.00020654755757513167	0.020654755757513167	0	NM_0	0.02-<0.05%
WWTP1_ont	0.111	final_consensus_771_depth_18	18	87147	0.00020654755757513167	0.020654755757513167	0	NM_0	0.02-<0.05%
WWTP1_ont	0.111	final_consensus_772_depth_18	18	87147	0.00020654755757513167	0.020654755757513167	0	NM_0	0.02-<0.05%
WWTP1_ont	0.111	final_consensus_773_depth_17	17	87147	0.00019507269326540214	0.019507269326540212	0	NM_0	<0.02%
WWTP1_ont	0.111	final_consensus_774_depth_17	17	87147	0.00019507269326540214	0.019507269326540212	0	NM_0	<0.02%
WWTP1_ont	0.111	final_consensus_775_depth_17	17	87147	0.00019507269326540214	0.019507269326540212	0	NM_0	<0.02%
WWTP1_ont	0.111	final_consensus_776_depth_17	17	87147	0.00019507269326540214	0.019507269326540212	0	NM_0	<0.02%
WWTP1_ont	0.111	final_consensus_777_depth_17	17	87147	0.00019507269326540214	0.019507269326540212	76	NM_ge_2	<0.02%
WWTP1_ont	0.111	final_consensus_778_depth_17	17	87147	0.00019507269326540214	0.019507269326540212	0	NM_0	<0.02%
WWTP1_ont	0.111	final_consensus_779_depth_17	17	87147	0.00019507269326540214	0.019507269326540212	0	NM_0	<0.02%
WWTP1_ont	0.111	final_consensus_780_depth_17	17	87147	0.00019507269326540214	0.019507269326540212	95	NM_ge_2	<0.02%
WWTP1_ont	0.111	final_consensus_781_depth_16	16	87147	0.0001835978289556726	0.01835978289556726	240	NM_ge_2	<0.02%
WWTP1_ont	0.111	final_consensus_782_depth_16	16	87147	0.0001835978289556726	0.01835978289556726	0	NM_0	<0.02%
WWTP1_ont	0.111	final_consensus_783_depth_16	16	87147	0.0001835978289556726	0.01835978289556726	0	NM_0	<0.02%
WWTP1_ont	0.111	final_consensus_784_depth_16	16	87147	0.0001835978289556726	0.01835978289556726	0	NM_0	<0.02%
WWTP1_ont	0.111	final_consensus_785_depth_15	15	87147	0.00017212296464594307	0.017212296464594306	0	NM_0	<0.02%
WWTP1_ont	0.111	final_consensus_786_depth_15	15	87147	0.00017212296464594307	0.017212296464594306	0	NM_0	<0.02%
WWTP1_ont	0.111	final_consensus_787_depth_15	15	87147	0.00017212296464594307	0.017212296464594306	0	NM_0	<0.02%
WWTP1_ont	0.111	final_consensus_788_depth_15	15	87147	0.00017212296464594307	0.017212296464594306	0	NM_0	<0.02%
WWTP1_ont	0.111	final_consensus_789_depth_15	15	87147	0.00017212296464594307	0.017212296464594306	0	NM_0	<0.02%
WWTP1_ont	0.111	final_consensus_790_depth_15	15	87147	0.00017212296464594307	0.017212296464594306	0	NM_0	<0.02%
WWTP1_ont	0.111	final_consensus_791_depth_15	15	87147	0.00017212296464594307	0.017212296464594306	0	NM_0	<0.02%
WWTP1_ont	0.111	final_consensus_792_depth_14	14	87147	0.00016064810033621354	0.01606481003362135	0	NM_0	<0.02%
WWTP1_ont	0.111	final_consensus_793_depth_14	14	87147	0.00016064810033621354	0.01606481003362135	0	NM_0	<0.02%
WWTP1_ont	0.111	final_consensus_794_depth_13	13	87147	0.00014917323602648398	0.014917323602648398	0	NM_0	<0.02%
WWTP1_ont	0.037	final_consensus_0_depth_774	774	24447	0.03166032642041968	3.1660326420419684	0	NM_0	>=1%
WWTP1_ont	0.037	final_consensus_1_depth_728	728	24447	0.029778704953573036	2.9778704953573034	0	NM_0	>=1%
WWTP1_ont	0.037	final_consensus_2_depth_435	435	24447	0.017793594306049824	1.7793594306049823	0	NM_0	>=1%
WWTP1_ont	0.037	final_consensus_3_depth_375	375	24447	0.015339305436249846	1.5339305436249846	0	NM_0	>=1%
WWTP1_ont	0.037	final_consensus_4_depth_342	342	24447	0.01398944655785986	1.398944655785986	0	NM_0	>=1%
WWTP1_ont	0.037	final_consensus_5_depth_342	342	24447	0.01398944655785986	1.398944655785986	0	NM_0	>=1%
WWTP1_ont	0.037	final_consensus_6_depth_330	330	24447	0.013498588783899866	1.3498588783899865	0	NM_0	>=1%
WWTP1_ont	0.037	final_consensus_7_depth_329	329	24447	0.013457683969403198	1.3457683969403198	0	NM_0	>=1%
WWTP1_ont	0.037	final_consensus_8_depth_291	291	24447	0.01190330101852988	1.1903301018529882	0	NM_0	>=1%
WWTP1_ont	0.037	final_consensus_9_depth_282	282	24447	0.011535157688059884	1.1535157688059885	0	NM_0	>=1%
WWTP1_ont	0.037	final_consensus_10_depth_265	265	24447	0.010839775841616559	1.083977584161656	0	NM_0	>=1%
WWTP1_ont	0.037	final_consensus_11_depth_265	265	24447	0.010839775841616559	1.083977584161656	0	NM_0	>=1%
WWTP1_ont	0.037	final_consensus_12_depth_249	249	24447	0.010185298809669898	1.0185298809669898	0	NM_0	>=1%
WWTP1_ont	0.037	final_consensus_13_depth_248	248	24447	0.010144393995173232	1.014439399517323	0	NM_0	>=1%
WWTP1_ont	0.037	final_consensus_14_depth_246	246	24447	0.0100625843661799	1.0062584366179899	0	NM_0	>=1%
WWTP1_ont	0.037	final_consensus_15_depth_238	238	24447	0.00973534585020657	0.9735345850206569	0	NM_0	0.1-<1%
WWTP1_ont	0.037	final_consensus_16_depth_226	226	24447	0.009244488076246574	0.9244488076246574	0	NM_0	0.1-<1%
WWTP1_ont	0.037	final_consensus_17_depth_224	224	24447	0.009162678447253242	0.9162678447253242	0	NM_0	0.1-<1%
WWTP1_ont	0.037	final_consensus_18_depth_219	219	24447	0.00895815437476991	0.895815437476991	0	NM_0	0.1-<1%
WWTP1_ont	0.037	final_consensus_19_depth_216	216	24447	0.008835439931279911	0.8835439931279911	0	NM_0	0.1-<1%
WWTP1_ont	0.037	final_consensus_20_depth_195	195	24447	0.00797643882684992	0.797643882684992	0	NM_0	0.1-<1%
WWTP1_ont	0.037	final_consensus_21_depth_195	195	24447	0.00797643882684992	0.797643882684992	0	NM_0	0.1-<1%
WWTP1_ont	0.037	final_consensus_22_depth_188	188	24447	0.007690105125373256	0.7690105125373257	0	NM_0	0.1-<1%
WWTP1_ont	0.037	final_consensus_23_depth_187	187	24447	0.00764920031087659	0.764920031087659	0	NM_0	0.1-<1%
WWTP1_ont	0.037	final_consensus_24_depth_176	176	24447	0.007199247351413261	0.7199247351413262	0	NM_0	0.1-<1%
WWTP1_ont	0.037	final_consensus_25_depth_175	175	24447	0.007158342536916595	0.7158342536916595	0	NM_0	0.1-<1%
WWTP1_ont	0.037	final_consensus_26_depth_173	173	24447	0.007076532907923263	0.7076532907923263	0	NM_0	0.1-<1%
WWTP1_ont	0.037	final_consensus_27_depth_172	172	24447	0.007035628093426597	0.7035628093426596	0	NM_0	0.1-<1%
WWTP1_ont	0.037	final_consensus_28_depth_171	171	24447	0.00699472327892993	0.699472327892993	0	NM_0	0.1-<1%
WWTP1_ont	0.037	final_consensus_29_depth_169	169	24447	0.006912913649936597	0.6912913649936597	0	NM_0	0.1-<1%
WWTP1_ont	0.037	final_consensus_30_depth_169	169	24447	0.006912913649936597	0.6912913649936597	0	NM_0	0.1-<1%
WWTP1_ont	0.037	final_consensus_31_depth_165	165	24447	0.006749294391949933	0.6749294391949933	0	NM_0	0.1-<1%
WWTP1_ont	0.037	final_consensus_32_depth_164	164	24447	0.006708389577453266	0.6708389577453266	0	NM_0	0.1-<1%
WWTP1_ont	0.037	final_consensus_33_depth_163	163	24447	0.0066674847629566	0.66674847629566	0	NM_0	0.1-<1%
WWTP1_ont	0.037	final_consensus_34_depth_161	161	24447	0.006585675133963268	0.6585675133963268	0	NM_0	0.1-<1%
WWTP1_ont	0.037	final_consensus_35_depth_159	159	24447	0.006503865504969935	0.6503865504969935	0	NM_0	0.1-<1%
WWTP1_ont	0.037	final_consensus_36_depth_155	155	24447	0.00634024624698327	0.634024624698327	0	NM_0	0.1-<1%
WWTP1_ont	0.037	final_consensus_37_depth_150	150	24447	0.0061357221744999385	0.6135722174499939	0	NM_0	0.1-<1%
WWTP1_ont	0.037	final_consensus_38_depth_145	145	24447	0.005931198102016607	0.5931198102016607	0	NM_0	0.1-<1%
WWTP1_ont	0.037	final_consensus_39_depth_144	144	24447	0.0058902932875199415	0.5890293287519941	0	NM_0	0.1-<1%
WWTP1_ont	0.037	final_consensus_40_depth_138	138	24447	0.0056448644005399435	0.5644864400539944	0	NM_0	0.1-<1%
WWTP1_ont	0.037	final_consensus_41_depth_136	136	24447	0.005563054771546611	0.556305477154661	0	NM_0	0.1-<1%
WWTP1_ont	0.037	final_consensus_42_depth_136	136	24447	0.005563054771546611	0.556305477154661	0	NM_0	0.1-<1%
WWTP1_ont	0.037	final_consensus_43_depth_135	135	24447	0.005522149957049945	0.5522149957049944	0	NM_0	0.1-<1%
WWTP1_ont	0.037	final_consensus_44_depth_133	133	24447	0.005440340328056612	0.5440340328056612	0	NM_0	0.1-<1%
WWTP1_ont	0.037	final_consensus_45_depth_132	132	24447	0.005399435513559946	0.5399435513559946	0	NM_0	0.1-<1%
WWTP1_ont	0.037	final_consensus_46_depth_129	129	24447	0.005276721070069947	0.5276721070069947	0	NM_0	0.1-<1%
WWTP1_ont	0.037	final_consensus_47_depth_124	124	24447	0.005072196997586616	0.5072196997586615	0	NM_0	0.1-<1%
WWTP1_ont	0.037	final_consensus_48_depth_122	122	24447	0.004990387368593283	0.49903873685932837	0	NM_0	0.1-<1%
WWTP1_ont	0.037	final_consensus_49_depth_119	119	24447	0.004867672925103285	0.48676729251032846	0	NM_0	0.1-<1%
WWTP1_ont	0.037	final_consensus_50_depth_119	119	24447	0.004867672925103285	0.48676729251032846	0	NM_0	0.1-<1%
WWTP1_ont	0.037	final_consensus_51_depth_115	115	24447	0.0047040536671166195	0.47040536671166194	0	NM_0	0.1-<1%
WWTP1_ont	0.037	final_consensus_52_depth_112	112	24447	0.004581339223626621	0.4581339223626621	0	NM_0	0.1-<1%
WWTP1_ont	0.037	final_consensus_53_depth_111	111	24447	0.004540434409129954	0.4540434409129955	0	NM_0	0.1-<1%
WWTP1_ont	0.037	final_consensus_54_depth_110	110	24447	0.004499529594633288	0.44995295946332886	0	NM_0	0.1-<1%
WWTP1_ont	0.037	final_consensus_55_depth_108	108	24447	0.004417719965639956	0.4417719965639956	0	NM_0	0.1-<1%
WWTP1_ont	0.037	final_consensus_56_depth_107	107	24447	0.00437681515114329	0.43768151511432896	0	NM_0	0.1-<1%
WWTP1_ont	0.037	final_consensus_57_depth_106	106	24447	0.004335910336646623	0.43359103366466234	0	NM_0	0.1-<1%
WWTP1_ont	0.037	final_consensus_58_depth_106	106	24447	0.004335910336646623	0.43359103366466234	0	NM_0	0.1-<1%
WWTP1_ont	0.037	final_consensus_59_depth_106	106	24447	0.004335910336646623	0.43359103366466234	0	NM_0	0.1-<1%
WWTP1_ont	0.037	final_consensus_60_depth_105	105	24447	0.004295005522149957	0.4295005522149957	0	NM_0	0.1-<1%
WWTP1_ont	0.037	final_consensus_61_depth_104	104	24447	0.00425410070765329	0.4254100707653291	0	NM_0	0.1-<1%
WWTP1_ont	0.037	final_consensus_62_depth_104	104	24447	0.00425410070765329	0.4254100707653291	0	NM_0	0.1-<1%
WWTP1_ont	0.037	final_consensus_63_depth_100	100	24447	0.004090481449666626	0.4090481449666626	0	NM_0	0.1-<1%
WWTP1_ont	0.037	final_consensus_64_depth_99	99	24447	0.004049576635169959	0.40495766351699597	0	NM_0	0.1-<1%
WWTP1_ont	0.037	final_consensus_65_depth_99	99	24447	0.004049576635169959	0.40495766351699597	0	NM_0	0.1-<1%
WWTP1_ont	0.037	final_consensus_66_depth_97	97	24447	0.003967767006176627	0.3967767006176627	0	NM_0	0.1-<1%
WWTP1_ont	0.037	final_consensus_67_depth_97	97	24447	0.003967767006176627	0.3967767006176627	0	NM_0	0.1-<1%
WWTP1_ont	0.037	final_consensus_68_depth_96	96	24447	0.003926862191679961	0.39268621916799606	0	NM_0	0.1-<1%
WWTP1_ont	0.037	final_consensus_69_depth_95	95	24447	0.0038859573771832944	0.38859573771832945	0	NM_0	0.1-<1%
WWTP1_ont	0.037	final_consensus_70_depth_95	95	24447	0.0038859573771832944	0.38859573771832945	0	NM_0	0.1-<1%
WWTP1_ont	0.037	final_consensus_71_depth_94	94	24447	0.003845052562686628	0.38450525626866283	0	NM_0	0.1-<1%
WWTP1_ont	0.037	final_consensus_72_depth_94	94	24447	0.003845052562686628	0.38450525626866283	0	NM_0	0.1-<1%
WWTP1_ont	0.037	final_consensus_73_depth_94	94	24447	0.003845052562686628	0.38450525626866283	0	NM_0	0.1-<1%
WWTP1_ont	0.037	final_consensus_74_depth_92	92	24447	0.003763242933693296	0.37632429336932954	0	NM_0	0.1-<1%
WWTP1_ont	0.037	final_consensus_75_depth_91	91	24447	0.0037223381191966295	0.3722338119196629	0	NM_0	0.1-<1%
WWTP1_ont	0.037	final_consensus_76_depth_90	90	24447	0.003681433304699963	0.3681433304699963	0	NM_0	0.1-<1%
WWTP1_ont	0.037	final_consensus_77_depth_88	88	24447	0.0035996236757066306	0.3599623675706631	0	NM_0	0.1-<1%
WWTP1_ont	0.037	final_consensus_78_depth_87	87	24447	0.0035587188612099642	0.35587188612099646	0	NM_0	0.1-<1%
WWTP1_ont	0.037	final_consensus_79_depth_87	87	24447	0.0035587188612099642	0.35587188612099646	0	NM_0	0.1-<1%
WWTP1_ont	0.037	final_consensus_80_depth_87	87	24447	0.0035587188612099642	0.35587188612099646	0	NM_0	0.1-<1%
WWTP1_ont	0.037	final_consensus_81_depth_87	87	24447	0.0035587188612099642	0.35587188612099646	0	NM_0	0.1-<1%
WWTP1_ont	0.037	final_consensus_82_depth_86	86	24447	0.0035178140467132983	0.3517814046713298	0	NM_0	0.1-<1%
WWTP1_ont	0.037	final_consensus_83_depth_85	85	24447	0.003476909232216632	0.3476909232216632	0	NM_0	0.1-<1%
WWTP1_ont	0.037	final_consensus_84_depth_85	85	24447	0.003476909232216632	0.3476909232216632	0	NM_0	0.1-<1%
WWTP1_ont	0.037	final_consensus_85_depth_84	84	24447	0.0034360044177199657	0.34360044177199656	0	NM_0	0.1-<1%
WWTP1_ont	0.037	final_consensus_86_depth_81	81	24447	0.0033132899742299667	0.3313289974229967	0	NM_0	0.1-<1%
WWTP1_ont	0.037	final_consensus_87_depth_80	80	24447	0.0032723851597333004	0.32723851597333004	0	NM_0	0.1-<1%
WWTP1_ont	0.037	final_consensus_88_depth_79	79	24447	0.0032314803452366345	0.3231480345236634	0	NM_0	0.1-<1%
WWTP1_ont	0.037	final_consensus_89_depth_77	77	24447	0.003149670716243302	0.3149670716243302	0	NM_0	0.1-<1%
WWTP1_ont	0.037	final_consensus_90_depth_77	77	24447	0.003149670716243302	0.3149670716243302	0	NM_0	0.1-<1%
WWTP1_ont	0.037	final_consensus_91_depth_76	76	24447	0.0031087659017466356	0.31087659017466357	0	NM_0	0.1-<1%
WWTP1_ont	0.037	final_consensus_92_depth_76	76	24447	0.0031087659017466356	0.31087659017466357	0	NM_0	0.1-<1%
WWTP1_ont	0.037	final_consensus_93_depth_74	74	24447	0.003026956272753303	0.3026956272753303	0	NM_0	0.1-<1%
WWTP1_ont	0.037	final_consensus_94_depth_74	74	24447	0.003026956272753303	0.3026956272753303	0	NM_0	0.1-<1%
WWTP1_ont	0.037	final_consensus_95_depth_74	74	24447	0.003026956272753303	0.3026956272753303	0	NM_0	0.1-<1%
WWTP1_ont	0.037	final_consensus_96_depth_74	74	24447	0.003026956272753303	0.3026956272753303	0	NM_0	0.1-<1%
WWTP1_ont	0.037	final_consensus_97_depth_73	73	24447	0.0029860514582566366	0.29860514582566366	0	NM_0	0.1-<1%
WWTP1_ont	0.037	final_consensus_98_depth_73	73	24447	0.0029860514582566366	0.29860514582566366	0	NM_0	0.1-<1%
WWTP1_ont	0.037	final_consensus_99_depth_73	73	24447	0.0029860514582566366	0.29860514582566366	0	NM_0	0.1-<1%
WWTP1_ont	0.037	final_consensus_100_depth_72	72	24447	0.0029451466437599707	0.29451466437599705	0	NM_0	0.1-<1%
WWTP1_ont	0.037	final_consensus_101_depth_72	72	24447	0.0029451466437599707	0.29451466437599705	0	NM_0	0.1-<1%
WWTP1_ont	0.037	final_consensus_102_depth_71	71	24447	0.0029042418292633044	0.29042418292633043	0	NM_0	0.1-<1%
WWTP1_ont	0.037	final_consensus_103_depth_70	70	24447	0.002863337014766638	0.2863337014766638	0	NM_0	0.1-<1%
WWTP1_ont	0.037	final_consensus_104_depth_70	70	24447	0.002863337014766638	0.2863337014766638	0	NM_0	0.1-<1%
WWTP1_ont	0.037	final_consensus_105_depth_69	69	24447	0.0028224322002699718	0.2822432200269972	0	NM_0	0.1-<1%
WWTP1_ont	0.037	final_consensus_106_depth_69	69	24447	0.0028224322002699718	0.2822432200269972	0	NM_0	0.1-<1%
WWTP1_ont	0.037	final_consensus_107_depth_68	68	24447	0.0027815273857733054	0.2781527385773305	0	NM_0	0.1-<1%
WWTP1_ont	0.037	final_consensus_108_depth_68	68	24447	0.0027815273857733054	0.2781527385773305	0	NM_0	0.1-<1%
WWTP1_ont	0.037	final_consensus_109_depth_67	67	24447	0.002740622571276639	0.2740622571276639	0	NM_0	0.1-<1%
WWTP1_ont	0.037	final_consensus_110_depth_66	66	24447	0.002699717756779973	0.2699717756779973	0	NM_0	0.1-<1%
WWTP1_ont	0.037	final_consensus_111_depth_64	64	24447	0.0026179081277866406	0.26179081277866406	0	NM_0	0.1-<1%
WWTP1_ont	0.037	final_consensus_112_depth_64	64	24447	0.0026179081277866406	0.26179081277866406	0	NM_0	0.1-<1%
WWTP1_ont	0.037	final_consensus_113_depth_64	64	24447	0.0026179081277866406	0.26179081277866406	0	NM_0	0.1-<1%
WWTP1_ont	0.037	final_consensus_114_depth_64	64	24447	0.0026179081277866406	0.26179081277866406	0	NM_0	0.1-<1%
WWTP1_ont	0.037	final_consensus_115_depth_64	64	24447	0.0026179081277866406	0.26179081277866406	0	NM_0	0.1-<1%
WWTP1_ont	0.037	final_consensus_116_depth_63	63	24447	0.0025770033132899743	0.25770033132899745	0	NM_0	0.1-<1%
WWTP1_ont	0.037	final_consensus_117_depth_63	63	24447	0.0025770033132899743	0.25770033132899745	0	NM_0	0.1-<1%
WWTP1_ont	0.037	final_consensus_118_depth_63	63	24447	0.0025770033132899743	0.25770033132899745	0	NM_0	0.1-<1%
WWTP1_ont	0.037	final_consensus_119_depth_63	63	24447	0.0025770033132899743	0.25770033132899745	0	NM_0	0.1-<1%
WWTP1_ont	0.037	final_consensus_120_depth_62	62	24447	0.002536098498793308	0.2536098498793308	0	NM_0	0.1-<1%
WWTP1_ont	0.037	final_consensus_121_depth_62	62	24447	0.002536098498793308	0.2536098498793308	0	NM_0	0.1-<1%
WWTP1_ont	0.037	final_consensus_122_depth_61	61	24447	0.0024951936842966416	0.24951936842966418	0	NM_0	0.1-<1%
WWTP1_ont	0.037	final_consensus_123_depth_61	61	24447	0.0024951936842966416	0.24951936842966418	0	NM_0	0.1-<1%
WWTP1_ont	0.037	final_consensus_124_depth_61	61	24447	0.0024951936842966416	0.24951936842966418	0	NM_0	0.1-<1%
WWTP1_ont	0.037	final_consensus_125_depth_61	61	24447	0.0024951936842966416	0.24951936842966418	0	NM_0	0.1-<1%
WWTP1_ont	0.037	final_consensus_126_depth_61	61	24447	0.0024951936842966416	0.24951936842966418	0	NM_0	0.1-<1%
WWTP1_ont	0.037	final_consensus_127_depth_60	60	24447	0.0024542888697999753	0.24542888697999754	0	NM_0	0.1-<1%
WWTP1_ont	0.037	final_consensus_128_depth_60	60	24447	0.0024542888697999753	0.24542888697999754	0	NM_0	0.1-<1%
WWTP1_ont	0.037	final_consensus_129_depth_60	60	24447	0.0024542888697999753	0.24542888697999754	0	NM_0	0.1-<1%
WWTP1_ont	0.037	final_consensus_130_depth_60	60	24447	0.0024542888697999753	0.24542888697999754	0	NM_0	0.1-<1%
WWTP1_ont	0.037	final_consensus_131_depth_60	60	24447	0.0024542888697999753	0.24542888697999754	0	NM_0	0.1-<1%
WWTP1_ont	0.037	final_consensus_132_depth_60	60	24447	0.0024542888697999753	0.24542888697999754	0	NM_0	0.1-<1%
WWTP1_ont	0.037	final_consensus_133_depth_58	58	24447	0.002372479240806643	0.2372479240806643	0	NM_0	0.1-<1%
WWTP1_ont	0.037	final_consensus_134_depth_58	58	24447	0.002372479240806643	0.2372479240806643	0	NM_0	0.1-<1%
WWTP1_ont	0.037	final_consensus_135_depth_58	58	24447	0.002372479240806643	0.2372479240806643	0	NM_0	0.1-<1%
WWTP1_ont	0.037	final_consensus_136_depth_57	57	24447	0.002331574426309977	0.23315744263099766	0	NM_0	0.1-<1%
WWTP1_ont	0.037	final_consensus_137_depth_57	57	24447	0.002331574426309977	0.23315744263099766	0	NM_0	0.1-<1%
WWTP1_ont	0.037	final_consensus_138_depth_57	57	24447	0.002331574426309977	0.23315744263099766	0	NM_0	0.1-<1%
WWTP1_ont	0.037	final_consensus_139_depth_57	57	24447	0.002331574426309977	0.23315744263099766	0	NM_0	0.1-<1%
WWTP1_ont	0.037	final_consensus_140_depth_56	56	24447	0.0022906696118133105	0.22906696118133105	0	NM_0	0.1-<1%
WWTP1_ont	0.037	final_consensus_141_depth_55	55	24447	0.002249764797316644	0.22497647973166443	0	NM_0	0.1-<1%
WWTP1_ont	0.037	final_consensus_142_depth_55	55	24447	0.002249764797316644	0.22497647973166443	0	NM_0	0.1-<1%
WWTP1_ont	0.037	final_consensus_143_depth_55	55	24447	0.002249764797316644	0.22497647973166443	0	NM_0	0.1-<1%
WWTP1_ont	0.037	final_consensus_144_depth_55	55	24447	0.002249764797316644	0.22497647973166443	0	NM_0	0.1-<1%
WWTP1_ont	0.037	final_consensus_145_depth_54	54	24447	0.002208859982819978	0.2208859982819978	0	NM_0	0.1-<1%
WWTP1_ont	0.037	final_consensus_146_depth_53	53	24447	0.0021679551683233115	0.21679551683233117	0	NM_0	0.1-<1%
WWTP1_ont	0.037	final_consensus_147_depth_53	53	24447	0.0021679551683233115	0.21679551683233117	0	NM_0	0.1-<1%
WWTP1_ont	0.037	final_consensus_148_depth_53	53	24447	0.0021679551683233115	0.21679551683233117	0	NM_0	0.1-<1%
WWTP1_ont	0.037	final_consensus_149_depth_53	53	24447	0.0021679551683233115	0.21679551683233117	0	NM_0	0.1-<1%
WWTP1_ont	0.037	final_consensus_150_depth_53	53	24447	0.0021679551683233115	0.21679551683233117	0	NM_0	0.1-<1%
WWTP1_ont	0.037	final_consensus_151_depth_53	53	24447	0.0021679551683233115	0.21679551683233117	0	NM_0	0.1-<1%
WWTP1_ont	0.037	final_consensus_152_depth_53	53	24447	0.0021679551683233115	0.21679551683233117	0	NM_0	0.1-<1%
WWTP1_ont	0.037	final_consensus_153_depth_52	52	24447	0.002127050353826645	0.21270503538266455	0	NM_0	0.1-<1%
WWTP1_ont	0.037	final_consensus_154_depth_52	52	24447	0.002127050353826645	0.21270503538266455	0	NM_0	0.1-<1%
WWTP1_ont	0.037	final_consensus_155_depth_51	51	24447	0.0020861455393299793	0.2086145539329979	0	NM_0	0.1-<1%
WWTP1_ont	0.037	final_consensus_156_depth_50	50	24447	0.002045240724833313	0.2045240724833313	0	NM_0	0.1-<1%
WWTP1_ont	0.037	final_consensus_157_depth_50	50	24447	0.002045240724833313	0.2045240724833313	0	NM_0	0.1-<1%
WWTP1_ont	0.037	final_consensus_158_depth_50	50	24447	0.002045240724833313	0.2045240724833313	0	NM_0	0.1-<1%
WWTP1_ont	0.037	final_consensus_159_depth_49	49	24447	0.0020043359103366467	0.20043359103366465	0	NM_0	0.1-<1%
WWTP1_ont	0.037	final_consensus_160_depth_49	49	24447	0.0020043359103366467	0.20043359103366465	0	NM_0	0.1-<1%
WWTP1_ont	0.037	final_consensus_161_depth_49	49	24447	0.0020043359103366467	0.20043359103366465	0	NM_0	0.1-<1%
WWTP1_ont	0.037	final_consensus_162_depth_48	48	24447	0.0019634310958399803	0.19634310958399803	0	NM_0	0.1-<1%
WWTP1_ont	0.037	final_consensus_163_depth_47	47	24447	0.001922526281343314	0.19225262813433142	0	NM_0	0.1-<1%
WWTP1_ont	0.037	final_consensus_164_depth_47	47	24447	0.001922526281343314	0.19225262813433142	0	NM_0	0.1-<1%
WWTP1_ont	0.037	final_consensus_165_depth_47	47	24447	0.001922526281343314	0.19225262813433142	0	NM_0	0.1-<1%
WWTP1_ont	0.037	final_consensus_166_depth_47	47	24447	0.001922526281343314	0.19225262813433142	0	NM_0	0.1-<1%
WWTP1_ont	0.037	final_consensus_167_depth_46	46	24447	0.001881621466846648	0.18816214668466477	0	NM_0	0.1-<1%
WWTP1_ont	0.037	final_consensus_168_depth_46	46	24447	0.001881621466846648	0.18816214668466477	0	NM_0	0.1-<1%
WWTP1_ont	0.037	final_consensus_169_depth_46	46	24447	0.001881621466846648	0.18816214668466477	0	NM_0	0.1-<1%
WWTP1_ont	0.037	final_consensus_170_depth_46	46	24447	0.001881621466846648	0.18816214668466477	0	NM_0	0.1-<1%
WWTP1_ont	0.037	final_consensus_171_depth_46	46	24447	0.001881621466846648	0.18816214668466477	0	NM_0	0.1-<1%
WWTP1_ont	0.037	final_consensus_172_depth_46	46	24447	0.001881621466846648	0.18816214668466477	0	NM_0	0.1-<1%
WWTP1_ont	0.037	final_consensus_173_depth_46	46	24447	0.001881621466846648	0.18816214668466477	0	NM_0	0.1-<1%
WWTP1_ont	0.037	final_consensus_174_depth_46	46	24447	0.001881621466846648	0.18816214668466477	0	NM_0	0.1-<1%
WWTP1_ont	0.037	final_consensus_175_depth_45	45	24447	0.0018407166523499816	0.18407166523499816	0	NM_0	0.1-<1%
WWTP1_ont	0.037	final_consensus_176_depth_45	45	24447	0.0018407166523499816	0.18407166523499816	0	NM_0	0.1-<1%
WWTP1_ont	0.037	final_consensus_177_depth_45	45	24447	0.0018407166523499816	0.18407166523499816	0	NM_0	0.1-<1%
WWTP1_ont	0.037	final_consensus_178_depth_44	44	24447	0.0017998118378533153	0.17998118378533154	0	NM_0	0.1-<1%
WWTP1_ont	0.037	final_consensus_179_depth_44	44	24447	0.0017998118378533153	0.17998118378533154	0	NM_0	0.1-<1%
WWTP1_ont	0.037	final_consensus_180_depth_44	44	24447	0.0017998118378533153	0.17998118378533154	0	NM_0	0.1-<1%
WWTP1_ont	0.037	final_consensus_181_depth_44	44	24447	0.0017998118378533153	0.17998118378533154	0	NM_0	0.1-<1%
WWTP1_ont	0.037	final_consensus_182_depth_44	44	24447	0.0017998118378533153	0.17998118378533154	0	NM_0	0.1-<1%
WWTP1_ont	0.037	final_consensus_183_depth_43	43	24447	0.0017589070233566492	0.1758907023356649	0	NM_0	0.1-<1%
WWTP1_ont	0.037	final_consensus_184_depth_43	43	24447	0.0017589070233566492	0.1758907023356649	0	NM_0	0.1-<1%
WWTP1_ont	0.037	final_consensus_185_depth_43	43	24447	0.0017589070233566492	0.1758907023356649	0	NM_0	0.1-<1%
WWTP1_ont	0.037	final_consensus_186_depth_42	42	24447	0.0017180022088599829	0.17180022088599828	0	NM_0	0.1-<1%
WWTP1_ont	0.037	final_consensus_187_depth_42	42	24447	0.0017180022088599829	0.17180022088599828	0	NM_0	0.1-<1%
WWTP1_ont	0.037	final_consensus_188_depth_42	42	24447	0.0017180022088599829	0.17180022088599828	0	NM_0	0.1-<1%
WWTP1_ont	0.037	final_consensus_189_depth_41	41	24447	0.0016770973943633165	0.16770973943633166	0	NM_0	0.1-<1%
WWTP1_ont	0.037	final_consensus_190_depth_41	41	24447	0.0016770973943633165	0.16770973943633166	0	NM_0	0.1-<1%
WWTP1_ont	0.037	final_consensus_191_depth_41	41	24447	0.0016770973943633165	0.16770973943633166	0	NM_0	0.1-<1%
WWTP1_ont	0.037	final_consensus_192_depth_41	41	24447	0.0016770973943633165	0.16770973943633166	0	NM_0	0.1-<1%
WWTP1_ont	0.037	final_consensus_193_depth_41	41	24447	0.0016770973943633165	0.16770973943633166	0	NM_0	0.1-<1%
WWTP1_ont	0.037	final_consensus_194_depth_40	40	24447	0.0016361925798666502	0.16361925798666502	0	NM_0	0.1-<1%
WWTP1_ont	0.037	final_consensus_195_depth_39	39	24447	0.001595287765369984	0.1595287765369984	0	NM_0	0.1-<1%
WWTP1_ont	0.037	final_consensus_196_depth_39	39	24447	0.001595287765369984	0.1595287765369984	0	NM_0	0.1-<1%
WWTP1_ont	0.037	final_consensus_197_depth_39	39	24447	0.001595287765369984	0.1595287765369984	0	NM_0	0.1-<1%
WWTP1_ont	0.037	final_consensus_198_depth_38	38	24447	0.0015543829508733178	0.15543829508733178	0	NM_0	0.1-<1%
WWTP1_ont	0.037	final_consensus_199_depth_38	38	24447	0.0015543829508733178	0.15543829508733178	0	NM_0	0.1-<1%
WWTP1_ont	0.037	final_consensus_200_depth_38	38	24447	0.0015543829508733178	0.15543829508733178	0	NM_0	0.1-<1%
WWTP1_ont	0.037	final_consensus_201_depth_38	38	24447	0.0015543829508733178	0.15543829508733178	0	NM_0	0.1-<1%
WWTP1_ont	0.037	final_consensus_202_depth_38	38	24447	0.0015543829508733178	0.15543829508733178	0	NM_0	0.1-<1%
WWTP1_ont	0.037	final_consensus_203_depth_37	37	24447	0.0015134781363766515	0.15134781363766514	0	NM_0	0.1-<1%
WWTP1_ont	0.037	final_consensus_204_depth_37	37	24447	0.0015134781363766515	0.15134781363766514	0	NM_0	0.1-<1%
WWTP1_ont	0.037	final_consensus_205_depth_37	37	24447	0.0015134781363766515	0.15134781363766514	0	NM_0	0.1-<1%
WWTP1_ont	0.037	final_consensus_206_depth_37	37	24447	0.0015134781363766515	0.15134781363766514	0	NM_0	0.1-<1%
WWTP1_ont	0.037	final_consensus_207_depth_37	37	24447	0.0015134781363766515	0.15134781363766514	0	NM_0	0.1-<1%
WWTP1_ont	0.037	final_consensus_208_depth_37	37	24447	0.0015134781363766515	0.15134781363766514	0	NM_0	0.1-<1%
WWTP1_ont	0.037	final_consensus_209_depth_36	36	24447	0.0014725733218799854	0.14725733218799852	0	NM_0	0.1-<1%
WWTP1_ont	0.037	final_consensus_210_depth_36	36	24447	0.0014725733218799854	0.14725733218799852	0	NM_0	0.1-<1%
WWTP1_ont	0.037	final_consensus_211_depth_36	36	24447	0.0014725733218799854	0.14725733218799852	0	NM_0	0.1-<1%
WWTP1_ont	0.037	final_consensus_212_depth_36	36	24447	0.0014725733218799854	0.14725733218799852	0	NM_0	0.1-<1%
WWTP1_ont	0.037	final_consensus_213_depth_35	35	24447	0.001431668507383319	0.1431668507383319	0	NM_0	0.1-<1%
WWTP1_ont	0.037	final_consensus_214_depth_35	35	24447	0.001431668507383319	0.1431668507383319	0	NM_0	0.1-<1%
WWTP1_ont	0.037	final_consensus_215_depth_35	35	24447	0.001431668507383319	0.1431668507383319	0	NM_0	0.1-<1%
WWTP1_ont	0.037	final_consensus_216_depth_35	35	24447	0.001431668507383319	0.1431668507383319	0	NM_0	0.1-<1%
WWTP1_ont	0.037	final_consensus_217_depth_34	34	24447	0.0013907636928866527	0.13907636928866526	0	NM_0	0.1-<1%
WWTP1_ont	0.037	final_consensus_218_depth_34	34	24447	0.0013907636928866527	0.13907636928866526	0	NM_0	0.1-<1%
WWTP1_ont	0.037	final_consensus_219_depth_33	33	24447	0.0013498588783899864	0.13498588783899865	0	NM_0	0.1-<1%
WWTP1_ont	0.037	final_consensus_220_depth_33	33	24447	0.0013498588783899864	0.13498588783899865	0	NM_0	0.1-<1%
WWTP1_ont	0.037	final_consensus_221_depth_33	33	24447	0.0013498588783899864	0.13498588783899865	0	NM_0	0.1-<1%
WWTP1_ont	0.037	final_consensus_222_depth_33	33	24447	0.0013498588783899864	0.13498588783899865	0	NM_0	0.1-<1%
WWTP1_ont	0.037	final_consensus_223_depth_32	32	24447	0.0013089540638933203	0.13089540638933203	0	NM_0	0.1-<1%
WWTP1_ont	0.037	final_consensus_224_depth_32	32	24447	0.0013089540638933203	0.13089540638933203	0	NM_0	0.1-<1%
WWTP1_ont	0.037	final_consensus_225_depth_32	32	24447	0.0013089540638933203	0.13089540638933203	0	NM_0	0.1-<1%
WWTP1_ont	0.037	final_consensus_226_depth_32	32	24447	0.0013089540638933203	0.13089540638933203	0	NM_0	0.1-<1%
WWTP1_ont	0.037	final_consensus_227_depth_31	31	24447	0.001268049249396654	0.1268049249396654	0	NM_0	0.1-<1%
WWTP1_ont	0.037	final_consensus_228_depth_31	31	24447	0.001268049249396654	0.1268049249396654	0	NM_0	0.1-<1%
WWTP1_ont	0.037	final_consensus_229_depth_31	31	24447	0.001268049249396654	0.1268049249396654	0	NM_0	0.1-<1%
WWTP1_ont	0.037	final_consensus_230_depth_31	31	24447	0.001268049249396654	0.1268049249396654	0	NM_0	0.1-<1%
WWTP1_ont	0.037	final_consensus_231_depth_31	31	24447	0.001268049249396654	0.1268049249396654	0	NM_0	0.1-<1%
WWTP1_ont	0.037	final_consensus_232_depth_31	31	24447	0.001268049249396654	0.1268049249396654	0	NM_0	0.1-<1%
WWTP1_ont	0.037	final_consensus_233_depth_31	31	24447	0.001268049249396654	0.1268049249396654	0	NM_0	0.1-<1%
WWTP1_ont	0.037	final_consensus_234_depth_31	31	24447	0.001268049249396654	0.1268049249396654	0	NM_0	0.1-<1%
WWTP1_ont	0.037	final_consensus_235_depth_30	30	24447	0.0012271444348999877	0.12271444348999877	0	NM_0	0.1-<1%
WWTP1_ont	0.037	final_consensus_236_depth_30	30	24447	0.0012271444348999877	0.12271444348999877	0	NM_0	0.1-<1%
WWTP1_ont	0.037	final_consensus_237_depth_30	30	24447	0.0012271444348999877	0.12271444348999877	0	NM_0	0.1-<1%
WWTP1_ont	0.037	final_consensus_238_depth_30	30	24447	0.0012271444348999877	0.12271444348999877	0	NM_0	0.1-<1%
WWTP1_ont	0.037	final_consensus_239_depth_30	30	24447	0.0012271444348999877	0.12271444348999877	0	NM_0	0.1-<1%
WWTP1_ont	0.037	final_consensus_240_depth_29	29	24447	0.0011862396204033216	0.11862396204033215	0	NM_0	0.1-<1%
WWTP1_ont	0.037	final_consensus_241_depth_29	29	24447	0.0011862396204033216	0.11862396204033215	0	NM_0	0.1-<1%
WWTP1_ont	0.037	final_consensus_242_depth_29	29	24447	0.0011862396204033216	0.11862396204033215	0	NM_0	0.1-<1%
WWTP1_ont	0.037	final_consensus_243_depth_29	29	24447	0.0011862396204033216	0.11862396204033215	0	NM_0	0.1-<1%
WWTP1_ont	0.037	final_consensus_244_depth_29	29	24447	0.0011862396204033216	0.11862396204033215	1	NM_1	0.1-<1%
WWTP1_ont	0.037	final_consensus_245_depth_29	29	24447	0.0011862396204033216	0.11862396204033215	0	NM_0	0.1-<1%
WWTP1_ont	0.037	final_consensus_246_depth_29	29	24447	0.0011862396204033216	0.11862396204033215	0	NM_0	0.1-<1%
WWTP1_ont	0.037	final_consensus_247_depth_28	28	24447	0.0011453348059066552	0.11453348059066552	0	NM_0	0.1-<1%
WWTP1_ont	0.037	final_consensus_248_depth_28	28	24447	0.0011453348059066552	0.11453348059066552	0	NM_0	0.1-<1%
WWTP1_ont	0.037	final_consensus_249_depth_28	28	24447	0.0011453348059066552	0.11453348059066552	0	NM_0	0.1-<1%
WWTP1_ont	0.037	final_consensus_250_depth_28	28	24447	0.0011453348059066552	0.11453348059066552	0	NM_0	0.1-<1%
WWTP1_ont	0.037	final_consensus_251_depth_28	28	24447	0.0011453348059066552	0.11453348059066552	0	NM_0	0.1-<1%
WWTP1_ont	0.037	final_consensus_252_depth_28	28	24447	0.0011453348059066552	0.11453348059066552	0	NM_0	0.1-<1%
WWTP1_ont	0.037	final_consensus_253_depth_28	28	24447	0.0011453348059066552	0.11453348059066552	0	NM_0	0.1-<1%
WWTP1_ont	0.037	final_consensus_254_depth_27	27	24447	0.001104429991409989	0.1104429991409989	0	NM_0	0.1-<1%
WWTP1_ont	0.037	final_consensus_255_depth_26	26	24447	0.0010635251769133226	0.10635251769133228	0	NM_0	0.1-<1%
WWTP1_ont	0.037	final_consensus_256_depth_26	26	24447	0.0010635251769133226	0.10635251769133228	0	NM_0	0.1-<1%
WWTP1_ont	0.037	final_consensus_257_depth_26	26	24447	0.0010635251769133226	0.10635251769133228	0	NM_0	0.1-<1%
WWTP1_ont	0.037	final_consensus_258_depth_26	26	24447	0.0010635251769133226	0.10635251769133228	0	NM_0	0.1-<1%
WWTP1_ont	0.037	final_consensus_259_depth_26	26	24447	0.0010635251769133226	0.10635251769133228	0	NM_0	0.1-<1%
WWTP1_ont	0.037	final_consensus_260_depth_26	26	24447	0.0010635251769133226	0.10635251769133228	0	NM_0	0.1-<1%
WWTP1_ont	0.037	final_consensus_261_depth_25	25	24447	0.0010226203624166565	0.10226203624166565	0	NM_0	0.1-<1%
WWTP1_ont	0.037	final_consensus_262_depth_25	25	24447	0.0010226203624166565	0.10226203624166565	0	NM_0	0.1-<1%
WWTP1_ont	0.037	final_consensus_263_depth_25	25	24447	0.0010226203624166565	0.10226203624166565	0	NM_0	0.1-<1%
WWTP1_ont	0.037	final_consensus_264_depth_25	25	24447	0.0010226203624166565	0.10226203624166565	0	NM_0	0.1-<1%
WWTP1_ont	0.037	final_consensus_265_depth_25	25	24447	0.0010226203624166565	0.10226203624166565	0	NM_0	0.1-<1%
WWTP1_ont	0.037	final_consensus_266_depth_25	25	24447	0.0010226203624166565	0.10226203624166565	0	NM_0	0.1-<1%
WWTP1_ont	0.037	final_consensus_267_depth_25	25	24447	0.0010226203624166565	0.10226203624166565	0	NM_0	0.1-<1%
WWTP1_ont	0.037	final_consensus_268_depth_25	25	24447	0.0010226203624166565	0.10226203624166565	0	NM_0	0.1-<1%
WWTP1_ont	0.037	final_consensus_269_depth_25	25	24447	0.0010226203624166565	0.10226203624166565	0	NM_0	0.1-<1%
WWTP1_ont	0.037	final_consensus_270_depth_25	25	24447	0.0010226203624166565	0.10226203624166565	0	NM_0	0.1-<1%
WWTP1_ont	0.037	final_consensus_271_depth_25	25	24447	0.0010226203624166565	0.10226203624166565	0	NM_0	0.1-<1%
WWTP1_ont	0.037	final_consensus_272_depth_25	25	24447	0.0010226203624166565	0.10226203624166565	0	NM_0	0.1-<1%
WWTP1_ont	0.037	final_consensus_273_depth_24	24	24447	0.0009817155479199902	0.09817155479199902	0	NM_0	0.05-<0.1%
WWTP1_ont	0.037	final_consensus_274_depth_24	24	24447	0.0009817155479199902	0.09817155479199902	0	NM_0	0.05-<0.1%
WWTP1_ont	0.037	final_consensus_275_depth_24	24	24447	0.0009817155479199902	0.09817155479199902	0	NM_0	0.05-<0.1%
WWTP1_ont	0.037	final_consensus_276_depth_24	24	24447	0.0009817155479199902	0.09817155479199902	0	NM_0	0.05-<0.1%
WWTP1_ont	0.037	final_consensus_277_depth_24	24	24447	0.0009817155479199902	0.09817155479199902	0	NM_0	0.05-<0.1%
WWTP1_ont	0.037	final_consensus_278_depth_23	23	24447	0.000940810733423324	0.09408107334233239	0	NM_0	0.05-<0.1%
WWTP1_ont	0.037	final_consensus_279_depth_23	23	24447	0.000940810733423324	0.09408107334233239	0	NM_0	0.05-<0.1%
WWTP1_ont	0.037	final_consensus_280_depth_23	23	24447	0.000940810733423324	0.09408107334233239	0	NM_0	0.05-<0.1%
WWTP1_ont	0.037	final_consensus_281_depth_23	23	24447	0.000940810733423324	0.09408107334233239	0	NM_0	0.05-<0.1%
WWTP1_ont	0.037	final_consensus_282_depth_23	23	24447	0.000940810733423324	0.09408107334233239	0	NM_0	0.05-<0.1%
WWTP1_ont	0.037	final_consensus_283_depth_23	23	24447	0.000940810733423324	0.09408107334233239	0	NM_0	0.05-<0.1%
WWTP1_ont	0.037	final_consensus_284_depth_23	23	24447	0.000940810733423324	0.09408107334233239	0	NM_0	0.05-<0.1%
WWTP1_ont	0.037	final_consensus_285_depth_22	22	24447	0.0008999059189266576	0.08999059189266577	0	NM_0	0.05-<0.1%
WWTP1_ont	0.037	final_consensus_286_depth_22	22	24447	0.0008999059189266576	0.08999059189266577	0	NM_0	0.05-<0.1%
WWTP1_ont	0.037	final_consensus_287_depth_22	22	24447	0.0008999059189266576	0.08999059189266577	0	NM_0	0.05-<0.1%
WWTP1_ont	0.037	final_consensus_288_depth_22	22	24447	0.0008999059189266576	0.08999059189266577	0	NM_0	0.05-<0.1%
WWTP1_ont	0.037	final_consensus_289_depth_22	22	24447	0.0008999059189266576	0.08999059189266577	0	NM_0	0.05-<0.1%
WWTP1_ont	0.037	final_consensus_290_depth_22	22	24447	0.0008999059189266576	0.08999059189266577	0	NM_0	0.05-<0.1%
WWTP1_ont	0.037	final_consensus_291_depth_22	22	24447	0.0008999059189266576	0.08999059189266577	0	NM_0	0.05-<0.1%
WWTP1_ont	0.037	final_consensus_292_depth_22	22	24447	0.0008999059189266576	0.08999059189266577	0	NM_0	0.05-<0.1%
WWTP1_ont	0.037	final_consensus_293_depth_22	22	24447	0.0008999059189266576	0.08999059189266577	0	NM_0	0.05-<0.1%
WWTP1_ont	0.037	final_consensus_294_depth_22	22	24447	0.0008999059189266576	0.08999059189266577	0	NM_0	0.05-<0.1%
WWTP1_ont	0.037	final_consensus_295_depth_22	22	24447	0.0008999059189266576	0.08999059189266577	0	NM_0	0.05-<0.1%
WWTP1_ont	0.037	final_consensus_296_depth_22	22	24447	0.0008999059189266576	0.08999059189266577	0	NM_0	0.05-<0.1%
WWTP1_ont	0.037	final_consensus_297_depth_21	21	24447	0.0008590011044299914	0.08590011044299914	0	NM_0	0.05-<0.1%
WWTP1_ont	0.037	final_consensus_298_depth_21	21	24447	0.0008590011044299914	0.08590011044299914	0	NM_0	0.05-<0.1%
WWTP1_ont	0.037	final_consensus_299_depth_20	20	24447	0.0008180962899333251	0.08180962899333251	0	NM_0	0.05-<0.1%
WWTP1_ont	0.037	final_consensus_300_depth_20	20	24447	0.0008180962899333251	0.08180962899333251	0	NM_0	0.05-<0.1%
WWTP1_ont	0.037	final_consensus_301_depth_20	20	24447	0.0008180962899333251	0.08180962899333251	0	NM_0	0.05-<0.1%
WWTP1_ont	0.037	final_consensus_302_depth_20	20	24447	0.0008180962899333251	0.08180962899333251	0	NM_0	0.05-<0.1%
WWTP1_ont	0.037	final_consensus_303_depth_19	19	24447	0.0007771914754366589	0.07771914754366589	0	NM_0	0.05-<0.1%
WWTP1_ont	0.037	final_consensus_304_depth_19	19	24447	0.0007771914754366589	0.07771914754366589	0	NM_0	0.05-<0.1%
WWTP1_ont	0.037	final_consensus_305_depth_19	19	24447	0.0007771914754366589	0.07771914754366589	0	NM_0	0.05-<0.1%
WWTP1_ont	0.037	final_consensus_306_depth_19	19	24447	0.0007771914754366589	0.07771914754366589	0	NM_0	0.05-<0.1%
WWTP1_ont	0.037	final_consensus_307_depth_19	19	24447	0.0007771914754366589	0.07771914754366589	0	NM_0	0.05-<0.1%
WWTP1_ont	0.037	final_consensus_308_depth_18	18	24447	0.0007362866609399927	0.07362866609399926	0	NM_0	0.05-<0.1%
WWTP1_ont	0.037	final_consensus_309_depth_18	18	24447	0.0007362866609399927	0.07362866609399926	0	NM_0	0.05-<0.1%
WWTP1_ont	0.037	final_consensus_310_depth_18	18	24447	0.0007362866609399927	0.07362866609399926	0	NM_0	0.05-<0.1%
WWTP1_ont	0.037	final_consensus_311_depth_18	18	24447	0.0007362866609399927	0.07362866609399926	0	NM_0	0.05-<0.1%
WWTP1_ont	0.037	final_consensus_312_depth_17	17	24447	0.0006953818464433264	0.06953818464433263	0	NM_0	0.05-<0.1%
WWTP1_ont	0.037	final_consensus_313_depth_17	17	24447	0.0006953818464433264	0.06953818464433263	0	NM_0	0.05-<0.1%
WWTP1_ont	0.037	final_consensus_314_depth_16	16	24447	0.0006544770319466601	0.06544770319466602	0	NM_0	0.05-<0.1%
WWTP1_ont	0.037	final_consensus_315_depth_16	16	24447	0.0006544770319466601	0.06544770319466602	0	NM_0	0.05-<0.1%
WWTP1_ont	0.037	final_consensus_316_depth_16	16	24447	0.0006544770319466601	0.06544770319466602	0	NM_0	0.05-<0.1%
WWTP1_ont	0.037	final_consensus_317_depth_16	16	24447	0.0006544770319466601	0.06544770319466602	0	NM_0	0.05-<0.1%
WWTP1_ont	0.037	final_consensus_318_depth_15	15	24447	0.0006135722174499938	0.061357221744999385	0	NM_0	0.05-<0.1%
WWTP1_ont	0.037	final_consensus_319_depth_15	15	24447	0.0006135722174499938	0.061357221744999385	0	NM_0	0.05-<0.1%
WWTP1_ont	0.037	final_consensus_320_depth_14	14	24447	0.0005726674029533276	0.05726674029533276	0	NM_0	0.05-<0.1%
WWTP1_ont	0.037	final_consensus_321_depth_14	14	24447	0.0005726674029533276	0.05726674029533276	0	NM_0	0.05-<0.1%
WWTP1_ont	0.037	final_consensus_322_depth_12	12	24447	0.0004908577739599951	0.04908577739599951	0	NM_0	0.02-<0.05%
WWTP1_ont	0.012	final_consensus_0_depth_287	287	5642	0.05086848635235732	5.086848635235732	0	NM_0	>=1%
WWTP1_ont	0.012	final_consensus_1_depth_274	274	5642	0.04856433888691953	4.856433888691953	0	NM_0	>=1%
WWTP1_ont	0.012	final_consensus_2_depth_178	178	5642	0.031549096065225095	3.15490960652251	0	NM_0	>=1%
WWTP1_ont	0.012	final_consensus_3_depth_143	143	5642	0.02534562211981567	2.5345622119815667	0	NM_0	>=1%
WWTP1_ont	0.012	final_consensus_4_depth_136	136	5642	0.024104927330733782	2.410492733073378	0	NM_0	>=1%
WWTP1_ont	0.012	final_consensus_5_depth_131	131	5642	0.023218716767103863	2.321871676710386	0	NM_0	>=1%
WWTP1_ont	0.012	final_consensus_6_depth_117	117	5642	0.020737327188940093	2.0737327188940093	0	NM_0	>=1%
WWTP1_ont	0.012	final_consensus_7_depth_115	115	5642	0.020382842963488124	2.0382842963488126	0	NM_0	>=1%
WWTP1_ont	0.012	final_consensus_8_depth_108	108	5642	0.01914214817440624	1.914214817440624	0	NM_0	>=1%
WWTP1_ont	0.012	final_consensus_9_depth_103	103	5642	0.018255937610776322	1.825593761077632	0	NM_0	>=1%
WWTP1_ont	0.012	final_consensus_10_depth_96	96	5642	0.017015242821694435	1.7015242821694434	0	NM_0	>=1%
WWTP1_ont	0.012	final_consensus_11_depth_96	96	5642	0.017015242821694435	1.7015242821694434	0	NM_0	>=1%
WWTP1_ont	0.012	final_consensus_12_depth_95	95	5642	0.016838000708968452	1.683800070896845	0	NM_0	>=1%
WWTP1_ont	0.012	final_consensus_13_depth_90	90	5642	0.015951790145338533	1.5951790145338531	0	NM_0	>=1%
WWTP1_ont	0.012	final_consensus_14_depth_85	85	5642	0.015065579581708614	1.5065579581708615	0	NM_0	>=1%
WWTP1_ont	0.012	final_consensus_15_depth_84	84	5642	0.01488833746898263	1.488833746898263	0	NM_0	>=1%
WWTP1_ont	0.012	final_consensus_16_depth_84	84	5642	0.01488833746898263	1.488833746898263	0	NM_0	>=1%
WWTP1_ont	0.012	final_consensus_17_depth_80	80	5642	0.014179369018078695	1.4179369018078696	0	NM_0	>=1%
WWTP1_ont	0.012	final_consensus_18_depth_77	77	5642	0.013647642679900745	1.3647642679900744	0	NM_0	>=1%
WWTP1_ont	0.012	final_consensus_19_depth_76	76	5642	0.01347040056717476	1.347040056717476	0	NM_0	>=1%
WWTP1_ont	0.012	final_consensus_20_depth_76	76	5642	0.01347040056717476	1.347040056717476	0	NM_0	>=1%
WWTP1_ont	0.012	final_consensus_21_depth_75	75	5642	0.013293158454448777	1.3293158454448777	0	NM_0	>=1%
WWTP1_ont	0.012	final_consensus_22_depth_73	73	5642	0.01293867422899681	1.293867422899681	0	NM_0	>=1%
WWTP1_ont	0.012	final_consensus_23_depth_73	73	5642	0.01293867422899681	1.293867422899681	0	NM_0	>=1%
WWTP1_ont	0.012	final_consensus_24_depth_70	70	5642	0.01240694789081886	1.2406947890818858	0	NM_0	>=1%
WWTP1_ont	0.012	final_consensus_25_depth_69	69	5642	0.012229705778092875	1.2229705778092874	0	NM_0	>=1%
WWTP1_ont	0.012	final_consensus_26_depth_68	68	5642	0.012052463665366891	1.205246366536689	0	NM_0	>=1%
WWTP1_ont	0.012	final_consensus_27_depth_66	66	5642	0.011697979439914925	1.1697979439914923	0	NM_0	>=1%
WWTP1_ont	0.012	final_consensus_28_depth_66	66	5642	0.011697979439914925	1.1697979439914923	0	NM_0	>=1%
WWTP1_ont	0.012	final_consensus_29_depth_66	66	5642	0.011697979439914925	1.1697979439914923	0	NM_0	>=1%
WWTP1_ont	0.012	final_consensus_30_depth_63	63	5642	0.011166253101736972	1.1166253101736974	0	NM_0	>=1%
WWTP1_ont	0.012	final_consensus_31_depth_62	62	5642	0.01098901098901099	1.098901098901099	0	NM_0	>=1%
WWTP1_ont	0.012	final_consensus_32_depth_60	60	5642	0.010634526763559022	1.0634526763559022	0	NM_0	>=1%
WWTP1_ont	0.012	final_consensus_33_depth_60	60	5642	0.010634526763559022	1.0634526763559022	0	NM_0	>=1%
WWTP1_ont	0.012	final_consensus_34_depth_60	60	5642	0.010634526763559022	1.0634526763559022	0	NM_0	>=1%
WWTP1_ont	0.012	final_consensus_35_depth_60	60	5642	0.010634526763559022	1.0634526763559022	0	NM_0	>=1%
WWTP1_ont	0.012	final_consensus_36_depth_59	59	5642	0.010457284650833037	1.0457284650833039	0	NM_0	>=1%
WWTP1_ont	0.012	final_consensus_37_depth_58	58	5642	0.010280042538107055	1.0280042538107055	0	NM_0	>=1%
WWTP1_ont	0.012	final_consensus_38_depth_58	58	5642	0.010280042538107055	1.0280042538107055	0	NM_0	>=1%
WWTP1_ont	0.012	final_consensus_39_depth_57	57	5642	0.010102800425381071	1.010280042538107	0	NM_0	>=1%
WWTP1_ont	0.012	final_consensus_40_depth_56	56	5642	0.009925558312655087	0.9925558312655087	0	NM_0	0.1-<1%
WWTP1_ont	0.012	final_consensus_41_depth_55	55	5642	0.009748316199929103	0.9748316199929103	0	NM_0	0.1-<1%
WWTP1_ont	0.012	final_consensus_42_depth_54	54	5642	0.00957107408720312	0.957107408720312	0	NM_0	0.1-<1%
WWTP1_ont	0.012	final_consensus_43_depth_53	53	5642	0.009393831974477136	0.9393831974477136	0	NM_0	0.1-<1%
WWTP1_ont	0.012	final_consensus_44_depth_52	52	5642	0.009216589861751152	0.9216589861751152	0	NM_0	0.1-<1%
WWTP1_ont	0.012	final_consensus_45_depth_52	52	5642	0.009216589861751152	0.9216589861751152	0	NM_0	0.1-<1%
WWTP1_ont	0.012	final_consensus_46_depth_50	50	5642	0.008862105636299186	0.8862105636299185	0	NM_0	0.1-<1%
WWTP1_ont	0.012	final_consensus_47_depth_47	47	5642	0.008330379298121233	0.8330379298121233	0	NM_0	0.1-<1%
WWTP1_ont	0.012	final_consensus_48_depth_46	46	5642	0.00815313718539525	0.815313718539525	0	NM_0	0.1-<1%
WWTP1_ont	0.012	final_consensus_49_depth_46	46	5642	0.00815313718539525	0.815313718539525	0	NM_0	0.1-<1%
WWTP1_ont	0.012	final_consensus_50_depth_45	45	5642	0.007975895072669267	0.7975895072669266	0	NM_0	0.1-<1%
WWTP1_ont	0.012	final_consensus_51_depth_43	43	5642	0.007621410847217299	0.7621410847217299	0	NM_0	0.1-<1%
WWTP1_ont	0.012	final_consensus_52_depth_43	43	5642	0.007621410847217299	0.7621410847217299	1	NM_1	0.1-<1%
WWTP1_ont	0.012	final_consensus_53_depth_43	43	5642	0.007621410847217299	0.7621410847217299	0	NM_0	0.1-<1%
WWTP1_ont	0.012	final_consensus_54_depth_42	42	5642	0.007444168734491315	0.7444168734491315	0	NM_0	0.1-<1%
WWTP1_ont	0.012	final_consensus_55_depth_41	41	5642	0.007266926621765332	0.7266926621765332	0	NM_0	0.1-<1%
WWTP1_ont	0.012	final_consensus_56_depth_41	41	5642	0.007266926621765332	0.7266926621765332	0	NM_0	0.1-<1%
WWTP1_ont	0.012	final_consensus_57_depth_40	40	5642	0.007089684509039348	0.7089684509039348	0	NM_0	0.1-<1%
WWTP1_ont	0.012	final_consensus_58_depth_40	40	5642	0.007089684509039348	0.7089684509039348	0	NM_0	0.1-<1%
WWTP1_ont	0.012	final_consensus_59_depth_39	39	5642	0.0069124423963133645	0.6912442396313364	0	NM_0	0.1-<1%
WWTP1_ont	0.012	final_consensus_60_depth_39	39	5642	0.0069124423963133645	0.6912442396313364	0	NM_0	0.1-<1%
WWTP1_ont	0.012	final_consensus_61_depth_39	39	5642	0.0069124423963133645	0.6912442396313364	0	NM_0	0.1-<1%
WWTP1_ont	0.012	final_consensus_62_depth_38	38	5642	0.00673520028358738	0.673520028358738	0	NM_0	0.1-<1%
WWTP1_ont	0.012	final_consensus_63_depth_37	37	5642	0.006557958170861397	0.6557958170861397	0	NM_0	0.1-<1%
WWTP1_ont	0.012	final_consensus_64_depth_36	36	5642	0.006380716058135413	0.6380716058135413	0	NM_0	0.1-<1%
WWTP1_ont	0.012	final_consensus_65_depth_35	35	5642	0.00620347394540943	0.6203473945409429	0	NM_0	0.1-<1%
WWTP1_ont	0.012	final_consensus_66_depth_35	35	5642	0.00620347394540943	0.6203473945409429	0	NM_0	0.1-<1%
WWTP1_ont	0.012	final_consensus_67_depth_35	35	5642	0.00620347394540943	0.6203473945409429	0	NM_0	0.1-<1%
WWTP1_ont	0.012	final_consensus_68_depth_34	34	5642	0.006026231832683446	0.6026231832683445	0	NM_0	0.1-<1%
WWTP1_ont	0.012	final_consensus_69_depth_34	34	5642	0.006026231832683446	0.6026231832683445	0	NM_0	0.1-<1%
WWTP1_ont	0.012	final_consensus_70_depth_33	33	5642	0.005848989719957462	0.5848989719957461	0	NM_0	0.1-<1%
WWTP1_ont	0.012	final_consensus_71_depth_31	31	5642	0.005494505494505495	0.5494505494505495	0	NM_0	0.1-<1%
WWTP1_ont	0.012	final_consensus_72_depth_31	31	5642	0.005494505494505495	0.5494505494505495	0	NM_0	0.1-<1%
WWTP1_ont	0.012	final_consensus_73_depth_31	31	5642	0.005494505494505495	0.5494505494505495	0	NM_0	0.1-<1%
WWTP1_ont	0.012	final_consensus_74_depth_29	29	5642	0.0051400212690535275	0.5140021269053527	0	NM_0	0.1-<1%
WWTP1_ont	0.012	final_consensus_75_depth_29	29	5642	0.0051400212690535275	0.5140021269053527	0	NM_0	0.1-<1%
WWTP1_ont	0.012	final_consensus_76_depth_26	26	5642	0.004608294930875576	0.4608294930875576	0	NM_0	0.1-<1%
WWTP1_ont	0.012	final_consensus_77_depth_23	23	5642	0.004076568592697625	0.4076568592697625	0	NM_0	0.1-<1%
WWTP1_ont	0.012	final_consensus_78_depth_23	23	5642	0.004076568592697625	0.4076568592697625	0	NM_0	0.1-<1%
WWTP1_ont	0.012	final_consensus_79_depth_23	23	5642	0.004076568592697625	0.4076568592697625	0	NM_0	0.1-<1%
WWTP1_ont	0.012	final_consensus_80_depth_23	23	5642	0.004076568592697625	0.4076568592697625	0	NM_0	0.1-<1%
WWTP1_ont	0.012	final_consensus_81_depth_23	23	5642	0.004076568592697625	0.4076568592697625	0	NM_0	0.1-<1%
WWTP1_ont	0.012	final_consensus_82_depth_21	21	5642	0.0037220843672456576	0.37220843672456577	0	NM_0	0.1-<1%
WWTP1_ont	0.012	final_consensus_83_depth_20	20	5642	0.003544842254519674	0.3544842254519674	0	NM_0	0.1-<1%
WWTP1_ont	0.012	final_consensus_84_depth_20	20	5642	0.003544842254519674	0.3544842254519674	1	NM_1	0.1-<1%
WWTP1_ont	0.012	final_consensus_85_depth_20	20	5642	0.003544842254519674	0.3544842254519674	0	NM_0	0.1-<1%
WWTP1_ont	0.012	final_consensus_86_depth_20	20	5642	0.003544842254519674	0.3544842254519674	0	NM_0	0.1-<1%
WWTP1_ont	0.012	final_consensus_87_depth_19	19	5642	0.00336760014179369	0.336760014179369	0	NM_0	0.1-<1%
WWTP1_ont	0.012	final_consensus_88_depth_19	19	5642	0.00336760014179369	0.336760014179369	0	NM_0	0.1-<1%
WWTP1_ont	0.012	final_consensus_89_depth_18	18	5642	0.0031903580290677065	0.31903580290677064	0	NM_0	0.1-<1%
WWTP1_ont	0.012	final_consensus_90_depth_18	18	5642	0.0031903580290677065	0.31903580290677064	0	NM_0	0.1-<1%
WWTP1_ont	0.012	final_consensus_91_depth_18	18	5642	0.0031903580290677065	0.31903580290677064	0	NM_0	0.1-<1%
WWTP1_ont	0.012	final_consensus_92_depth_17	17	5642	0.003013115916341723	0.30131159163417226	0	NM_0	0.1-<1%
WWTP1_ont	0.012	final_consensus_93_depth_17	17	5642	0.003013115916341723	0.30131159163417226	0	NM_0	0.1-<1%
WWTP1_ont	0.012	final_consensus_94_depth_16	16	5642	0.002835873803615739	0.28358738036157394	0	NM_0	0.1-<1%
WWTP1_ont	0.012	final_consensus_95_depth_16	16	5642	0.002835873803615739	0.28358738036157394	0	NM_0	0.1-<1%
WWTP1_ont	0.012	final_consensus_96_depth_14	14	5642	0.0024813895781637717	0.24813895781637718	0	NM_0	0.1-<1%
WWTP1_ont	0.004	final_consensus_0_depth_121	121	1229	0.0984540276647681	9.845402766476811	0	NM_0	>=1%
WWTP1_ont	0.004	final_consensus_1_depth_118	118	1229	0.09601301871440195	9.601301871440196	0	NM_0	>=1%
WWTP1_ont	0.004	final_consensus_2_depth_61	61	1229	0.04963384865744508	4.963384865744508	0	NM_0	>=1%
WWTP1_ont	0.004	final_consensus_3_depth_57	57	1229	0.046379170056956874	4.637917005695687	0	NM_0	>=1%
WWTP1_ont	0.004	final_consensus_4_depth_48	48	1229	0.03905614320585842	3.9056143205858422	0	NM_0	>=1%
WWTP1_ont	0.004	final_consensus_5_depth_46	46	1229	0.03742880390561432	3.742880390561432	0	NM_0	>=1%
WWTP1_ont	0.004	final_consensus_6_depth_45	45	1229	0.03661513425549227	3.661513425549227	0	NM_0	>=1%
WWTP1_ont	0.004	final_consensus_7_depth_42	42	1229	0.03417412530512612	3.4174125305126117	0	NM_0	>=1%
WWTP1_ont	0.004	final_consensus_8_depth_41	41	1229	0.03336045565500407	3.336045565500407	0	NM_0	>=1%
WWTP1_ont	0.004	final_consensus_9_depth_37	37	1229	0.030105777054515868	3.0105777054515865	0	NM_0	>=1%
WWTP1_ont	0.004	final_consensus_10_depth_36	36	1229	0.029292107404393815	2.9292107404393817	0	NM_0	>=1%
WWTP1_ont	0.004	final_consensus_11_depth_36	36	1229	0.029292107404393815	2.9292107404393817	0	NM_0	>=1%
WWTP1_ont	0.004	final_consensus_12_depth_35	35	1229	0.028478437754271765	2.8478437754271764	0	NM_0	>=1%
WWTP1_ont	0.004	final_consensus_13_depth_35	35	1229	0.028478437754271765	2.8478437754271764	0	NM_0	>=1%
WWTP1_ont	0.004	final_consensus_14_depth_35	35	1229	0.028478437754271765	2.8478437754271764	0	NM_0	>=1%
WWTP1_ont	0.004	final_consensus_15_depth_34	34	1229	0.027664768104149716	2.7664768104149715	0	NM_0	>=1%
WWTP1_ont	0.004	final_consensus_16_depth_34	34	1229	0.027664768104149716	2.7664768104149715	0	NM_0	>=1%
WWTP1_ont	0.004	final_consensus_17_depth_33	33	1229	0.026851098454027666	2.6851098454027666	0	NM_0	>=1%
WWTP1_ont	0.004	final_consensus_18_depth_29	29	1229	0.023596419853539462	2.3596419853539463	0	NM_0	>=1%
WWTP1_ont	0.004	final_consensus_19_depth_26	26	1229	0.02115541090317331	2.1155410903173313	0	NM_0	>=1%
WWTP1_ont	0.004	final_consensus_20_depth_25	25	1229	0.02034174125305126	2.034174125305126	0	NM_0	>=1%
WWTP1_ont	0.004	final_consensus_21_depth_25	25	1229	0.02034174125305126	2.034174125305126	0	NM_0	>=1%
WWTP1_ont	0.004	final_consensus_22_depth_24	24	1229	0.01952807160292921	1.9528071602929211	0	NM_0	>=1%
WWTP1_ont	0.004	final_consensus_23_depth_24	24	1229	0.01952807160292921	1.9528071602929211	0	NM_0	>=1%
WWTP1_ont	0.004	final_consensus_24_depth_24	24	1229	0.01952807160292921	1.9528071602929211	0	NM_0	>=1%
WWTP1_ont	0.004	final_consensus_25_depth_23	23	1229	0.01871440195280716	1.871440195280716	0	NM_0	>=1%
WWTP1_ont	0.004	final_consensus_26_depth_23	23	1229	0.01871440195280716	1.871440195280716	0	NM_0	>=1%
WWTP1_ont	0.004	final_consensus_27_depth_23	23	1229	0.01871440195280716	1.871440195280716	0	NM_0	>=1%
WWTP1_ont	0.004	final_consensus_28_depth_21	21	1229	0.01708706265256306	1.7087062652563059	0	NM_0	>=1%
WWTP1_ont	0.004	final_consensus_29_depth_20	20	1229	0.01627339300244101	1.627339300244101	0	NM_0	>=1%
WWTP1_ont	0.004	final_consensus_30_depth_19	19	1229	0.015459723352318959	1.545972335231896	0	NM_0	>=1%
WWTP1_ont	0.004	final_consensus_31_depth_16	16	1229	0.013018714401952807	1.3018714401952807	0	NM_0	>=1%
WWTP1_ont	0.004	final_consensus_32_depth_13	13	1229	0.010577705451586655	1.0577705451586656	0	NM_0	>=1%
Zfecal1_ont	0.111	final_consensus_0_depth_4205	4205	100709	0.041753964392457474	4.175396439245747	0	NM_0	>=1%
Zfecal1_ont	0.111	final_consensus_1_depth_2506	2506	100709	0.024883575450059082	2.488357545005908	0	NM_0	>=1%
Zfecal1_ont	0.111	final_consensus_2_depth_2498	2498	100709	0.02480413865692242	2.480413865692242	0	NM_0	>=1%
Zfecal1_ont	0.111	final_consensus_3_depth_1723	1723	100709	0.01710869932180838	1.7108699321808378	0	NM_0	>=1%
Zfecal1_ont	0.111	final_consensus_4_depth_1288	1288	100709	0.012789323695002432	1.2789323695002432	0	NM_0	>=1%
Zfecal1_ont	0.111	final_consensus_5_depth_1213	1213	100709	0.012044603759346234	1.2044603759346235	0	NM_0	>=1%
Zfecal1_ont	0.111	final_consensus_6_depth_1162	1162	100709	0.011538194203100021	1.153819420310002	0	NM_0	>=1%
Zfecal1_ont	0.111	final_consensus_7_depth_964	964	100709	0.00957213357296766	0.9572133572967659	0	NM_0	0.1-<1%
Zfecal1_ont	0.111	final_consensus_8_depth_943	943	100709	0.009363611990983924	0.9363611990983924	0	NM_0	0.1-<1%
Zfecal1_ont	0.111	final_consensus_9_depth_879	879	100709	0.008728117645890635	0.8728117645890635	0	NM_0	0.1-<1%
Zfecal1_ont	0.111	final_consensus_10_depth_878	878	100709	0.008718188046748553	0.8718188046748553	0	NM_0	0.1-<1%
Zfecal1_ont	0.111	final_consensus_11_depth_808	808	100709	0.008023116106802768	0.8023116106802768	0	NM_0	0.1-<1%
Zfecal1_ont	0.111	final_consensus_12_depth_797	797	100709	0.00791389051623986	0.791389051623986	0	NM_0	0.1-<1%
Zfecal1_ont	0.111	final_consensus_13_depth_785	785	100709	0.007794735326534867	0.7794735326534867	0	NM_0	0.1-<1%
Zfecal1_ont	0.111	final_consensus_14_depth_754	754	100709	0.0074869177531303064	0.7486917753130307	0	NM_0	0.1-<1%
Zfecal1_ont	0.111	final_consensus_15_depth_719	719	100709	0.007139381783157414	0.7139381783157414	0	NM_0	0.1-<1%
Zfecal1_ont	0.111	final_consensus_16_depth_695	695	100709	0.00690107140374743	0.6901071403747431	0	NM_0	0.1-<1%
Zfecal1_ont	0.111	final_consensus_17_depth_631	631	100709	0.006265577058654142	0.6265577058654143	0	NM_0	0.1-<1%
Zfecal1_ont	0.111	final_consensus_18_depth_612	612	100709	0.006076914674954572	0.6076914674954572	0	NM_0	0.1-<1%
Zfecal1_ont	0.111	final_consensus_19_depth_603	603	100709	0.005987548282675829	0.5987548282675829	0	NM_0	0.1-<1%
Zfecal1_ont	0.111	final_consensus_20_depth_592	592	100709	0.005878322692112919	0.587832269211292	0	NM_0	0.1-<1%
Zfecal1_ont	0.111	final_consensus_21_depth_591	591	100709	0.005868393092970837	0.5868393092970837	0	NM_0	0.1-<1%
Zfecal1_ont	0.111	final_consensus_22_depth_564	564	100709	0.005600293916134606	0.5600293916134605	0	NM_0	0.1-<1%
Zfecal1_ont	0.111	final_consensus_23_depth_560	560	100709	0.005560575519566275	0.5560575519566275	0	NM_0	0.1-<1%
Zfecal1_ont	0.111	final_consensus_24_depth_553	553	100709	0.005491068325571696	0.5491068325571696	0	NM_0	0.1-<1%
Zfecal1_ont	0.111	final_consensus_25_depth_551	551	100709	0.0054712091272875315	0.5471209127287532	0	NM_0	0.1-<1%
Zfecal1_ont	0.111	final_consensus_26_depth_540	540	100709	0.005361983536724622	0.5361983536724623	0	NM_0	0.1-<1%
Zfecal1_ont	0.111	final_consensus_27_depth_539	539	100709	0.00535205393758254	0.5352053937582539	0	NM_0	0.1-<1%
Zfecal1_ont	0.111	final_consensus_28_depth_530	530	100709	0.005262687545303796	0.5262687545303796	1	NM_1	0.1-<1%
Zfecal1_ont	0.111	final_consensus_29_depth_516	516	100709	0.005123673157314639	0.5123673157314639	0	NM_0	0.1-<1%
Zfecal1_ont	0.111	final_consensus_30_depth_497	497	100709	0.004935010773615069	0.4935010773615069	0	NM_0	0.1-<1%
Zfecal1_ont	0.111	final_consensus_31_depth_484	484	100709	0.0048059259847679945	0.48059259847679947	0	NM_0	0.1-<1%
Zfecal1_ont	0.111	final_consensus_32_depth_480	480	100709	0.004766207588199664	0.47662075881996646	0	NM_0	0.1-<1%
Zfecal1_ont	0.111	final_consensus_33_depth_479	479	100709	0.004756277989057582	0.4756277989057582	0	NM_0	0.1-<1%
Zfecal1_ont	0.111	final_consensus_34_depth_478	478	100709	0.004746348389915499	0.4746348389915499	0	NM_0	0.1-<1%
Zfecal1_ont	0.111	final_consensus_35_depth_477	477	100709	0.004736418790773416	0.4736418790773416	0	NM_0	0.1-<1%
Zfecal1_ont	0.111	final_consensus_36_depth_476	476	100709	0.004726489191631334	0.4726489191631334	0	NM_0	0.1-<1%
Zfecal1_ont	0.111	final_consensus_37_depth_474	474	100709	0.004706629993347169	0.47066299933471684	0	NM_0	0.1-<1%
Zfecal1_ont	0.111	final_consensus_38_depth_472	472	100709	0.004686770795063003	0.46867707950630033	0	NM_0	0.1-<1%
Zfecal1_ont	0.111	final_consensus_39_depth_465	465	100709	0.004617263601068425	0.4617263601068425	0	NM_0	0.1-<1%
Zfecal1_ont	0.111	final_consensus_40_depth_464	464	100709	0.004607334001926342	0.4607334001926342	0	NM_0	0.1-<1%
Zfecal1_ont	0.111	final_consensus_41_depth_458	458	100709	0.004547756407073846	0.45477564070738463	0	NM_0	0.1-<1%
Zfecal1_ont	0.111	final_consensus_42_depth_458	458	100709	0.004547756407073846	0.45477564070738463	0	NM_0	0.1-<1%
Zfecal1_ont	0.111	final_consensus_43_depth_456	456	100709	0.004527897208789681	0.4527897208789681	0	NM_0	0.1-<1%
Zfecal1_ont	0.111	final_consensus_44_depth_456	456	100709	0.004527897208789681	0.4527897208789681	0	NM_0	0.1-<1%
Zfecal1_ont	0.111	final_consensus_45_depth_454	454	100709	0.0045080380105055155	0.45080380105055157	0	NM_0	0.1-<1%
Zfecal1_ont	0.111	final_consensus_46_depth_453	453	100709	0.0044981084113634336	0.44981084113634334	1	NM_1	0.1-<1%
Zfecal1_ont	0.111	final_consensus_47_depth_442	442	100709	0.004388882820800524	0.4388882820800524	0	NM_0	0.1-<1%
Zfecal1_ont	0.111	final_consensus_48_depth_437	437	100709	0.004339234825090111	0.43392348250901114	0	NM_0	0.1-<1%
Zfecal1_ont	0.111	final_consensus_49_depth_422	422	100709	0.004190290837958872	0.41902908379588716	0	NM_0	0.1-<1%
Zfecal1_ont	0.111	final_consensus_50_depth_421	421	100709	0.004180361238816789	0.4180361238816789	0	NM_0	0.1-<1%
Zfecal1_ont	0.111	final_consensus_51_depth_417	417	100709	0.004140642842248458	0.41406428422484587	0	NM_0	0.1-<1%
Zfecal1_ont	0.111	final_consensus_52_depth_417	417	100709	0.004140642842248458	0.41406428422484587	0	NM_0	0.1-<1%
Zfecal1_ont	0.111	final_consensus_53_depth_411	411	100709	0.004081065247395962	0.40810652473959624	0	NM_0	0.1-<1%
Zfecal1_ont	0.111	final_consensus_54_depth_410	410	100709	0.00407113564825388	0.407113564825388	0	NM_0	0.1-<1%
Zfecal1_ont	0.111	final_consensus_55_depth_398	398	100709	0.003951980458548888	0.3951980458548888	0	NM_0	0.1-<1%
Zfecal1_ont	0.111	final_consensus_56_depth_395	395	100709	0.00392219166112264	0.39221916611226404	0	NM_0	0.1-<1%
Zfecal1_ont	0.111	final_consensus_57_depth_378	378	100709	0.0037533884757072356	0.37533884757072355	0	NM_0	0.1-<1%
Zfecal1_ont	0.111	final_consensus_58_depth_377	377	100709	0.0037434588765651532	0.37434588765651533	0	NM_0	0.1-<1%
Zfecal1_ont	0.111	final_consensus_59_depth_373	373	100709	0.0037037404799968227	0.37037404799968227	0	NM_0	0.1-<1%
Zfecal1_ont	0.111	final_consensus_60_depth_372	372	100709	0.00369381088085474	0.369381088085474	0	NM_0	0.1-<1%
Zfecal1_ont	0.111	final_consensus_61_depth_372	372	100709	0.00369381088085474	0.369381088085474	0	NM_0	0.1-<1%
Zfecal1_ont	0.111	final_consensus_62_depth_356	356	100709	0.0035349372945814176	0.3534937294581418	0	NM_0	0.1-<1%
Zfecal1_ont	0.111	final_consensus_63_depth_356	356	100709	0.0035349372945814176	0.3534937294581418	0	NM_0	0.1-<1%
Zfecal1_ont	0.111	final_consensus_64_depth_352	352	100709	0.003495218898013087	0.3495218898013087	0	NM_0	0.1-<1%
Zfecal1_ont	0.111	final_consensus_65_depth_350	350	100709	0.003475359699728922	0.3475359699728922	0	NM_0	0.1-<1%
Zfecal1_ont	0.111	final_consensus_66_depth_346	346	100709	0.0034356413031605914	0.34356413031605915	0	NM_0	0.1-<1%
Zfecal1_ont	0.111	final_consensus_67_depth_345	345	100709	0.003425711704018509	0.34257117040185087	0	NM_0	0.1-<1%
Zfecal1_ont	0.111	final_consensus_68_depth_342	342	100709	0.003395922906592261	0.3395922906592261	0	NM_0	0.1-<1%
Zfecal1_ont	0.111	final_consensus_69_depth_339	339	100709	0.003366134109166013	0.3366134109166013	0	NM_0	0.1-<1%
Zfecal1_ont	0.111	final_consensus_70_depth_338	338	100709	0.0033562045100239304	0.335620451002393	0	NM_0	0.1-<1%
Zfecal1_ont	0.111	final_consensus_71_depth_337	337	100709	0.0033462749108818476	0.3346274910881848	0	NM_0	0.1-<1%
Zfecal1_ont	0.111	final_consensus_72_depth_337	337	100709	0.0033462749108818476	0.3346274910881848	0	NM_0	0.1-<1%
Zfecal1_ont	0.111	final_consensus_73_depth_336	336	100709	0.003336345311739765	0.3336345311739765	0	NM_0	0.1-<1%
Zfecal1_ont	0.111	final_consensus_74_depth_336	336	100709	0.003336345311739765	0.3336345311739765	0	NM_0	0.1-<1%
Zfecal1_ont	0.111	final_consensus_75_depth_333	333	100709	0.003306556514313517	0.3306556514313517	0	NM_0	0.1-<1%
Zfecal1_ont	0.111	final_consensus_76_depth_331	331	100709	0.003286697316029352	0.32866973160293517	0	NM_0	0.1-<1%
Zfecal1_ont	0.111	final_consensus_77_depth_329	329	100709	0.0032668381177451866	0.32668381177451866	1	NM_1	0.1-<1%
Zfecal1_ont	0.111	final_consensus_78_depth_327	327	100709	0.0032469789194610214	0.32469789194610216	0	NM_0	0.1-<1%
Zfecal1_ont	0.111	final_consensus_79_depth_327	327	100709	0.0032469789194610214	0.32469789194610216	0	NM_0	0.1-<1%
Zfecal1_ont	0.111	final_consensus_80_depth_325	325	100709	0.003227119721176856	0.3227119721176856	0	NM_0	0.1-<1%
Zfecal1_ont	0.111	final_consensus_81_depth_322	322	100709	0.003197330923750608	0.3197330923750608	0	NM_0	0.1-<1%
Zfecal1_ont	0.111	final_consensus_82_depth_319	319	100709	0.0031675421263243604	0.316754212632436	0	NM_0	0.1-<1%
Zfecal1_ont	0.111	final_consensus_83_depth_318	318	100709	0.0031576125271822776	0.31576125271822775	0	NM_0	0.1-<1%
Zfecal1_ont	0.111	final_consensus_84_depth_312	312	100709	0.003098034932329782	0.3098034932329782	0	NM_0	0.1-<1%
Zfecal1_ont	0.111	final_consensus_85_depth_310	310	100709	0.0030781757340456167	0.3078175734045617	0	NM_0	0.1-<1%
Zfecal1_ont	0.111	final_consensus_86_depth_308	308	100709	0.0030583165357614514	0.3058316535761451	0	NM_0	0.1-<1%
Zfecal1_ont	0.111	final_consensus_87_depth_296	296	100709	0.0029391613460564596	0.293916134605646	0	NM_0	0.1-<1%
Zfecal1_ont	0.111	final_consensus_88_depth_295	295	100709	0.002929231746914377	0.2929231746914377	0	NM_0	0.1-<1%
Zfecal1_ont	0.111	final_consensus_89_depth_293	293	100709	0.002909372548630212	0.2909372548630212	0	NM_0	0.1-<1%
Zfecal1_ont	0.111	final_consensus_90_depth_292	292	100709	0.002899442949488129	0.2899442949488129	1	NM_1	0.1-<1%
Zfecal1_ont	0.111	final_consensus_91_depth_291	291	100709	0.0028895133503460467	0.28895133503460463	0	NM_0	0.1-<1%
Zfecal1_ont	0.111	final_consensus_92_depth_290	290	100709	0.002879583751203964	0.2879583751203964	0	NM_0	0.1-<1%
Zfecal1_ont	0.111	final_consensus_93_depth_287	287	100709	0.002849794953777716	0.2849794953777716	1	NM_1	0.1-<1%
Zfecal1_ont	0.111	final_consensus_94_depth_282	282	100709	0.002800146958067303	0.2800146958067303	0	NM_0	0.1-<1%
Zfecal1_ont	0.111	final_consensus_95_depth_281	281	100709	0.00279021735892522	0.279021735892522	0	NM_0	0.1-<1%
Zfecal1_ont	0.111	final_consensus_96_depth_279	279	100709	0.002770358160641055	0.2770358160641055	0	NM_0	0.1-<1%
Zfecal1_ont	0.111	final_consensus_97_depth_274	274	100709	0.002720710164930642	0.2720710164930642	0	NM_0	0.1-<1%
Zfecal1_ont	0.111	final_consensus_98_depth_274	274	100709	0.002720710164930642	0.2720710164930642	0	NM_0	0.1-<1%
Zfecal1_ont	0.111	final_consensus_99_depth_272	272	100709	0.0027008509666464763	0.27008509666464764	0	NM_0	0.1-<1%
Zfecal1_ont	0.111	final_consensus_100_depth_271	271	100709	0.002690921367504394	0.26909213675043936	0	NM_0	0.1-<1%
Zfecal1_ont	0.111	final_consensus_101_depth_266	266	100709	0.0026412733717939806	0.26412733717939807	0	NM_0	0.1-<1%
Zfecal1_ont	0.111	final_consensus_102_depth_264	264	100709	0.0026214141735098153	0.26214141735098156	0	NM_0	0.1-<1%
Zfecal1_ont	0.111	final_consensus_103_depth_264	264	100709	0.0026214141735098153	0.26214141735098156	0	NM_0	0.1-<1%
Zfecal1_ont	0.111	final_consensus_104_depth_263	263	100709	0.002611484574367733	0.2611484574367733	0	NM_0	0.1-<1%
Zfecal1_ont	0.111	final_consensus_105_depth_262	262	100709	0.00260155497522565	0.260155497522565	0	NM_0	0.1-<1%
Zfecal1_ont	0.111	final_consensus_106_depth_257	257	100709	0.0025519069795152368	0.2551906979515237	0	NM_0	0.1-<1%
Zfecal1_ont	0.111	final_consensus_107_depth_251	251	100709	0.002492329384662741	0.24923293846627412	0	NM_0	0.1-<1%
Zfecal1_ont	0.111	final_consensus_108_depth_251	251	100709	0.002492329384662741	0.24923293846627412	0	NM_0	0.1-<1%
Zfecal1_ont	0.111	final_consensus_109_depth_250	250	100709	0.0024823997855206587	0.24823997855206587	0	NM_0	0.1-<1%
Zfecal1_ont	0.111	final_consensus_110_depth_250	250	100709	0.0024823997855206587	0.24823997855206587	0	NM_0	0.1-<1%
Zfecal1_ont	0.111	final_consensus_111_depth_250	250	100709	0.0024823997855206587	0.24823997855206587	0	NM_0	0.1-<1%
Zfecal1_ont	0.111	final_consensus_112_depth_250	250	100709	0.0024823997855206587	0.24823997855206587	0	NM_0	0.1-<1%
Zfecal1_ont	0.111	final_consensus_113_depth_248	248	100709	0.0024625405872364934	0.24625405872364933	0	NM_0	0.1-<1%
Zfecal1_ont	0.111	final_consensus_114_depth_244	244	100709	0.002422822190668163	0.24228221906681627	0	NM_0	0.1-<1%
Zfecal1_ont	0.111	final_consensus_115_depth_242	242	100709	0.0024029629923839973	0.24029629923839974	0	NM_0	0.1-<1%
Zfecal1_ont	0.111	final_consensus_116_depth_242	242	100709	0.0024029629923839973	0.24029629923839974	0	NM_0	0.1-<1%
Zfecal1_ont	0.111	final_consensus_117_depth_241	241	100709	0.002393033393241915	0.23930333932419148	0	NM_0	0.1-<1%
Zfecal1_ont	0.111	final_consensus_118_depth_241	241	100709	0.002393033393241915	0.23930333932419148	0	NM_0	0.1-<1%
Zfecal1_ont	0.111	final_consensus_119_depth_238	238	100709	0.002363244595815667	0.2363244595815667	0	NM_0	0.1-<1%
Zfecal1_ont	0.111	final_consensus_120_depth_237	237	100709	0.0023533149966735844	0.23533149966735842	0	NM_0	0.1-<1%
Zfecal1_ont	0.111	final_consensus_121_depth_236	236	100709	0.0023433853975315016	0.23433853975315017	0	NM_0	0.1-<1%
Zfecal1_ont	0.111	final_consensus_122_depth_233	233	100709	0.002313596600105254	0.23135966001052538	0	NM_0	0.1-<1%
Zfecal1_ont	0.111	final_consensus_123_depth_229	229	100709	0.002273878203536923	0.22738782035369232	0	NM_0	0.1-<1%
Zfecal1_ont	0.111	final_consensus_124_depth_225	225	100709	0.0022341598069685925	0.22341598069685928	0	NM_0	0.1-<1%
Zfecal1_ont	0.111	final_consensus_125_depth_225	225	100709	0.0022341598069685925	0.22341598069685928	0	NM_0	0.1-<1%
Zfecal1_ont	0.111	final_consensus_126_depth_223	223	100709	0.0022143006086844273	0.22143006086844275	0	NM_0	0.1-<1%
Zfecal1_ont	0.111	final_consensus_127_depth_221	221	100709	0.002194441410400262	0.2194441410400262	0	NM_0	0.1-<1%
Zfecal1_ont	0.111	final_consensus_128_depth_218	218	100709	0.0021646526129740144	0.21646526129740143	0	NM_0	0.1-<1%
Zfecal1_ont	0.111	final_consensus_129_depth_217	217	100709	0.0021547230138319316	0.21547230138319315	0	NM_0	0.1-<1%
Zfecal1_ont	0.111	final_consensus_130_depth_217	217	100709	0.0021547230138319316	0.21547230138319315	0	NM_0	0.1-<1%
Zfecal1_ont	0.111	final_consensus_131_depth_214	214	100709	0.0021249342164056835	0.21249342164056836	0	NM_0	0.1-<1%
Zfecal1_ont	0.111	final_consensus_132_depth_213	213	100709	0.002115004617263601	0.2115004617263601	0	NM_0	0.1-<1%
Zfecal1_ont	0.111	final_consensus_133_depth_213	213	100709	0.002115004617263601	0.2115004617263601	0	NM_0	0.1-<1%
Zfecal1_ont	0.111	final_consensus_134_depth_211	211	100709	0.002095145418979436	0.20951454189794358	0	NM_0	0.1-<1%
Zfecal1_ont	0.111	final_consensus_135_depth_211	211	100709	0.002095145418979436	0.20951454189794358	0	NM_0	0.1-<1%
Zfecal1_ont	0.111	final_consensus_136_depth_208	208	100709	0.002065356621553188	0.2065356621553188	1	NM_1	0.1-<1%
Zfecal1_ont	0.111	final_consensus_137_depth_204	204	100709	0.0020256382249848573	0.20256382249848573	0	NM_0	0.1-<1%
Zfecal1_ont	0.111	final_consensus_138_depth_203	203	100709	0.002015708625842775	0.20157086258427748	0	NM_0	0.1-<1%
Zfecal1_ont	0.111	final_consensus_139_depth_203	203	100709	0.002015708625842775	0.20157086258427748	0	NM_0	0.1-<1%
Zfecal1_ont	0.111	final_consensus_140_depth_200	200	100709	0.001985919828416527	0.1985919828416527	0	NM_0	0.1-<1%
Zfecal1_ont	0.111	final_consensus_141_depth_199	199	100709	0.001975990229274444	0.1975990229274444	0	NM_0	0.1-<1%
Zfecal1_ont	0.111	final_consensus_142_depth_198	198	100709	0.0019660606301323616	0.19660606301323616	0	NM_0	0.1-<1%
Zfecal1_ont	0.111	final_consensus_143_depth_198	198	100709	0.0019660606301323616	0.19660606301323616	0	NM_0	0.1-<1%
Zfecal1_ont	0.111	final_consensus_144_depth_197	197	100709	0.0019561310309902788	0.19561310309902788	0	NM_0	0.1-<1%
Zfecal1_ont	0.111	final_consensus_145_depth_196	196	100709	0.0019462014318481964	0.19462014318481963	0	NM_0	0.1-<1%
Zfecal1_ont	0.111	final_consensus_146_depth_194	194	100709	0.0019263422335640311	0.1926342233564031	0	NM_0	0.1-<1%
Zfecal1_ont	0.111	final_consensus_147_depth_192	192	100709	0.0019064830352798657	0.19064830352798656	0	NM_0	0.1-<1%
Zfecal1_ont	0.111	final_consensus_148_depth_191	191	100709	0.001896553436137783	0.1896553436137783	0	NM_0	0.1-<1%
Zfecal1_ont	0.111	final_consensus_149_depth_189	189	100709	0.0018766942378536178	0.18766942378536178	0	NM_0	0.1-<1%
Zfecal1_ont	0.111	final_consensus_150_depth_188	188	100709	0.0018667646387115352	0.18667646387115353	0	NM_0	0.1-<1%
Zfecal1_ont	0.111	final_consensus_151_depth_188	188	100709	0.0018667646387115352	0.18667646387115353	0	NM_0	0.1-<1%
Zfecal1_ont	0.111	final_consensus_152_depth_187	187	100709	0.0018568350395694526	0.18568350395694525	0	NM_0	0.1-<1%
Zfecal1_ont	0.111	final_consensus_153_depth_185	185	100709	0.0018369758412852873	0.18369758412852874	0	NM_0	0.1-<1%
Zfecal1_ont	0.111	final_consensus_154_depth_184	184	100709	0.0018270462421432047	0.18270462421432046	0	NM_0	0.1-<1%
Zfecal1_ont	0.111	final_consensus_155_depth_184	184	100709	0.0018270462421432047	0.18270462421432046	0	NM_0	0.1-<1%
Zfecal1_ont	0.111	final_consensus_156_depth_182	182	100709	0.0018071870438590395	0.18071870438590393	0	NM_0	0.1-<1%
Zfecal1_ont	0.111	final_consensus_157_depth_181	181	100709	0.0017972574447169569	0.17972574447169568	0	NM_0	0.1-<1%
Zfecal1_ont	0.111	final_consensus_158_depth_180	180	100709	0.0017873278455748742	0.17873278455748742	0	NM_0	0.1-<1%
Zfecal1_ont	0.111	final_consensus_159_depth_180	180	100709	0.0017873278455748742	0.17873278455748742	0	NM_0	0.1-<1%
Zfecal1_ont	0.111	final_consensus_160_depth_180	180	100709	0.0017873278455748742	0.17873278455748742	0	NM_0	0.1-<1%
Zfecal1_ont	0.111	final_consensus_161_depth_178	178	100709	0.0017674686472907088	0.1767468647290709	0	NM_0	0.1-<1%
Zfecal1_ont	0.111	final_consensus_162_depth_177	177	100709	0.0017575390481486262	0.1757539048148626	1	NM_1	0.1-<1%
Zfecal1_ont	0.111	final_consensus_163_depth_176	176	100709	0.0017476094490065435	0.17476094490065436	0	NM_0	0.1-<1%
Zfecal1_ont	0.111	final_consensus_164_depth_176	176	100709	0.0017476094490065435	0.17476094490065436	0	NM_0	0.1-<1%
Zfecal1_ont	0.111	final_consensus_165_depth_176	176	100709	0.0017476094490065435	0.17476094490065436	0	NM_0	0.1-<1%
Zfecal1_ont	0.111	final_consensus_166_depth_174	174	100709	0.0017277502507223783	0.17277502507223783	0	NM_0	0.1-<1%
Zfecal1_ont	0.111	final_consensus_167_depth_173	173	100709	0.0017178206515802957	0.17178206515802957	0	NM_0	0.1-<1%
Zfecal1_ont	0.111	final_consensus_168_depth_172	172	100709	0.001707891052438213	0.1707891052438213	0	NM_0	0.1-<1%
Zfecal1_ont	0.111	final_consensus_169_depth_170	170	100709	0.0016880318541540478	0.1688031854154048	0	NM_0	0.1-<1%
Zfecal1_ont	0.111	final_consensus_170_depth_169	169	100709	0.0016781022550119652	0.1678102255011965	0	NM_0	0.1-<1%
Zfecal1_ont	0.111	final_consensus_171_depth_168	168	100709	0.0016681726558698826	0.16681726558698826	0	NM_0	0.1-<1%
Zfecal1_ont	0.111	final_consensus_172_depth_168	168	100709	0.0016681726558698826	0.16681726558698826	0	NM_0	0.1-<1%
Zfecal1_ont	0.111	final_consensus_173_depth_164	164	100709	0.001628454259301552	0.1628454259301552	0	NM_0	0.1-<1%
Zfecal1_ont	0.111	final_consensus_174_depth_163	163	100709	0.0016185246601594693	0.16185246601594694	0	NM_0	0.1-<1%
Zfecal1_ont	0.111	final_consensus_175_depth_162	162	100709	0.0016085950610173867	0.1608595061017387	0	NM_0	0.1-<1%
Zfecal1_ont	0.111	final_consensus_176_depth_161	161	100709	0.001598665461875304	0.1598665461875304	0	NM_0	0.1-<1%
Zfecal1_ont	0.111	final_consensus_177_depth_160	160	100709	0.0015887358627332214	0.15887358627332215	0	NM_0	0.1-<1%
Zfecal1_ont	0.111	final_consensus_178_depth_159	159	100709	0.0015788062635911388	0.15788062635911387	0	NM_0	0.1-<1%
Zfecal1_ont	0.111	final_consensus_179_depth_158	158	100709	0.0015688766644490562	0.15688766644490562	0	NM_0	0.1-<1%
Zfecal1_ont	0.111	final_consensus_180_depth_158	158	100709	0.0015688766644490562	0.15688766644490562	0	NM_0	0.1-<1%
Zfecal1_ont	0.111	final_consensus_181_depth_158	158	100709	0.0015688766644490562	0.15688766644490562	0	NM_0	0.1-<1%
Zfecal1_ont	0.111	final_consensus_182_depth_157	157	100709	0.0015589470653069736	0.15589470653069737	0	NM_0	0.1-<1%
Zfecal1_ont	0.111	final_consensus_183_depth_156	156	100709	0.001549017466164891	0.1549017466164891	0	NM_0	0.1-<1%
Zfecal1_ont	0.111	final_consensus_184_depth_156	156	100709	0.001549017466164891	0.1549017466164891	0	NM_0	0.1-<1%
Zfecal1_ont	0.111	final_consensus_185_depth_156	156	100709	0.001549017466164891	0.1549017466164891	0	NM_0	0.1-<1%
Zfecal1_ont	0.111	final_consensus_186_depth_154	154	100709	0.0015291582678807257	0.15291582678807256	0	NM_0	0.1-<1%
Zfecal1_ont	0.111	final_consensus_187_depth_154	154	100709	0.0015291582678807257	0.15291582678807256	0	NM_0	0.1-<1%
Zfecal1_ont	0.111	final_consensus_188_depth_152	152	100709	0.0015092990695965605	0.15092990695965605	0	NM_0	0.1-<1%
Zfecal1_ont	0.111	final_consensus_189_depth_151	151	100709	0.0014993694704544779	0.14993694704544777	0	NM_0	0.1-<1%
Zfecal1_ont	0.111	final_consensus_190_depth_151	151	100709	0.0014993694704544779	0.14993694704544777	0	NM_0	0.1-<1%
Zfecal1_ont	0.111	final_consensus_191_depth_150	150	100709	0.001489439871312395	0.14894398713123952	0	NM_0	0.1-<1%
Zfecal1_ont	0.111	final_consensus_192_depth_149	149	100709	0.0014795102721703124	0.14795102721703124	0	NM_0	0.1-<1%
Zfecal1_ont	0.111	final_consensus_193_depth_149	149	100709	0.0014795102721703124	0.14795102721703124	0	NM_0	0.1-<1%
Zfecal1_ont	0.111	final_consensus_194_depth_149	149	100709	0.0014795102721703124	0.14795102721703124	0	NM_0	0.1-<1%
Zfecal1_ont	0.111	final_consensus_195_depth_149	149	100709	0.0014795102721703124	0.14795102721703124	0	NM_0	0.1-<1%
Zfecal1_ont	0.111	final_consensus_196_depth_148	148	100709	0.0014695806730282298	0.146958067302823	0	NM_0	0.1-<1%
Zfecal1_ont	0.111	final_consensus_197_depth_145	145	100709	0.001439791875601982	0.1439791875601982	0	NM_0	0.1-<1%
Zfecal1_ont	0.111	final_consensus_198_depth_145	145	100709	0.001439791875601982	0.1439791875601982	0	NM_0	0.1-<1%
Zfecal1_ont	0.111	final_consensus_199_depth_144	144	100709	0.0014298622764598993	0.14298622764598992	0	NM_0	0.1-<1%
Zfecal1_ont	0.111	final_consensus_200_depth_144	144	100709	0.0014298622764598993	0.14298622764598992	0	NM_0	0.1-<1%
Zfecal1_ont	0.111	final_consensus_201_depth_144	144	100709	0.0014298622764598993	0.14298622764598992	0	NM_0	0.1-<1%
Zfecal1_ont	0.111	final_consensus_202_depth_141	141	100709	0.0014000734790336514	0.14000734790336514	0	NM_0	0.1-<1%
Zfecal1_ont	0.111	final_consensus_203_depth_141	141	100709	0.0014000734790336514	0.14000734790336514	0	NM_0	0.1-<1%
Zfecal1_ont	0.111	final_consensus_204_depth_140	140	100709	0.0013901438798915688	0.13901438798915688	0	NM_0	0.1-<1%
Zfecal1_ont	0.111	final_consensus_205_depth_140	140	100709	0.0013901438798915688	0.13901438798915688	0	NM_0	0.1-<1%
Zfecal1_ont	0.111	final_consensus_206_depth_140	140	100709	0.0013901438798915688	0.13901438798915688	0	NM_0	0.1-<1%
Zfecal1_ont	0.111	final_consensus_207_depth_140	140	100709	0.0013901438798915688	0.13901438798915688	0	NM_0	0.1-<1%
Zfecal1_ont	0.111	final_consensus_208_depth_140	140	100709	0.0013901438798915688	0.13901438798915688	0	NM_0	0.1-<1%
Zfecal1_ont	0.111	final_consensus_209_depth_139	139	100709	0.0013802142807494862	0.1380214280749486	1	NM_1	0.1-<1%
Zfecal1_ont	0.111	final_consensus_210_depth_138	138	100709	0.0013702846816074036	0.13702846816074035	0	NM_0	0.1-<1%
Zfecal1_ont	0.111	final_consensus_211_depth_137	137	100709	0.001360355082465321	0.1360355082465321	0	NM_0	0.1-<1%
Zfecal1_ont	0.111	final_consensus_212_depth_137	137	100709	0.001360355082465321	0.1360355082465321	0	NM_0	0.1-<1%
Zfecal1_ont	0.111	final_consensus_213_depth_134	134	100709	0.001330566285039073	0.1330566285039073	0	NM_0	0.1-<1%
Zfecal1_ont	0.111	final_consensus_214_depth_133	133	100709	0.0013206366858969903	0.13206366858969903	0	NM_0	0.1-<1%
Zfecal1_ont	0.111	final_consensus_215_depth_132	132	100709	0.0013107070867549077	0.13107070867549078	0	NM_0	0.1-<1%
Zfecal1_ont	0.111	final_consensus_216_depth_132	132	100709	0.0013107070867549077	0.13107070867549078	0	NM_0	0.1-<1%
Zfecal1_ont	0.111	final_consensus_217_depth_132	132	100709	0.0013107070867549077	0.13107070867549078	0	NM_0	0.1-<1%
Zfecal1_ont	0.111	final_consensus_218_depth_131	131	100709	0.001300777487612825	0.1300777487612825	0	NM_0	0.1-<1%
Zfecal1_ont	0.111	final_consensus_219_depth_131	131	100709	0.001300777487612825	0.1300777487612825	0	NM_0	0.1-<1%
Zfecal1_ont	0.111	final_consensus_220_depth_130	130	100709	0.0012908478884707424	0.12908478884707425	0	NM_0	0.1-<1%
Zfecal1_ont	0.111	final_consensus_221_depth_130	130	100709	0.0012908478884707424	0.12908478884707425	0	NM_0	0.1-<1%
Zfecal1_ont	0.111	final_consensus_222_depth_129	129	100709	0.0012809182893286598	0.12809182893286597	0	NM_0	0.1-<1%
Zfecal1_ont	0.111	final_consensus_223_depth_129	129	100709	0.0012809182893286598	0.12809182893286597	1	NM_1	0.1-<1%
Zfecal1_ont	0.111	final_consensus_224_depth_128	128	100709	0.0012709886901865772	0.12709886901865772	0	NM_0	0.1-<1%
Zfecal1_ont	0.111	final_consensus_225_depth_126	126	100709	0.001251129491902412	0.12511294919024118	0	NM_0	0.1-<1%
Zfecal1_ont	0.111	final_consensus_226_depth_123	123	100709	0.001221340694476164	0.1221340694476164	0	NM_0	0.1-<1%
Zfecal1_ont	0.111	final_consensus_227_depth_123	123	100709	0.001221340694476164	0.1221340694476164	0	NM_0	0.1-<1%
Zfecal1_ont	0.111	final_consensus_228_depth_122	122	100709	0.0012114110953340815	0.12114110953340813	0	NM_0	0.1-<1%
Zfecal1_ont	0.111	final_consensus_229_depth_121	121	100709	0.0012014814961919986	0.12014814961919987	0	NM_0	0.1-<1%
Zfecal1_ont	0.111	final_consensus_230_depth_121	121	100709	0.0012014814961919986	0.12014814961919987	0	NM_0	0.1-<1%
Zfecal1_ont	0.111	final_consensus_231_depth_120	120	100709	0.001191551897049916	0.11915518970499162	0	NM_0	0.1-<1%
Zfecal1_ont	0.111	final_consensus_232_depth_120	120	100709	0.001191551897049916	0.11915518970499162	0	NM_0	0.1-<1%
Zfecal1_ont	0.111	final_consensus_233_depth_120	120	100709	0.001191551897049916	0.11915518970499162	0	NM_0	0.1-<1%
Zfecal1_ont	0.111	final_consensus_234_depth_120	120	100709	0.001191551897049916	0.11915518970499162	0	NM_0	0.1-<1%
Zfecal1_ont	0.111	final_consensus_235_depth_119	119	100709	0.0011816222979078334	0.11816222979078335	0	NM_0	0.1-<1%
Zfecal1_ont	0.111	final_consensus_236_depth_119	119	100709	0.0011816222979078334	0.11816222979078335	0	NM_0	0.1-<1%
Zfecal1_ont	0.111	final_consensus_237_depth_119	119	100709	0.0011816222979078334	0.11816222979078335	0	NM_0	0.1-<1%
Zfecal1_ont	0.111	final_consensus_238_depth_118	118	100709	0.0011716926987657508	0.11716926987657508	0	NM_0	0.1-<1%
Zfecal1_ont	0.111	final_consensus_239_depth_115	115	100709	0.001141903901339503	0.1141903901339503	0	NM_0	0.1-<1%
Zfecal1_ont	0.111	final_consensus_240_depth_114	114	100709	0.0011319743021974203	0.11319743021974203	0	NM_0	0.1-<1%
Zfecal1_ont	0.111	final_consensus_241_depth_114	114	100709	0.0011319743021974203	0.11319743021974203	0	NM_0	0.1-<1%
Zfecal1_ont	0.111	final_consensus_242_depth_113	113	100709	0.0011220447030553377	0.11220447030553377	0	NM_0	0.1-<1%
Zfecal1_ont	0.111	final_consensus_243_depth_113	113	100709	0.0011220447030553377	0.11220447030553377	0	NM_0	0.1-<1%
Zfecal1_ont	0.111	final_consensus_244_depth_112	112	100709	0.001112115103913255	0.1112115103913255	0	NM_0	0.1-<1%
Zfecal1_ont	0.111	final_consensus_245_depth_110	110	100709	0.0010922559056290898	0.10922559056290898	0	NM_0	0.1-<1%
Zfecal1_ont	0.111	final_consensus_246_depth_110	110	100709	0.0010922559056290898	0.10922559056290898	0	NM_0	0.1-<1%
Zfecal1_ont	0.111	final_consensus_247_depth_110	110	100709	0.0010922559056290898	0.10922559056290898	0	NM_0	0.1-<1%
Zfecal1_ont	0.111	final_consensus_248_depth_108	108	100709	0.0010723967073449246	0.10723967073449245	0	NM_0	0.1-<1%
Zfecal1_ont	0.111	final_consensus_249_depth_108	108	100709	0.0010723967073449246	0.10723967073449245	1	NM_1	0.1-<1%
Zfecal1_ont	0.111	final_consensus_250_depth_107	107	100709	0.0010624671082028418	0.10624671082028418	0	NM_0	0.1-<1%
Zfecal1_ont	0.111	final_consensus_251_depth_107	107	100709	0.0010624671082028418	0.10624671082028418	0	NM_0	0.1-<1%
Zfecal1_ont	0.111	final_consensus_252_depth_107	107	100709	0.0010624671082028418	0.10624671082028418	0	NM_0	0.1-<1%
Zfecal1_ont	0.111	final_consensus_253_depth_107	107	100709	0.0010624671082028418	0.10624671082028418	0	NM_0	0.1-<1%
Zfecal1_ont	0.111	final_consensus_254_depth_107	107	100709	0.0010624671082028418	0.10624671082028418	0	NM_0	0.1-<1%
Zfecal1_ont	0.111	final_consensus_255_depth_106	106	100709	0.0010525375090607591	0.10525375090607592	0	NM_0	0.1-<1%
Zfecal1_ont	0.111	final_consensus_256_depth_106	106	100709	0.0010525375090607591	0.10525375090607592	0	NM_0	0.1-<1%
Zfecal1_ont	0.111	final_consensus_257_depth_106	106	100709	0.0010525375090607591	0.10525375090607592	0	NM_0	0.1-<1%
Zfecal1_ont	0.111	final_consensus_258_depth_105	105	100709	0.0010426079099186765	0.10426079099186766	0	NM_0	0.1-<1%
Zfecal1_ont	0.111	final_consensus_259_depth_104	104	100709	0.001032678310776594	0.1032678310776594	0	NM_0	0.1-<1%
Zfecal1_ont	0.111	final_consensus_260_depth_104	104	100709	0.001032678310776594	0.1032678310776594	0	NM_0	0.1-<1%
Zfecal1_ont	0.111	final_consensus_261_depth_103	103	100709	0.0010227487116345113	0.10227487116345113	0	NM_0	0.1-<1%
Zfecal1_ont	0.111	final_consensus_262_depth_103	103	100709	0.0010227487116345113	0.10227487116345113	0	NM_0	0.1-<1%
Zfecal1_ont	0.111	final_consensus_263_depth_103	103	100709	0.0010227487116345113	0.10227487116345113	0	NM_0	0.1-<1%
Zfecal1_ont	0.111	final_consensus_264_depth_103	103	100709	0.0010227487116345113	0.10227487116345113	0	NM_0	0.1-<1%
Zfecal1_ont	0.111	final_consensus_265_depth_103	103	100709	0.0010227487116345113	0.10227487116345113	0	NM_0	0.1-<1%
Zfecal1_ont	0.111	final_consensus_266_depth_103	103	100709	0.0010227487116345113	0.10227487116345113	0	NM_0	0.1-<1%
Zfecal1_ont	0.111	final_consensus_267_depth_102	102	100709	0.0010128191124924287	0.10128191124924286	0	NM_0	0.1-<1%
Zfecal1_ont	0.111	final_consensus_268_depth_102	102	100709	0.0010128191124924287	0.10128191124924286	0	NM_0	0.1-<1%
Zfecal1_ont	0.111	final_consensus_269_depth_101	101	100709	0.001002889513350346	0.1002889513350346	0	NM_0	0.1-<1%
Zfecal1_ont	0.111	final_consensus_270_depth_101	101	100709	0.001002889513350346	0.1002889513350346	2	NM_ge_2	0.1-<1%
Zfecal1_ont	0.111	final_consensus_271_depth_101	101	100709	0.001002889513350346	0.1002889513350346	0	NM_0	0.1-<1%
Zfecal1_ont	0.111	final_consensus_272_depth_101	101	100709	0.001002889513350346	0.1002889513350346	0	NM_0	0.1-<1%
Zfecal1_ont	0.111	final_consensus_273_depth_100	100	100709	0.0009929599142082634	0.09929599142082635	0	NM_0	0.05-<0.1%
Zfecal1_ont	0.111	final_consensus_274_depth_100	100	100709	0.0009929599142082634	0.09929599142082635	0	NM_0	0.05-<0.1%
Zfecal1_ont	0.111	final_consensus_275_depth_100	100	100709	0.0009929599142082634	0.09929599142082635	0	NM_0	0.05-<0.1%
Zfecal1_ont	0.111	final_consensus_276_depth_100	100	100709	0.0009929599142082634	0.09929599142082635	0	NM_0	0.05-<0.1%
Zfecal1_ont	0.111	final_consensus_277_depth_99	99	100709	0.0009830303150661808	0.09830303150661808	0	NM_0	0.05-<0.1%
Zfecal1_ont	0.111	final_consensus_278_depth_99	99	100709	0.0009830303150661808	0.09830303150661808	0	NM_0	0.05-<0.1%
Zfecal1_ont	0.111	final_consensus_279_depth_98	98	100709	0.0009731007159240982	0.09731007159240981	0	NM_0	0.05-<0.1%
Zfecal1_ont	0.111	final_consensus_280_depth_98	98	100709	0.0009731007159240982	0.09731007159240981	0	NM_0	0.05-<0.1%
Zfecal1_ont	0.111	final_consensus_281_depth_98	98	100709	0.0009731007159240982	0.09731007159240981	0	NM_0	0.05-<0.1%
Zfecal1_ont	0.111	final_consensus_282_depth_98	98	100709	0.0009731007159240982	0.09731007159240981	0	NM_0	0.05-<0.1%
Zfecal1_ont	0.111	final_consensus_283_depth_98	98	100709	0.0009731007159240982	0.09731007159240981	0	NM_0	0.05-<0.1%
Zfecal1_ont	0.111	final_consensus_284_depth_97	97	100709	0.0009631711167820156	0.09631711167820155	0	NM_0	0.05-<0.1%
Zfecal1_ont	0.111	final_consensus_285_depth_97	97	100709	0.0009631711167820156	0.09631711167820155	0	NM_0	0.05-<0.1%
Zfecal1_ont	0.111	final_consensus_286_depth_97	97	100709	0.0009631711167820156	0.09631711167820155	0	NM_0	0.05-<0.1%
Zfecal1_ont	0.111	final_consensus_287_depth_97	97	100709	0.0009631711167820156	0.09631711167820155	0	NM_0	0.05-<0.1%
Zfecal1_ont	0.111	final_consensus_288_depth_95	95	100709	0.0009433119184978502	0.09433119184978503	0	NM_0	0.05-<0.1%
Zfecal1_ont	0.111	final_consensus_289_depth_95	95	100709	0.0009433119184978502	0.09433119184978503	0	NM_0	0.05-<0.1%
Zfecal1_ont	0.111	final_consensus_290_depth_94	94	100709	0.0009333823193557676	0.09333823193557676	0	NM_0	0.05-<0.1%
Zfecal1_ont	0.111	final_consensus_291_depth_94	94	100709	0.0009333823193557676	0.09333823193557676	0	NM_0	0.05-<0.1%
Zfecal1_ont	0.111	final_consensus_292_depth_94	94	100709	0.0009333823193557676	0.09333823193557676	0	NM_0	0.05-<0.1%
Zfecal1_ont	0.111	final_consensus_293_depth_94	94	100709	0.0009333823193557676	0.09333823193557676	0	NM_0	0.05-<0.1%
Zfecal1_ont	0.111	final_consensus_294_depth_93	93	100709	0.000923452720213685	0.0923452720213685	0	NM_0	0.05-<0.1%
Zfecal1_ont	0.111	final_consensus_295_depth_93	93	100709	0.000923452720213685	0.0923452720213685	0	NM_0	0.05-<0.1%
Zfecal1_ont	0.111	final_consensus_296_depth_93	93	100709	0.000923452720213685	0.0923452720213685	0	NM_0	0.05-<0.1%
Zfecal1_ont	0.111	final_consensus_297_depth_93	93	100709	0.000923452720213685	0.0923452720213685	0	NM_0	0.05-<0.1%
Zfecal1_ont	0.111	final_consensus_298_depth_93	93	100709	0.000923452720213685	0.0923452720213685	0	NM_0	0.05-<0.1%
Zfecal1_ont	0.111	final_consensus_299_depth_92	92	100709	0.0009135231210716024	0.09135231210716023	3	NM_ge_2	0.05-<0.1%
Zfecal1_ont	0.111	final_consensus_300_depth_90	90	100709	0.0008936639227874371	0.08936639227874371	0	NM_0	0.05-<0.1%
Zfecal1_ont	0.111	final_consensus_301_depth_90	90	100709	0.0008936639227874371	0.08936639227874371	0	NM_0	0.05-<0.1%
Zfecal1_ont	0.111	final_consensus_302_depth_90	90	100709	0.0008936639227874371	0.08936639227874371	0	NM_0	0.05-<0.1%
Zfecal1_ont	0.111	final_consensus_303_depth_90	90	100709	0.0008936639227874371	0.08936639227874371	0	NM_0	0.05-<0.1%
Zfecal1_ont	0.111	final_consensus_304_depth_89	89	100709	0.0008837343236453544	0.08837343236453545	0	NM_0	0.05-<0.1%
Zfecal1_ont	0.111	final_consensus_305_depth_89	89	100709	0.0008837343236453544	0.08837343236453545	0	NM_0	0.05-<0.1%
Zfecal1_ont	0.111	final_consensus_306_depth_89	89	100709	0.0008837343236453544	0.08837343236453545	0	NM_0	0.05-<0.1%
Zfecal1_ont	0.111	final_consensus_307_depth_89	89	100709	0.0008837343236453544	0.08837343236453545	0	NM_0	0.05-<0.1%
Zfecal1_ont	0.111	final_consensus_308_depth_89	89	100709	0.0008837343236453544	0.08837343236453545	0	NM_0	0.05-<0.1%
Zfecal1_ont	0.111	final_consensus_309_depth_88	88	100709	0.0008738047245032718	0.08738047245032718	0	NM_0	0.05-<0.1%
Zfecal1_ont	0.111	final_consensus_310_depth_88	88	100709	0.0008738047245032718	0.08738047245032718	0	NM_0	0.05-<0.1%
Zfecal1_ont	0.111	final_consensus_311_depth_88	88	100709	0.0008738047245032718	0.08738047245032718	0	NM_0	0.05-<0.1%
Zfecal1_ont	0.111	final_consensus_312_depth_88	88	100709	0.0008738047245032718	0.08738047245032718	0	NM_0	0.05-<0.1%
Zfecal1_ont	0.111	final_consensus_313_depth_87	87	100709	0.0008638751253611892	0.08638751253611891	1	NM_1	0.05-<0.1%
Zfecal1_ont	0.111	final_consensus_314_depth_87	87	100709	0.0008638751253611892	0.08638751253611891	0	NM_0	0.05-<0.1%
Zfecal1_ont	0.111	final_consensus_315_depth_87	87	100709	0.0008638751253611892	0.08638751253611891	0	NM_0	0.05-<0.1%
Zfecal1_ont	0.111	final_consensus_316_depth_86	86	100709	0.0008539455262191065	0.08539455262191065	0	NM_0	0.05-<0.1%
Zfecal1_ont	0.111	final_consensus_317_depth_86	86	100709	0.0008539455262191065	0.08539455262191065	0	NM_0	0.05-<0.1%
Zfecal1_ont	0.111	final_consensus_318_depth_85	85	100709	0.0008440159270770239	0.0844015927077024	0	NM_0	0.05-<0.1%
Zfecal1_ont	0.111	final_consensus_319_depth_85	85	100709	0.0008440159270770239	0.0844015927077024	0	NM_0	0.05-<0.1%
Zfecal1_ont	0.111	final_consensus_320_depth_85	85	100709	0.0008440159270770239	0.0844015927077024	0	NM_0	0.05-<0.1%
Zfecal1_ont	0.111	final_consensus_321_depth_84	84	100709	0.0008340863279349413	0.08340863279349413	0	NM_0	0.05-<0.1%
Zfecal1_ont	0.111	final_consensus_322_depth_84	84	100709	0.0008340863279349413	0.08340863279349413	0	NM_0	0.05-<0.1%
Zfecal1_ont	0.111	final_consensus_323_depth_84	84	100709	0.0008340863279349413	0.08340863279349413	0	NM_0	0.05-<0.1%
Zfecal1_ont	0.111	final_consensus_324_depth_83	83	100709	0.0008241567287928587	0.08241567287928586	0	NM_0	0.05-<0.1%
Zfecal1_ont	0.111	final_consensus_325_depth_83	83	100709	0.0008241567287928587	0.08241567287928586	0	NM_0	0.05-<0.1%
Zfecal1_ont	0.111	final_consensus_326_depth_83	83	100709	0.0008241567287928587	0.08241567287928586	0	NM_0	0.05-<0.1%
Zfecal1_ont	0.111	final_consensus_327_depth_82	82	100709	0.000814227129650776	0.0814227129650776	0	NM_0	0.05-<0.1%
Zfecal1_ont	0.111	final_consensus_328_depth_81	81	100709	0.0008042975305086933	0.08042975305086934	0	NM_0	0.05-<0.1%
Zfecal1_ont	0.111	final_consensus_329_depth_81	81	100709	0.0008042975305086933	0.08042975305086934	0	NM_0	0.05-<0.1%
Zfecal1_ont	0.111	final_consensus_330_depth_81	81	100709	0.0008042975305086933	0.08042975305086934	0	NM_0	0.05-<0.1%
Zfecal1_ont	0.111	final_consensus_331_depth_81	81	100709	0.0008042975305086933	0.08042975305086934	0	NM_0	0.05-<0.1%
Zfecal1_ont	0.111	final_consensus_332_depth_81	81	100709	0.0008042975305086933	0.08042975305086934	0	NM_0	0.05-<0.1%
Zfecal1_ont	0.111	final_consensus_333_depth_80	80	100709	0.0007943679313666107	0.07943679313666108	0	NM_0	0.05-<0.1%
Zfecal1_ont	0.111	final_consensus_334_depth_80	80	100709	0.0007943679313666107	0.07943679313666108	0	NM_0	0.05-<0.1%
Zfecal1_ont	0.111	final_consensus_335_depth_79	79	100709	0.0007844383322245281	0.07844383322245281	0	NM_0	0.05-<0.1%
Zfecal1_ont	0.111	final_consensus_336_depth_79	79	100709	0.0007844383322245281	0.07844383322245281	0	NM_0	0.05-<0.1%
Zfecal1_ont	0.111	final_consensus_337_depth_79	79	100709	0.0007844383322245281	0.07844383322245281	0	NM_0	0.05-<0.1%
Zfecal1_ont	0.111	final_consensus_338_depth_78	78	100709	0.0007745087330824455	0.07745087330824454	0	NM_0	0.05-<0.1%
Zfecal1_ont	0.111	final_consensus_339_depth_78	78	100709	0.0007745087330824455	0.07745087330824454	0	NM_0	0.05-<0.1%
Zfecal1_ont	0.111	final_consensus_340_depth_78	78	100709	0.0007745087330824455	0.07745087330824454	0	NM_0	0.05-<0.1%
Zfecal1_ont	0.111	final_consensus_341_depth_77	77	100709	0.0007645791339403629	0.07645791339403628	0	NM_0	0.05-<0.1%
Zfecal1_ont	0.111	final_consensus_342_depth_77	77	100709	0.0007645791339403629	0.07645791339403628	0	NM_0	0.05-<0.1%
Zfecal1_ont	0.111	final_consensus_343_depth_77	77	100709	0.0007645791339403629	0.07645791339403628	0	NM_0	0.05-<0.1%
Zfecal1_ont	0.111	final_consensus_344_depth_77	77	100709	0.0007645791339403629	0.07645791339403628	0	NM_0	0.05-<0.1%
Zfecal1_ont	0.111	final_consensus_345_depth_77	77	100709	0.0007645791339403629	0.07645791339403628	0	NM_0	0.05-<0.1%
Zfecal1_ont	0.111	final_consensus_346_depth_77	77	100709	0.0007645791339403629	0.07645791339403628	0	NM_0	0.05-<0.1%
Zfecal1_ont	0.111	final_consensus_347_depth_76	76	100709	0.0007546495347982802	0.07546495347982803	0	NM_0	0.05-<0.1%
Zfecal1_ont	0.111	final_consensus_348_depth_76	76	100709	0.0007546495347982802	0.07546495347982803	0	NM_0	0.05-<0.1%
Zfecal1_ont	0.111	final_consensus_349_depth_76	76	100709	0.0007546495347982802	0.07546495347982803	0	NM_0	0.05-<0.1%
Zfecal1_ont	0.111	final_consensus_350_depth_76	76	100709	0.0007546495347982802	0.07546495347982803	0	NM_0	0.05-<0.1%
Zfecal1_ont	0.111	final_consensus_351_depth_76	76	100709	0.0007546495347982802	0.07546495347982803	0	NM_0	0.05-<0.1%
Zfecal1_ont	0.111	final_consensus_352_depth_76	76	100709	0.0007546495347982802	0.07546495347982803	0	NM_0	0.05-<0.1%
Zfecal1_ont	0.111	final_consensus_353_depth_75	75	100709	0.0007447199356561975	0.07447199356561976	0	NM_0	0.05-<0.1%
Zfecal1_ont	0.111	final_consensus_354_depth_75	75	100709	0.0007447199356561975	0.07447199356561976	0	NM_0	0.05-<0.1%
Zfecal1_ont	0.111	final_consensus_355_depth_75	75	100709	0.0007447199356561975	0.07447199356561976	0	NM_0	0.05-<0.1%
Zfecal1_ont	0.111	final_consensus_356_depth_75	75	100709	0.0007447199356561975	0.07447199356561976	0	NM_0	0.05-<0.1%
Zfecal1_ont	0.111	final_consensus_357_depth_75	75	100709	0.0007447199356561975	0.07447199356561976	0	NM_0	0.05-<0.1%
Zfecal1_ont	0.111	final_consensus_358_depth_74	74	100709	0.0007347903365141149	0.0734790336514115	0	NM_0	0.05-<0.1%
Zfecal1_ont	0.111	final_consensus_359_depth_74	74	100709	0.0007347903365141149	0.0734790336514115	0	NM_0	0.05-<0.1%
Zfecal1_ont	0.111	final_consensus_360_depth_74	74	100709	0.0007347903365141149	0.0734790336514115	0	NM_0	0.05-<0.1%
Zfecal1_ont	0.111	final_consensus_361_depth_73	73	100709	0.0007248607373720323	0.07248607373720323	0	NM_0	0.05-<0.1%
Zfecal1_ont	0.111	final_consensus_362_depth_72	72	100709	0.0007149311382299497	0.07149311382299496	0	NM_0	0.05-<0.1%
Zfecal1_ont	0.111	final_consensus_363_depth_72	72	100709	0.0007149311382299497	0.07149311382299496	0	NM_0	0.05-<0.1%
Zfecal1_ont	0.111	final_consensus_364_depth_72	72	100709	0.0007149311382299497	0.07149311382299496	0	NM_0	0.05-<0.1%
Zfecal1_ont	0.111	final_consensus_365_depth_72	72	100709	0.0007149311382299497	0.07149311382299496	0	NM_0	0.05-<0.1%
Zfecal1_ont	0.111	final_consensus_366_depth_72	72	100709	0.0007149311382299497	0.07149311382299496	0	NM_0	0.05-<0.1%
Zfecal1_ont	0.111	final_consensus_367_depth_71	71	100709	0.000705001539087867	0.07050015390878671	0	NM_0	0.05-<0.1%
Zfecal1_ont	0.111	final_consensus_368_depth_71	71	100709	0.000705001539087867	0.07050015390878671	0	NM_0	0.05-<0.1%
Zfecal1_ont	0.111	final_consensus_369_depth_71	71	100709	0.000705001539087867	0.07050015390878671	0	NM_0	0.05-<0.1%
Zfecal1_ont	0.111	final_consensus_370_depth_71	71	100709	0.000705001539087867	0.07050015390878671	0	NM_0	0.05-<0.1%
Zfecal1_ont	0.111	final_consensus_371_depth_70	70	100709	0.0006950719399457844	0.06950719399457844	0	NM_0	0.05-<0.1%
Zfecal1_ont	0.111	final_consensus_372_depth_70	70	100709	0.0006950719399457844	0.06950719399457844	0	NM_0	0.05-<0.1%
Zfecal1_ont	0.111	final_consensus_373_depth_69	69	100709	0.0006851423408037018	0.06851423408037018	0	NM_0	0.05-<0.1%
Zfecal1_ont	0.111	final_consensus_374_depth_69	69	100709	0.0006851423408037018	0.06851423408037018	0	NM_0	0.05-<0.1%
Zfecal1_ont	0.111	final_consensus_375_depth_68	68	100709	0.0006752127416616191	0.06752127416616191	0	NM_0	0.05-<0.1%
Zfecal1_ont	0.111	final_consensus_376_depth_68	68	100709	0.0006752127416616191	0.06752127416616191	0	NM_0	0.05-<0.1%
Zfecal1_ont	0.111	final_consensus_377_depth_68	68	100709	0.0006752127416616191	0.06752127416616191	0	NM_0	0.05-<0.1%
Zfecal1_ont	0.111	final_consensus_378_depth_68	68	100709	0.0006752127416616191	0.06752127416616191	0	NM_0	0.05-<0.1%
Zfecal1_ont	0.111	final_consensus_379_depth_67	67	100709	0.0006652831425195364	0.06652831425195364	0	NM_0	0.05-<0.1%
Zfecal1_ont	0.111	final_consensus_380_depth_67	67	100709	0.0006652831425195364	0.06652831425195364	0	NM_0	0.05-<0.1%
Zfecal1_ont	0.111	final_consensus_381_depth_67	67	100709	0.0006652831425195364	0.06652831425195364	0	NM_0	0.05-<0.1%
Zfecal1_ont	0.111	final_consensus_382_depth_67	67	100709	0.0006652831425195364	0.06652831425195364	0	NM_0	0.05-<0.1%
Zfecal1_ont	0.111	final_consensus_383_depth_66	66	100709	0.0006553535433774538	0.06553535433774539	0	NM_0	0.05-<0.1%
Zfecal1_ont	0.111	final_consensus_384_depth_66	66	100709	0.0006553535433774538	0.06553535433774539	0	NM_0	0.05-<0.1%
Zfecal1_ont	0.111	final_consensus_385_depth_66	66	100709	0.0006553535433774538	0.06553535433774539	0	NM_0	0.05-<0.1%
Zfecal1_ont	0.111	final_consensus_386_depth_66	66	100709	0.0006553535433774538	0.06553535433774539	0	NM_0	0.05-<0.1%
Zfecal1_ont	0.111	final_consensus_387_depth_66	66	100709	0.0006553535433774538	0.06553535433774539	0	NM_0	0.05-<0.1%
Zfecal1_ont	0.111	final_consensus_388_depth_65	65	100709	0.0006454239442353712	0.06454239442353712	0	NM_0	0.05-<0.1%
Zfecal1_ont	0.111	final_consensus_389_depth_65	65	100709	0.0006454239442353712	0.06454239442353712	0	NM_0	0.05-<0.1%
Zfecal1_ont	0.111	final_consensus_390_depth_65	65	100709	0.0006454239442353712	0.06454239442353712	0	NM_0	0.05-<0.1%
Zfecal1_ont	0.111	final_consensus_391_depth_65	65	100709	0.0006454239442353712	0.06454239442353712	0	NM_0	0.05-<0.1%
Zfecal1_ont	0.111	final_consensus_392_depth_65	65	100709	0.0006454239442353712	0.06454239442353712	0	NM_0	0.05-<0.1%
Zfecal1_ont	0.111	final_consensus_393_depth_65	65	100709	0.0006454239442353712	0.06454239442353712	0	NM_0	0.05-<0.1%
Zfecal1_ont	0.111	final_consensus_394_depth_65	65	100709	0.0006454239442353712	0.06454239442353712	0	NM_0	0.05-<0.1%
Zfecal1_ont	0.111	final_consensus_395_depth_64	64	100709	0.0006354943450932886	0.06354943450932886	0	NM_0	0.05-<0.1%
Zfecal1_ont	0.111	final_consensus_396_depth_64	64	100709	0.0006354943450932886	0.06354943450932886	0	NM_0	0.05-<0.1%
Zfecal1_ont	0.111	final_consensus_397_depth_64	64	100709	0.0006354943450932886	0.06354943450932886	0	NM_0	0.05-<0.1%
Zfecal1_ont	0.111	final_consensus_398_depth_64	64	100709	0.0006354943450932886	0.06354943450932886	0	NM_0	0.05-<0.1%
Zfecal1_ont	0.111	final_consensus_399_depth_64	64	100709	0.0006354943450932886	0.06354943450932886	0	NM_0	0.05-<0.1%
Zfecal1_ont	0.111	final_consensus_400_depth_64	64	100709	0.0006354943450932886	0.06354943450932886	0	NM_0	0.05-<0.1%
Zfecal1_ont	0.111	final_consensus_401_depth_63	63	100709	0.000625564745951206	0.06255647459512059	0	NM_0	0.05-<0.1%
Zfecal1_ont	0.111	final_consensus_402_depth_63	63	100709	0.000625564745951206	0.06255647459512059	0	NM_0	0.05-<0.1%
Zfecal1_ont	0.111	final_consensus_403_depth_63	63	100709	0.000625564745951206	0.06255647459512059	0	NM_0	0.05-<0.1%
Zfecal1_ont	0.111	final_consensus_404_depth_62	62	100709	0.0006156351468091234	0.06156351468091233	0	NM_0	0.05-<0.1%
Zfecal1_ont	0.111	final_consensus_405_depth_62	62	100709	0.0006156351468091234	0.06156351468091233	0	NM_0	0.05-<0.1%
Zfecal1_ont	0.111	final_consensus_406_depth_61	61	100709	0.0006057055476670407	0.06057055476670407	0	NM_0	0.05-<0.1%
Zfecal1_ont	0.111	final_consensus_407_depth_61	61	100709	0.0006057055476670407	0.06057055476670407	0	NM_0	0.05-<0.1%
Zfecal1_ont	0.111	final_consensus_408_depth_59	59	100709	0.0005858463493828754	0.05858463493828754	0	NM_0	0.05-<0.1%
Zfecal1_ont	0.111	final_consensus_409_depth_59	59	100709	0.0005858463493828754	0.05858463493828754	0	NM_0	0.05-<0.1%
Zfecal1_ont	0.111	final_consensus_410_depth_59	59	100709	0.0005858463493828754	0.05858463493828754	0	NM_0	0.05-<0.1%
Zfecal1_ont	0.111	final_consensus_411_depth_58	58	100709	0.0005759167502407928	0.057591675024079275	0	NM_0	0.05-<0.1%
Zfecal1_ont	0.111	final_consensus_412_depth_58	58	100709	0.0005759167502407928	0.057591675024079275	0	NM_0	0.05-<0.1%
Zfecal1_ont	0.111	final_consensus_413_depth_58	58	100709	0.0005759167502407928	0.057591675024079275	0	NM_0	0.05-<0.1%
Zfecal1_ont	0.111	final_consensus_414_depth_57	57	100709	0.0005659871510987102	0.056598715109871016	0	NM_0	0.05-<0.1%
Zfecal1_ont	0.111	final_consensus_415_depth_57	57	100709	0.0005659871510987102	0.056598715109871016	0	NM_0	0.05-<0.1%
Zfecal1_ont	0.111	final_consensus_416_depth_57	57	100709	0.0005659871510987102	0.056598715109871016	0	NM_0	0.05-<0.1%
Zfecal1_ont	0.111	final_consensus_417_depth_56	56	100709	0.0005560575519566275	0.05560575519566275	0	NM_0	0.05-<0.1%
Zfecal1_ont	0.111	final_consensus_418_depth_56	56	100709	0.0005560575519566275	0.05560575519566275	0	NM_0	0.05-<0.1%
Zfecal1_ont	0.111	final_consensus_419_depth_56	56	100709	0.0005560575519566275	0.05560575519566275	0	NM_0	0.05-<0.1%
Zfecal1_ont	0.111	final_consensus_420_depth_56	56	100709	0.0005560575519566275	0.05560575519566275	0	NM_0	0.05-<0.1%
Zfecal1_ont	0.111	final_consensus_421_depth_55	55	100709	0.0005461279528145449	0.05461279528145449	0	NM_0	0.05-<0.1%
Zfecal1_ont	0.111	final_consensus_422_depth_55	55	100709	0.0005461279528145449	0.05461279528145449	0	NM_0	0.05-<0.1%
Zfecal1_ont	0.111	final_consensus_423_depth_54	54	100709	0.0005361983536724623	0.053619835367246224	0	NM_0	0.05-<0.1%
Zfecal1_ont	0.111	final_consensus_424_depth_54	54	100709	0.0005361983536724623	0.053619835367246224	0	NM_0	0.05-<0.1%
Zfecal1_ont	0.111	final_consensus_425_depth_54	54	100709	0.0005361983536724623	0.053619835367246224	0	NM_0	0.05-<0.1%
Zfecal1_ont	0.111	final_consensus_426_depth_53	53	100709	0.0005262687545303796	0.05262687545303796	0	NM_0	0.05-<0.1%
Zfecal1_ont	0.111	final_consensus_427_depth_53	53	100709	0.0005262687545303796	0.05262687545303796	0	NM_0	0.05-<0.1%
Zfecal1_ont	0.111	final_consensus_428_depth_52	52	100709	0.000516339155388297	0.0516339155388297	0	NM_0	0.05-<0.1%
Zfecal1_ont	0.111	final_consensus_429_depth_52	52	100709	0.000516339155388297	0.0516339155388297	0	NM_0	0.05-<0.1%
Zfecal1_ont	0.111	final_consensus_430_depth_50	50	100709	0.0004964799571041317	0.04964799571041317	0	NM_0	0.02-<0.05%
Zfecal1_ont	0.111	final_consensus_431_depth_50	50	100709	0.0004964799571041317	0.04964799571041317	0	NM_0	0.02-<0.05%
Zfecal1_ont	0.111	final_consensus_432_depth_49	49	100709	0.0004865503579620491	0.04865503579620491	0	NM_0	0.02-<0.05%
Zfecal1_ont	0.111	final_consensus_433_depth_49	49	100709	0.0004865503579620491	0.04865503579620491	0	NM_0	0.02-<0.05%
Zfecal1_ont	0.111	final_consensus_434_depth_49	49	100709	0.0004865503579620491	0.04865503579620491	0	NM_0	0.02-<0.05%
Zfecal1_ont	0.111	final_consensus_435_depth_49	49	100709	0.0004865503579620491	0.04865503579620491	0	NM_0	0.02-<0.05%
Zfecal1_ont	0.111	final_consensus_436_depth_48	48	100709	0.0004766207588199664	0.04766207588199664	0	NM_0	0.02-<0.05%
Zfecal1_ont	0.111	final_consensus_437_depth_48	48	100709	0.0004766207588199664	0.04766207588199664	0	NM_0	0.02-<0.05%
Zfecal1_ont	0.111	final_consensus_438_depth_48	48	100709	0.0004766207588199664	0.04766207588199664	0	NM_0	0.02-<0.05%
Zfecal1_ont	0.111	final_consensus_439_depth_48	48	100709	0.0004766207588199664	0.04766207588199664	0	NM_0	0.02-<0.05%
Zfecal1_ont	0.111	final_consensus_440_depth_47	47	100709	0.0004666911596778838	0.04666911596778838	0	NM_0	0.02-<0.05%
Zfecal1_ont	0.111	final_consensus_441_depth_46	46	100709	0.0004567615605358012	0.045676156053580115	0	NM_0	0.02-<0.05%
Zfecal1_ont	0.111	final_consensus_442_depth_46	46	100709	0.0004567615605358012	0.045676156053580115	0	NM_0	0.02-<0.05%
Zfecal1_ont	0.111	final_consensus_443_depth_46	46	100709	0.0004567615605358012	0.045676156053580115	0	NM_0	0.02-<0.05%
Zfecal1_ont	0.111	final_consensus_444_depth_46	46	100709	0.0004567615605358012	0.045676156053580115	0	NM_0	0.02-<0.05%
Zfecal1_ont	0.111	final_consensus_445_depth_46	46	100709	0.0004567615605358012	0.045676156053580115	0	NM_0	0.02-<0.05%
Zfecal1_ont	0.111	final_consensus_446_depth_46	46	100709	0.0004567615605358012	0.045676156053580115	0	NM_0	0.02-<0.05%
Zfecal1_ont	0.111	final_consensus_447_depth_46	46	100709	0.0004567615605358012	0.045676156053580115	0	NM_0	0.02-<0.05%
Zfecal1_ont	0.111	final_consensus_448_depth_46	46	100709	0.0004567615605358012	0.045676156053580115	0	NM_0	0.02-<0.05%
Zfecal1_ont	0.111	final_consensus_449_depth_46	46	100709	0.0004567615605358012	0.045676156053580115	0	NM_0	0.02-<0.05%
Zfecal1_ont	0.111	final_consensus_450_depth_46	46	100709	0.0004567615605358012	0.045676156053580115	0	NM_0	0.02-<0.05%
Zfecal1_ont	0.111	final_consensus_451_depth_46	46	100709	0.0004567615605358012	0.045676156053580115	0	NM_0	0.02-<0.05%
Zfecal1_ont	0.111	final_consensus_452_depth_45	45	100709	0.00044683196139371856	0.044683196139371856	0	NM_0	0.02-<0.05%
Zfecal1_ont	0.111	final_consensus_453_depth_45	45	100709	0.00044683196139371856	0.044683196139371856	0	NM_0	0.02-<0.05%
Zfecal1_ont	0.111	final_consensus_454_depth_44	44	100709	0.0004369023622516359	0.04369023622516359	0	NM_0	0.02-<0.05%
Zfecal1_ont	0.111	final_consensus_455_depth_44	44	100709	0.0004369023622516359	0.04369023622516359	0	NM_0	0.02-<0.05%
Zfecal1_ont	0.111	final_consensus_456_depth_44	44	100709	0.0004369023622516359	0.04369023622516359	0	NM_0	0.02-<0.05%
Zfecal1_ont	0.111	final_consensus_457_depth_44	44	100709	0.0004369023622516359	0.04369023622516359	0	NM_0	0.02-<0.05%
Zfecal1_ont	0.111	final_consensus_458_depth_43	43	100709	0.00042697276310955327	0.04269727631095532	0	NM_0	0.02-<0.05%
Zfecal1_ont	0.111	final_consensus_459_depth_43	43	100709	0.00042697276310955327	0.04269727631095532	0	NM_0	0.02-<0.05%
Zfecal1_ont	0.111	final_consensus_460_depth_43	43	100709	0.00042697276310955327	0.04269727631095532	0	NM_0	0.02-<0.05%
Zfecal1_ont	0.111	final_consensus_461_depth_43	43	100709	0.00042697276310955327	0.04269727631095532	0	NM_0	0.02-<0.05%
Zfecal1_ont	0.111	final_consensus_462_depth_43	43	100709	0.00042697276310955327	0.04269727631095532	0	NM_0	0.02-<0.05%
Zfecal1_ont	0.111	final_consensus_463_depth_43	43	100709	0.00042697276310955327	0.04269727631095532	0	NM_0	0.02-<0.05%
Zfecal1_ont	0.111	final_consensus_464_depth_42	42	100709	0.00041704316396747065	0.041704316396747064	0	NM_0	0.02-<0.05%
Zfecal1_ont	0.111	final_consensus_465_depth_42	42	100709	0.00041704316396747065	0.041704316396747064	0	NM_0	0.02-<0.05%
Zfecal1_ont	0.111	final_consensus_466_depth_42	42	100709	0.00041704316396747065	0.041704316396747064	0	NM_0	0.02-<0.05%
Zfecal1_ont	0.111	final_consensus_467_depth_41	41	100709	0.000407113564825388	0.0407113564825388	0	NM_0	0.02-<0.05%
Zfecal1_ont	0.111	final_consensus_468_depth_41	41	100709	0.000407113564825388	0.0407113564825388	0	NM_0	0.02-<0.05%
Zfecal1_ont	0.111	final_consensus_469_depth_40	40	100709	0.00039718396568330536	0.03971839656833054	0	NM_0	0.02-<0.05%
Zfecal1_ont	0.111	final_consensus_470_depth_40	40	100709	0.00039718396568330536	0.03971839656833054	0	NM_0	0.02-<0.05%
Zfecal1_ont	0.111	final_consensus_471_depth_40	40	100709	0.00039718396568330536	0.03971839656833054	0	NM_0	0.02-<0.05%
Zfecal1_ont	0.111	final_consensus_472_depth_39	39	100709	0.00038725436654122274	0.03872543665412227	0	NM_0	0.02-<0.05%
Zfecal1_ont	0.111	final_consensus_473_depth_39	39	100709	0.00038725436654122274	0.03872543665412227	0	NM_0	0.02-<0.05%
Zfecal1_ont	0.111	final_consensus_474_depth_39	39	100709	0.00038725436654122274	0.03872543665412227	0	NM_0	0.02-<0.05%
Zfecal1_ont	0.111	final_consensus_475_depth_39	39	100709	0.00038725436654122274	0.03872543665412227	0	NM_0	0.02-<0.05%
Zfecal1_ont	0.111	final_consensus_476_depth_39	39	100709	0.00038725436654122274	0.03872543665412227	0	NM_0	0.02-<0.05%
Zfecal1_ont	0.111	final_consensus_477_depth_38	38	100709	0.0003773247673991401	0.03773247673991401	0	NM_0	0.02-<0.05%
Zfecal1_ont	0.111	final_consensus_478_depth_38	38	100709	0.0003773247673991401	0.03773247673991401	0	NM_0	0.02-<0.05%
Zfecal1_ont	0.111	final_consensus_479_depth_38	38	100709	0.0003773247673991401	0.03773247673991401	0	NM_0	0.02-<0.05%
Zfecal1_ont	0.111	final_consensus_480_depth_38	38	100709	0.0003773247673991401	0.03773247673991401	0	NM_0	0.02-<0.05%
Zfecal1_ont	0.111	final_consensus_481_depth_37	37	100709	0.00036739516825705745	0.03673951682570575	0	NM_0	0.02-<0.05%
Zfecal1_ont	0.111	final_consensus_482_depth_37	37	100709	0.00036739516825705745	0.03673951682570575	0	NM_0	0.02-<0.05%
Zfecal1_ont	0.111	final_consensus_483_depth_36	36	100709	0.0003574655691149748	0.03574655691149748	0	NM_0	0.02-<0.05%
Zfecal1_ont	0.111	final_consensus_484_depth_36	36	100709	0.0003574655691149748	0.03574655691149748	0	NM_0	0.02-<0.05%
Zfecal1_ont	0.111	final_consensus_485_depth_36	36	100709	0.0003574655691149748	0.03574655691149748	0	NM_0	0.02-<0.05%
Zfecal1_ont	0.111	final_consensus_486_depth_36	36	100709	0.0003574655691149748	0.03574655691149748	0	NM_0	0.02-<0.05%
Zfecal1_ont	0.111	final_consensus_487_depth_35	35	100709	0.0003475359699728922	0.03475359699728922	0	NM_0	0.02-<0.05%
Zfecal1_ont	0.111	final_consensus_488_depth_35	35	100709	0.0003475359699728922	0.03475359699728922	0	NM_0	0.02-<0.05%
Zfecal1_ont	0.111	final_consensus_489_depth_35	35	100709	0.0003475359699728922	0.03475359699728922	0	NM_0	0.02-<0.05%
Zfecal1_ont	0.111	final_consensus_490_depth_35	35	100709	0.0003475359699728922	0.03475359699728922	0	NM_0	0.02-<0.05%
Zfecal1_ont	0.111	final_consensus_491_depth_34	34	100709	0.00033760637083080953	0.033760637083080955	0	NM_0	0.02-<0.05%
Zfecal1_ont	0.111	final_consensus_492_depth_34	34	100709	0.00033760637083080953	0.033760637083080955	0	NM_0	0.02-<0.05%
Zfecal1_ont	0.111	final_consensus_493_depth_34	34	100709	0.00033760637083080953	0.033760637083080955	0	NM_0	0.02-<0.05%
Zfecal1_ont	0.111	final_consensus_494_depth_34	34	100709	0.00033760637083080953	0.033760637083080955	0	NM_0	0.02-<0.05%
Zfecal1_ont	0.111	final_consensus_495_depth_34	34	100709	0.00033760637083080953	0.033760637083080955	0	NM_0	0.02-<0.05%
Zfecal1_ont	0.111	final_consensus_496_depth_34	34	100709	0.00033760637083080953	0.033760637083080955	0	NM_0	0.02-<0.05%
Zfecal1_ont	0.111	final_consensus_497_depth_33	33	100709	0.0003276767716887269	0.032767677168872696	0	NM_0	0.02-<0.05%
Zfecal1_ont	0.111	final_consensus_498_depth_33	33	100709	0.0003276767716887269	0.032767677168872696	0	NM_0	0.02-<0.05%
Zfecal1_ont	0.111	final_consensus_499_depth_33	33	100709	0.0003276767716887269	0.032767677168872696	0	NM_0	0.02-<0.05%
Zfecal1_ont	0.111	final_consensus_500_depth_33	33	100709	0.0003276767716887269	0.032767677168872696	1	NM_1	0.02-<0.05%
Zfecal1_ont	0.111	final_consensus_501_depth_33	33	100709	0.0003276767716887269	0.032767677168872696	0	NM_0	0.02-<0.05%
Zfecal1_ont	0.111	final_consensus_502_depth_33	33	100709	0.0003276767716887269	0.032767677168872696	0	NM_0	0.02-<0.05%
Zfecal1_ont	0.111	final_consensus_503_depth_33	33	100709	0.0003276767716887269	0.032767677168872696	0	NM_0	0.02-<0.05%
Zfecal1_ont	0.111	final_consensus_504_depth_33	33	100709	0.0003276767716887269	0.032767677168872696	0	NM_0	0.02-<0.05%
Zfecal1_ont	0.111	final_consensus_505_depth_32	32	100709	0.0003177471725466443	0.03177471725466443	0	NM_0	0.02-<0.05%
Zfecal1_ont	0.111	final_consensus_506_depth_32	32	100709	0.0003177471725466443	0.03177471725466443	0	NM_0	0.02-<0.05%
Zfecal1_ont	0.111	final_consensus_507_depth_32	32	100709	0.0003177471725466443	0.03177471725466443	0	NM_0	0.02-<0.05%
Zfecal1_ont	0.111	final_consensus_508_depth_32	32	100709	0.0003177471725466443	0.03177471725466443	0	NM_0	0.02-<0.05%
Zfecal1_ont	0.111	final_consensus_509_depth_31	31	100709	0.0003078175734045617	0.030781757340456167	0	NM_0	0.02-<0.05%
Zfecal1_ont	0.111	final_consensus_510_depth_31	31	100709	0.0003078175734045617	0.030781757340456167	0	NM_0	0.02-<0.05%
Zfecal1_ont	0.111	final_consensus_511_depth_31	31	100709	0.0003078175734045617	0.030781757340456167	0	NM_0	0.02-<0.05%
Zfecal1_ont	0.111	final_consensus_512_depth_31	31	100709	0.0003078175734045617	0.030781757340456167	0	NM_0	0.02-<0.05%
Zfecal1_ont	0.111	final_consensus_513_depth_30	30	100709	0.000297887974262479	0.029788797426247904	0	NM_0	0.02-<0.05%
Zfecal1_ont	0.111	final_consensus_514_depth_29	29	100709	0.0002879583751203964	0.028795837512039638	0	NM_0	0.02-<0.05%
Zfecal1_ont	0.111	final_consensus_515_depth_29	29	100709	0.0002879583751203964	0.028795837512039638	0	NM_0	0.02-<0.05%
Zfecal1_ont	0.111	final_consensus_516_depth_28	28	100709	0.00027802877597831377	0.027802877597831375	0	NM_0	0.02-<0.05%
Zfecal1_ont	0.111	final_consensus_517_depth_28	28	100709	0.00027802877597831377	0.027802877597831375	0	NM_0	0.02-<0.05%
Zfecal1_ont	0.111	final_consensus_518_depth_27	27	100709	0.00026809917683623115	0.026809917683623112	0	NM_0	0.02-<0.05%
Zfecal1_ont	0.111	final_consensus_519_depth_27	27	100709	0.00026809917683623115	0.026809917683623112	0	NM_0	0.02-<0.05%
Zfecal1_ont	0.111	final_consensus_520_depth_27	27	100709	0.00026809917683623115	0.026809917683623112	0	NM_0	0.02-<0.05%
Zfecal1_ont	0.111	final_consensus_521_depth_27	27	100709	0.00026809917683623115	0.026809917683623112	0	NM_0	0.02-<0.05%
Zfecal1_ont	0.111	final_consensus_522_depth_27	27	100709	0.00026809917683623115	0.026809917683623112	0	NM_0	0.02-<0.05%
Zfecal1_ont	0.111	final_consensus_523_depth_26	26	100709	0.0002581695776941485	0.02581695776941485	0	NM_0	0.02-<0.05%
Zfecal1_ont	0.111	final_consensus_524_depth_26	26	100709	0.0002581695776941485	0.02581695776941485	0	NM_0	0.02-<0.05%
Zfecal1_ont	0.111	final_consensus_525_depth_26	26	100709	0.0002581695776941485	0.02581695776941485	0	NM_0	0.02-<0.05%
Zfecal1_ont	0.111	final_consensus_526_depth_26	26	100709	0.0002581695776941485	0.02581695776941485	0	NM_0	0.02-<0.05%
Zfecal1_ont	0.111	final_consensus_527_depth_26	26	100709	0.0002581695776941485	0.02581695776941485	0	NM_0	0.02-<0.05%
Zfecal1_ont	0.111	final_consensus_528_depth_25	25	100709	0.00024823997855206585	0.024823997855206587	0	NM_0	0.02-<0.05%
Zfecal1_ont	0.111	final_consensus_529_depth_25	25	100709	0.00024823997855206585	0.024823997855206587	0	NM_0	0.02-<0.05%
Zfecal1_ont	0.111	final_consensus_530_depth_25	25	100709	0.00024823997855206585	0.024823997855206587	0	NM_0	0.02-<0.05%
Zfecal1_ont	0.111	final_consensus_531_depth_25	25	100709	0.00024823997855206585	0.024823997855206587	0	NM_0	0.02-<0.05%
Zfecal1_ont	0.111	final_consensus_532_depth_24	24	100709	0.0002383103794099832	0.02383103794099832	0	NM_0	0.02-<0.05%
Zfecal1_ont	0.111	final_consensus_533_depth_24	24	100709	0.0002383103794099832	0.02383103794099832	0	NM_0	0.02-<0.05%
Zfecal1_ont	0.111	final_consensus_534_depth_24	24	100709	0.0002383103794099832	0.02383103794099832	0	NM_0	0.02-<0.05%
Zfecal1_ont	0.111	final_consensus_535_depth_24	24	100709	0.0002383103794099832	0.02383103794099832	0	NM_0	0.02-<0.05%
Zfecal1_ont	0.111	final_consensus_536_depth_23	23	100709	0.0002283807802679006	0.022838078026790058	0	NM_0	0.02-<0.05%
Zfecal1_ont	0.111	final_consensus_537_depth_23	23	100709	0.0002283807802679006	0.022838078026790058	0	NM_0	0.02-<0.05%
Zfecal1_ont	0.111	final_consensus_538_depth_23	23	100709	0.0002283807802679006	0.022838078026790058	0	NM_0	0.02-<0.05%
Zfecal1_ont	0.111	final_consensus_539_depth_22	22	100709	0.00021845118112581794	0.021845118112581795	0	NM_0	0.02-<0.05%
Zfecal1_ont	0.111	final_consensus_540_depth_22	22	100709	0.00021845118112581794	0.021845118112581795	0	NM_0	0.02-<0.05%
Zfecal1_ont	0.111	final_consensus_541_depth_22	22	100709	0.00021845118112581794	0.021845118112581795	0	NM_0	0.02-<0.05%
Zfecal1_ont	0.111	final_consensus_542_depth_21	21	100709	0.00020852158198373532	0.020852158198373532	0	NM_0	0.02-<0.05%
Zfecal1_ont	0.111	final_consensus_543_depth_21	21	100709	0.00020852158198373532	0.020852158198373532	0	NM_0	0.02-<0.05%
Zfecal1_ont	0.111	final_consensus_544_depth_21	21	100709	0.00020852158198373532	0.020852158198373532	0	NM_0	0.02-<0.05%
Zfecal1_ont	0.111	final_consensus_545_depth_18	18	100709	0.0001787327845574874	0.01787327845574874	0	NM_0	<0.02%
Zfecal1_ont	0.111	final_consensus_546_depth_17	17	100709	0.00016880318541540477	0.016880318541540477	0	NM_0	<0.02%
Zfecal1_ont	0.111	final_consensus_547_depth_17	17	100709	0.00016880318541540477	0.016880318541540477	0	NM_0	<0.02%
Zfecal1_ont	0.111	final_consensus_548_depth_16	16	100709	0.00015887358627332215	0.015887358627332215	0	NM_0	<0.02%
Zfecal1_ont	0.037	final_consensus_0_depth_1392	1392	31574	0.044086906948755306	4.4086906948755304	0	NM_0	>=1%
Zfecal1_ont	0.037	final_consensus_1_depth_908	908	31574	0.0287578387280674	2.8757838728067395	0	NM_0	>=1%
Zfecal1_ont	0.037	final_consensus_2_depth_828	828	31574	0.026224108443656174	2.6224108443656173	0	NM_0	>=1%
Zfecal1_ont	0.037	final_consensus_3_depth_812	812	31574	0.02571736238677393	2.571736238677393	0	NM_0	>=1%
Zfecal1_ont	0.037	final_consensus_4_depth_604	604	31574	0.019129663647304746	1.9129663647304744	0	NM_0	>=1%
Zfecal1_ont	0.037	final_consensus_5_depth_436	436	31574	0.013808830050041174	1.3808830050041172	0	NM_0	>=1%
Zfecal1_ont	0.037	final_consensus_6_depth_420	420	31574	0.013302083993158928	1.3302083993158929	0	NM_0	>=1%
Zfecal1_ont	0.037	final_consensus_7_depth_405	405	31574	0.012827009564831824	1.2827009564831824	0	NM_0	>=1%
Zfecal1_ont	0.037	final_consensus_8_depth_401	401	31574	0.012700323050611263	1.2700323050611262	0	NM_0	>=1%
Zfecal1_ont	0.037	final_consensus_9_depth_372	372	31574	0.011781845822512193	1.1781845822512194	0	NM_0	>=1%
Zfecal1_ont	0.037	final_consensus_10_depth_350	350	31574	0.011085069994299106	1.1085069994299106	0	NM_0	>=1%
Zfecal1_ont	0.037	final_consensus_11_depth_343	343	31574	0.010863368594413125	1.0863368594413125	0	NM_0	>=1%
Zfecal1_ont	0.037	final_consensus_12_depth_317	317	31574	0.010039906251979477	1.0039906251979476	0	NM_0	>=1%
Zfecal1_ont	0.037	final_consensus_13_depth_294	294	31574	0.00931145879521125	0.9311458795211249	0	NM_0	0.1-<1%
Zfecal1_ont	0.037	final_consensus_14_depth_290	290	31574	0.009184772280990688	0.9184772280990688	0	NM_0	0.1-<1%
Zfecal1_ont	0.037	final_consensus_15_depth_286	286	31574	0.009058085766770127	0.9058085766770128	0	NM_0	0.1-<1%
Zfecal1_ont	0.037	final_consensus_16_depth_284	284	31574	0.008994742509659847	0.8994742509659847	0	NM_0	0.1-<1%
Zfecal1_ont	0.037	final_consensus_17_depth_283	283	31574	0.008963070881104707	0.8963070881104707	0	NM_0	0.1-<1%
Zfecal1_ont	0.037	final_consensus_18_depth_282	282	31574	0.008931399252549566	0.8931399252549566	0	NM_0	0.1-<1%
Zfecal1_ont	0.037	final_consensus_19_depth_257	257	31574	0.008139608538671059	0.8139608538671058	0	NM_0	0.1-<1%
Zfecal1_ont	0.037	final_consensus_20_depth_233	233	31574	0.007379489453347691	0.7379489453347691	0	NM_0	0.1-<1%
Zfecal1_ont	0.037	final_consensus_21_depth_225	225	31574	0.007126116424906568	0.7126116424906569	0	NM_0	0.1-<1%
Zfecal1_ont	0.037	final_consensus_22_depth_219	219	31574	0.006936086653575727	0.6936086653575727	0	NM_0	0.1-<1%
Zfecal1_ont	0.037	final_consensus_23_depth_216	216	31574	0.006841071767910306	0.6841071767910306	0	NM_0	0.1-<1%
Zfecal1_ont	0.037	final_consensus_24_depth_200	200	31574	0.006334325711028061	0.6334325711028062	0	NM_0	0.1-<1%
Zfecal1_ont	0.037	final_consensus_25_depth_199	199	31574	0.00630265408247292	0.630265408247292	0	NM_0	0.1-<1%
Zfecal1_ont	0.037	final_consensus_26_depth_196	196	31574	0.0062076391968075	0.62076391968075	1	NM_1	0.1-<1%
Zfecal1_ont	0.037	final_consensus_27_depth_193	193	31574	0.006112624311142079	0.6112624311142079	0	NM_0	0.1-<1%
Zfecal1_ont	0.037	final_consensus_28_depth_192	192	31574	0.006080952682586939	0.6080952682586939	0	NM_0	0.1-<1%
Zfecal1_ont	0.037	final_consensus_29_depth_188	188	31574	0.005954266168366377	0.5954266168366378	0	NM_0	0.1-<1%
Zfecal1_ont	0.037	final_consensus_30_depth_185	185	31574	0.005859251282700957	0.5859251282700957	0	NM_0	0.1-<1%
Zfecal1_ont	0.037	final_consensus_31_depth_182	182	31574	0.005764236397035535	0.5764236397035536	0	NM_0	0.1-<1%
Zfecal1_ont	0.037	final_consensus_32_depth_181	181	31574	0.0057325647684803955	0.5732564768480395	0	NM_0	0.1-<1%
Zfecal1_ont	0.037	final_consensus_33_depth_174	174	31574	0.005510863368594413	0.5510863368594413	0	NM_0	0.1-<1%
Zfecal1_ont	0.037	final_consensus_34_depth_169	169	31574	0.005352505225818711	0.5352505225818711	0	NM_0	0.1-<1%
Zfecal1_ont	0.037	final_consensus_35_depth_169	169	31574	0.005352505225818711	0.5352505225818711	0	NM_0	0.1-<1%
Zfecal1_ont	0.037	final_consensus_36_depth_169	169	31574	0.005352505225818711	0.5352505225818711	0	NM_0	0.1-<1%
Zfecal1_ont	0.037	final_consensus_37_depth_168	168	31574	0.005320833597263572	0.5320833597263571	0	NM_0	0.1-<1%
Zfecal1_ont	0.037	final_consensus_38_depth_167	167	31574	0.005289161968708431	0.5289161968708431	0	NM_0	0.1-<1%
Zfecal1_ont	0.037	final_consensus_39_depth_161	161	31574	0.005099132197377589	0.5099132197377589	0	NM_0	0.1-<1%
Zfecal1_ont	0.037	final_consensus_40_depth_160	160	31574	0.0050674605688224485	0.5067460568822448	0	NM_0	0.1-<1%
Zfecal1_ont	0.037	final_consensus_41_depth_158	158	31574	0.005004117311712168	0.5004117311712168	0	NM_0	0.1-<1%
Zfecal1_ont	0.037	final_consensus_42_depth_158	158	31574	0.005004117311712168	0.5004117311712168	0	NM_0	0.1-<1%
Zfecal1_ont	0.037	final_consensus_43_depth_158	158	31574	0.005004117311712168	0.5004117311712168	0	NM_0	0.1-<1%
Zfecal1_ont	0.037	final_consensus_44_depth_154	154	31574	0.004877430797491607	0.4877430797491607	0	NM_0	0.1-<1%
Zfecal1_ont	0.037	final_consensus_45_depth_153	153	31574	0.004845759168936467	0.48457591689364665	0	NM_0	0.1-<1%
Zfecal1_ont	0.037	final_consensus_46_depth_152	152	31574	0.004814087540381326	0.48140875403813266	0	NM_0	0.1-<1%
Zfecal1_ont	0.037	final_consensus_47_depth_149	149	31574	0.004719072654715905	0.47190726547159056	0	NM_0	0.1-<1%
Zfecal1_ont	0.037	final_consensus_48_depth_149	149	31574	0.004719072654715905	0.47190726547159056	0	NM_0	0.1-<1%
Zfecal1_ont	0.037	final_consensus_49_depth_149	149	31574	0.004719072654715905	0.47190726547159056	0	NM_0	0.1-<1%
Zfecal1_ont	0.037	final_consensus_50_depth_148	148	31574	0.004687401026160765	0.4687401026160765	0	NM_0	0.1-<1%
Zfecal1_ont	0.037	final_consensus_51_depth_147	147	31574	0.004655729397605625	0.46557293976056247	0	NM_0	0.1-<1%
Zfecal1_ont	0.037	final_consensus_52_depth_146	146	31574	0.004624057769050485	0.46240577690504847	0	NM_0	0.1-<1%
Zfecal1_ont	0.037	final_consensus_53_depth_145	145	31574	0.004592386140495344	0.4592386140495344	0	NM_0	0.1-<1%
Zfecal1_ont	0.037	final_consensus_54_depth_144	144	31574	0.004560714511940204	0.45607145119402037	0	NM_0	0.1-<1%
Zfecal1_ont	0.037	final_consensus_55_depth_140	140	31574	0.004434027997719643	0.4434027997719643	0	NM_0	0.1-<1%
Zfecal1_ont	0.037	final_consensus_56_depth_140	140	31574	0.004434027997719643	0.4434027997719643	0	NM_0	0.1-<1%
Zfecal1_ont	0.037	final_consensus_57_depth_139	139	31574	0.004402356369164502	0.44023563691645023	0	NM_0	0.1-<1%
Zfecal1_ont	0.037	final_consensus_58_depth_138	138	31574	0.004370684740609362	0.43706847406093624	0	NM_0	0.1-<1%
Zfecal1_ont	0.037	final_consensus_59_depth_137	137	31574	0.004339013112054222	0.4339013112054222	0	NM_0	0.1-<1%
Zfecal1_ont	0.037	final_consensus_60_depth_136	136	31574	0.004307341483499081	0.43073414834990814	0	NM_0	0.1-<1%
Zfecal1_ont	0.037	final_consensus_61_depth_135	135	31574	0.004275669854943941	0.42756698549439415	0	NM_0	0.1-<1%
Zfecal1_ont	0.037	final_consensus_62_depth_135	135	31574	0.004275669854943941	0.42756698549439415	0	NM_0	0.1-<1%
Zfecal1_ont	0.037	final_consensus_63_depth_134	134	31574	0.004243998226388801	0.4243998226388801	0	NM_0	0.1-<1%
Zfecal1_ont	0.037	final_consensus_64_depth_134	134	31574	0.004243998226388801	0.4243998226388801	0	NM_0	0.1-<1%
Zfecal1_ont	0.037	final_consensus_65_depth_132	132	31574	0.00418065496927852	0.41806549692785205	0	NM_0	0.1-<1%
Zfecal1_ont	0.037	final_consensus_66_depth_132	132	31574	0.00418065496927852	0.41806549692785205	0	NM_0	0.1-<1%
Zfecal1_ont	0.037	final_consensus_67_depth_132	132	31574	0.00418065496927852	0.41806549692785205	0	NM_0	0.1-<1%
Zfecal1_ont	0.037	final_consensus_68_depth_129	129	31574	0.0040856400836131	0.40856400836130996	0	NM_0	0.1-<1%
Zfecal1_ont	0.037	final_consensus_69_depth_128	128	31574	0.004053968455057959	0.4053968455057959	0	NM_0	0.1-<1%
Zfecal1_ont	0.037	final_consensus_70_depth_128	128	31574	0.004053968455057959	0.4053968455057959	0	NM_0	0.1-<1%
Zfecal1_ont	0.037	final_consensus_71_depth_127	127	31574	0.004022296826502819	0.40222968265028186	0	NM_0	0.1-<1%
Zfecal1_ont	0.037	final_consensus_72_depth_127	127	31574	0.004022296826502819	0.40222968265028186	1	NM_1	0.1-<1%
Zfecal1_ont	0.037	final_consensus_73_depth_126	126	31574	0.0039906251979476785	0.39906251979476787	0	NM_0	0.1-<1%
Zfecal1_ont	0.037	final_consensus_74_depth_124	124	31574	0.003927281940837398	0.39272819408373977	0	NM_0	0.1-<1%
Zfecal1_ont	0.037	final_consensus_75_depth_124	124	31574	0.003927281940837398	0.39272819408373977	0	NM_0	0.1-<1%
Zfecal1_ont	0.037	final_consensus_76_depth_124	124	31574	0.003927281940837398	0.39272819408373977	0	NM_0	0.1-<1%
Zfecal1_ont	0.037	final_consensus_77_depth_124	124	31574	0.003927281940837398	0.39272819408373977	0	NM_0	0.1-<1%
Zfecal1_ont	0.037	final_consensus_78_depth_123	123	31574	0.0038956103122822576	0.3895610312282258	0	NM_0	0.1-<1%
Zfecal1_ont	0.037	final_consensus_79_depth_123	123	31574	0.0038956103122822576	0.3895610312282258	0	NM_0	0.1-<1%
Zfecal1_ont	0.037	final_consensus_80_depth_122	122	31574	0.0038639386837271174	0.3863938683727117	0	NM_0	0.1-<1%
Zfecal1_ont	0.037	final_consensus_81_depth_121	121	31574	0.003832267055171977	0.3832267055171977	0	NM_0	0.1-<1%
Zfecal1_ont	0.037	final_consensus_82_depth_120	120	31574	0.003800595426616837	0.3800595426616837	0	NM_0	0.1-<1%
Zfecal1_ont	0.037	final_consensus_83_depth_120	120	31574	0.003800595426616837	0.3800595426616837	0	NM_0	0.1-<1%
Zfecal1_ont	0.037	final_consensus_84_depth_120	120	31574	0.003800595426616837	0.3800595426616837	0	NM_0	0.1-<1%
Zfecal1_ont	0.037	final_consensus_85_depth_120	120	31574	0.003800595426616837	0.3800595426616837	0	NM_0	0.1-<1%
Zfecal1_ont	0.037	final_consensus_86_depth_116	116	31574	0.0036739089123962753	0.36739089123962754	0	NM_0	0.1-<1%
Zfecal1_ont	0.037	final_consensus_87_depth_115	115	31574	0.003642237283841135	0.3642237283841135	0	NM_0	0.1-<1%
Zfecal1_ont	0.037	final_consensus_88_depth_115	115	31574	0.003642237283841135	0.3642237283841135	0	NM_0	0.1-<1%
Zfecal1_ont	0.037	final_consensus_89_depth_115	115	31574	0.003642237283841135	0.3642237283841135	0	NM_0	0.1-<1%
Zfecal1_ont	0.037	final_consensus_90_depth_115	115	31574	0.003642237283841135	0.3642237283841135	0	NM_0	0.1-<1%
Zfecal1_ont	0.037	final_consensus_91_depth_114	114	31574	0.0036105656552859948	0.3610565655285995	0	NM_0	0.1-<1%
Zfecal1_ont	0.037	final_consensus_92_depth_114	114	31574	0.0036105656552859948	0.3610565655285995	0	NM_0	0.1-<1%
Zfecal1_ont	0.037	final_consensus_93_depth_113	113	31574	0.0035788940267308545	0.35788940267308544	0	NM_0	0.1-<1%
Zfecal1_ont	0.037	final_consensus_94_depth_112	112	31574	0.0035472223981757142	0.3547222398175714	0	NM_0	0.1-<1%
Zfecal1_ont	0.037	final_consensus_95_depth_112	112	31574	0.0035472223981757142	0.3547222398175714	0	NM_0	0.1-<1%
Zfecal1_ont	0.037	final_consensus_96_depth_112	112	31574	0.0035472223981757142	0.3547222398175714	0	NM_0	0.1-<1%
Zfecal1_ont	0.037	final_consensus_97_depth_112	112	31574	0.0035472223981757142	0.3547222398175714	0	NM_0	0.1-<1%
Zfecal1_ont	0.037	final_consensus_98_depth_111	111	31574	0.003515550769620574	0.3515550769620574	0	NM_0	0.1-<1%
Zfecal1_ont	0.037	final_consensus_99_depth_110	110	31574	0.0034838791410654337	0.34838791410654335	0	NM_0	0.1-<1%
Zfecal1_ont	0.037	final_consensus_100_depth_110	110	31574	0.0034838791410654337	0.34838791410654335	0	NM_0	0.1-<1%
Zfecal1_ont	0.037	final_consensus_101_depth_109	109	31574	0.0034522075125102934	0.3452207512510293	0	NM_0	0.1-<1%
Zfecal1_ont	0.037	final_consensus_102_depth_108	108	31574	0.003420535883955153	0.3420535883955153	0	NM_0	0.1-<1%
Zfecal1_ont	0.037	final_consensus_103_depth_108	108	31574	0.003420535883955153	0.3420535883955153	0	NM_0	0.1-<1%
Zfecal1_ont	0.037	final_consensus_104_depth_106	106	31574	0.003357192626844872	0.33571926268448726	0	NM_0	0.1-<1%
Zfecal1_ont	0.037	final_consensus_105_depth_106	106	31574	0.003357192626844872	0.33571926268448726	0	NM_0	0.1-<1%
Zfecal1_ont	0.037	final_consensus_106_depth_106	106	31574	0.003357192626844872	0.33571926268448726	0	NM_0	0.1-<1%
Zfecal1_ont	0.037	final_consensus_107_depth_105	105	31574	0.003325520998289732	0.3325520998289732	0	NM_0	0.1-<1%
Zfecal1_ont	0.037	final_consensus_108_depth_105	105	31574	0.003325520998289732	0.3325520998289732	0	NM_0	0.1-<1%
Zfecal1_ont	0.037	final_consensus_109_depth_104	104	31574	0.0032938493697345916	0.32938493697345916	0	NM_0	0.1-<1%
Zfecal1_ont	0.037	final_consensus_110_depth_101	101	31574	0.003198834484069171	0.31988344840691707	0	NM_0	0.1-<1%
Zfecal1_ont	0.037	final_consensus_111_depth_100	100	31574	0.0031671628555140306	0.3167162855514031	0	NM_0	0.1-<1%
Zfecal1_ont	0.037	final_consensus_112_depth_100	100	31574	0.0031671628555140306	0.3167162855514031	0	NM_0	0.1-<1%
Zfecal1_ont	0.037	final_consensus_113_depth_100	100	31574	0.0031671628555140306	0.3167162855514031	0	NM_0	0.1-<1%
Zfecal1_ont	0.037	final_consensus_114_depth_99	99	31574	0.0031354912269588903	0.313549122695889	0	NM_0	0.1-<1%
Zfecal1_ont	0.037	final_consensus_115_depth_99	99	31574	0.0031354912269588903	0.313549122695889	0	NM_0	0.1-<1%
Zfecal1_ont	0.037	final_consensus_116_depth_99	99	31574	0.0031354912269588903	0.313549122695889	0	NM_0	0.1-<1%
Zfecal1_ont	0.037	final_consensus_117_depth_98	98	31574	0.00310381959840375	0.310381959840375	0	NM_0	0.1-<1%
Zfecal1_ont	0.037	final_consensus_118_depth_97	97	31574	0.0030721479698486097	0.307214796984861	0	NM_0	0.1-<1%
Zfecal1_ont	0.037	final_consensus_119_depth_97	97	31574	0.0030721479698486097	0.307214796984861	0	NM_0	0.1-<1%
Zfecal1_ont	0.037	final_consensus_120_depth_94	94	31574	0.0029771330841831885	0.2977133084183189	0	NM_0	0.1-<1%
Zfecal1_ont	0.037	final_consensus_121_depth_92	92	31574	0.002913789827072908	0.2913789827072908	0	NM_0	0.1-<1%
Zfecal1_ont	0.037	final_consensus_122_depth_92	92	31574	0.002913789827072908	0.2913789827072908	0	NM_0	0.1-<1%
Zfecal1_ont	0.037	final_consensus_123_depth_91	91	31574	0.0028821181985177677	0.2882118198517768	0	NM_0	0.1-<1%
Zfecal1_ont	0.037	final_consensus_124_depth_90	90	31574	0.0028504465699626274	0.28504465699626275	0	NM_0	0.1-<1%
Zfecal1_ont	0.037	final_consensus_125_depth_90	90	31574	0.0028504465699626274	0.28504465699626275	0	NM_0	0.1-<1%
Zfecal1_ont	0.037	final_consensus_126_depth_90	90	31574	0.0028504465699626274	0.28504465699626275	0	NM_0	0.1-<1%
Zfecal1_ont	0.037	final_consensus_127_depth_90	90	31574	0.0028504465699626274	0.28504465699626275	0	NM_0	0.1-<1%
Zfecal1_ont	0.037	final_consensus_128_depth_88	88	31574	0.002787103312852347	0.2787103312852347	0	NM_0	0.1-<1%
Zfecal1_ont	0.037	final_consensus_129_depth_88	88	31574	0.002787103312852347	0.2787103312852347	0	NM_0	0.1-<1%
Zfecal1_ont	0.037	final_consensus_130_depth_88	88	31574	0.002787103312852347	0.2787103312852347	0	NM_0	0.1-<1%
Zfecal1_ont	0.037	final_consensus_131_depth_88	88	31574	0.002787103312852347	0.2787103312852347	0	NM_0	0.1-<1%
Zfecal1_ont	0.037	final_consensus_132_depth_87	87	31574	0.0027554316842972066	0.27554316842972065	0	NM_0	0.1-<1%
Zfecal1_ont	0.037	final_consensus_133_depth_87	87	31574	0.0027554316842972066	0.27554316842972065	0	NM_0	0.1-<1%
Zfecal1_ont	0.037	final_consensus_134_depth_86	86	31574	0.0027237600557420663	0.2723760055742066	0	NM_0	0.1-<1%
Zfecal1_ont	0.037	final_consensus_135_depth_85	85	31574	0.002692088427186926	0.2692088427186926	0	NM_0	0.1-<1%
Zfecal1_ont	0.037	final_consensus_136_depth_85	85	31574	0.002692088427186926	0.2692088427186926	0	NM_0	0.1-<1%
Zfecal1_ont	0.037	final_consensus_137_depth_84	84	31574	0.002660416798631786	0.26604167986317856	0	NM_0	0.1-<1%
Zfecal1_ont	0.037	final_consensus_138_depth_83	83	31574	0.0026287451700766455	0.2628745170076645	0	NM_0	0.1-<1%
Zfecal1_ont	0.037	final_consensus_139_depth_83	83	31574	0.0026287451700766455	0.2628745170076645	0	NM_0	0.1-<1%
Zfecal1_ont	0.037	final_consensus_140_depth_82	82	31574	0.0025970735415215052	0.2597073541521505	0	NM_0	0.1-<1%
Zfecal1_ont	0.037	final_consensus_141_depth_79	79	31574	0.002502058655856084	0.2502058655856084	0	NM_0	0.1-<1%
Zfecal1_ont	0.037	final_consensus_142_depth_78	78	31574	0.0024703870273009437	0.24703870273009437	0	NM_0	0.1-<1%
Zfecal1_ont	0.037	final_consensus_143_depth_78	78	31574	0.0024703870273009437	0.24703870273009437	0	NM_0	0.1-<1%
Zfecal1_ont	0.037	final_consensus_144_depth_76	76	31574	0.002407043770190663	0.24070437701906633	0	NM_0	0.1-<1%
Zfecal1_ont	0.037	final_consensus_145_depth_76	76	31574	0.002407043770190663	0.24070437701906633	0	NM_0	0.1-<1%
Zfecal1_ont	0.037	final_consensus_146_depth_74	74	31574	0.0023437005130803826	0.23437005130803826	0	NM_0	0.1-<1%
Zfecal1_ont	0.037	final_consensus_147_depth_74	74	31574	0.0023437005130803826	0.23437005130803826	0	NM_0	0.1-<1%
Zfecal1_ont	0.037	final_consensus_148_depth_73	73	31574	0.0023120288845252424	0.23120288845252424	0	NM_0	0.1-<1%
Zfecal1_ont	0.037	final_consensus_149_depth_71	71	31574	0.002248685627414962	0.22486856274149616	0	NM_0	0.1-<1%
Zfecal1_ont	0.037	final_consensus_150_depth_68	68	31574	0.0021536707417495406	0.21536707417495407	0	NM_0	0.1-<1%
Zfecal1_ont	0.037	final_consensus_151_depth_67	67	31574	0.0021219991131944003	0.21219991131944005	0	NM_0	0.1-<1%
Zfecal1_ont	0.037	final_consensus_152_depth_66	66	31574	0.00209032748463926	0.20903274846392603	0	NM_0	0.1-<1%
Zfecal1_ont	0.037	final_consensus_153_depth_64	64	31574	0.0020269842275289795	0.20269842275289796	0	NM_0	0.1-<1%
Zfecal1_ont	0.037	final_consensus_154_depth_64	64	31574	0.0020269842275289795	0.20269842275289796	0	NM_0	0.1-<1%
Zfecal1_ont	0.037	final_consensus_155_depth_64	64	31574	0.0020269842275289795	0.20269842275289796	0	NM_0	0.1-<1%
Zfecal1_ont	0.037	final_consensus_156_depth_64	64	31574	0.0020269842275289795	0.20269842275289796	0	NM_0	0.1-<1%
Zfecal1_ont	0.037	final_consensus_157_depth_63	63	31574	0.0019953125989738392	0.19953125989738393	0	NM_0	0.1-<1%
Zfecal1_ont	0.037	final_consensus_158_depth_63	63	31574	0.0019953125989738392	0.19953125989738393	0	NM_0	0.1-<1%
Zfecal1_ont	0.037	final_consensus_159_depth_63	63	31574	0.0019953125989738392	0.19953125989738393	0	NM_0	0.1-<1%
Zfecal1_ont	0.037	final_consensus_160_depth_63	63	31574	0.0019953125989738392	0.19953125989738393	0	NM_0	0.1-<1%
Zfecal1_ont	0.037	final_consensus_161_depth_63	63	31574	0.0019953125989738392	0.19953125989738393	0	NM_0	0.1-<1%
Zfecal1_ont	0.037	final_consensus_162_depth_62	62	31574	0.001963640970418699	0.19636409704186988	0	NM_0	0.1-<1%
Zfecal1_ont	0.037	final_consensus_163_depth_62	62	31574	0.001963640970418699	0.19636409704186988	0	NM_0	0.1-<1%
Zfecal1_ont	0.037	final_consensus_164_depth_60	60	31574	0.0019002977133084184	0.19002977133084184	0	NM_0	0.1-<1%
Zfecal1_ont	0.037	final_consensus_165_depth_60	60	31574	0.0019002977133084184	0.19002977133084184	0	NM_0	0.1-<1%
Zfecal1_ont	0.037	final_consensus_166_depth_59	59	31574	0.001868626084753278	0.1868626084753278	0	NM_0	0.1-<1%
Zfecal1_ont	0.037	final_consensus_167_depth_58	58	31574	0.0018369544561981377	0.18369544561981377	0	NM_0	0.1-<1%
Zfecal1_ont	0.037	final_consensus_168_depth_58	58	31574	0.0018369544561981377	0.18369544561981377	0	NM_0	0.1-<1%
Zfecal1_ont	0.037	final_consensus_169_depth_58	58	31574	0.0018369544561981377	0.18369544561981377	0	NM_0	0.1-<1%
Zfecal1_ont	0.037	final_consensus_170_depth_57	57	31574	0.0018052828276429974	0.18052828276429975	0	NM_0	0.1-<1%
Zfecal1_ont	0.037	final_consensus_171_depth_57	57	31574	0.0018052828276429974	0.18052828276429975	0	NM_0	0.1-<1%
Zfecal1_ont	0.037	final_consensus_172_depth_56	56	31574	0.0017736111990878571	0.1773611199087857	0	NM_0	0.1-<1%
Zfecal1_ont	0.037	final_consensus_173_depth_56	56	31574	0.0017736111990878571	0.1773611199087857	0	NM_0	0.1-<1%
Zfecal1_ont	0.037	final_consensus_174_depth_55	55	31574	0.0017419395705327168	0.17419395705327168	0	NM_0	0.1-<1%
Zfecal1_ont	0.037	final_consensus_175_depth_55	55	31574	0.0017419395705327168	0.17419395705327168	0	NM_0	0.1-<1%
Zfecal1_ont	0.037	final_consensus_176_depth_55	55	31574	0.0017419395705327168	0.17419395705327168	0	NM_0	0.1-<1%
Zfecal1_ont	0.037	final_consensus_177_depth_55	55	31574	0.0017419395705327168	0.17419395705327168	0	NM_0	0.1-<1%
Zfecal1_ont	0.037	final_consensus_178_depth_54	54	31574	0.0017102679419775766	0.17102679419775765	0	NM_0	0.1-<1%
Zfecal1_ont	0.037	final_consensus_179_depth_54	54	31574	0.0017102679419775766	0.17102679419775765	0	NM_0	0.1-<1%
Zfecal1_ont	0.037	final_consensus_180_depth_54	54	31574	0.0017102679419775766	0.17102679419775765	0	NM_0	0.1-<1%
Zfecal1_ont	0.037	final_consensus_181_depth_54	54	31574	0.0017102679419775766	0.17102679419775765	0	NM_0	0.1-<1%
Zfecal1_ont	0.037	final_consensus_182_depth_54	54	31574	0.0017102679419775766	0.17102679419775765	0	NM_0	0.1-<1%
Zfecal1_ont	0.037	final_consensus_183_depth_53	53	31574	0.001678596313422436	0.16785963134224363	0	NM_0	0.1-<1%
Zfecal1_ont	0.037	final_consensus_184_depth_53	53	31574	0.001678596313422436	0.16785963134224363	0	NM_0	0.1-<1%
Zfecal1_ont	0.037	final_consensus_185_depth_53	53	31574	0.001678596313422436	0.16785963134224363	0	NM_0	0.1-<1%
Zfecal1_ont	0.037	final_consensus_186_depth_53	53	31574	0.001678596313422436	0.16785963134224363	0	NM_0	0.1-<1%
Zfecal1_ont	0.037	final_consensus_187_depth_52	52	31574	0.0016469246848672958	0.16469246848672958	0	NM_0	0.1-<1%
Zfecal1_ont	0.037	final_consensus_188_depth_52	52	31574	0.0016469246848672958	0.16469246848672958	0	NM_0	0.1-<1%
Zfecal1_ont	0.037	final_consensus_189_depth_52	52	31574	0.0016469246848672958	0.16469246848672958	0	NM_0	0.1-<1%
Zfecal1_ont	0.037	final_consensus_190_depth_52	52	31574	0.0016469246848672958	0.16469246848672958	0	NM_0	0.1-<1%
Zfecal1_ont	0.037	final_consensus_191_depth_50	50	31574	0.0015835814277570153	0.15835814277570154	0	NM_0	0.1-<1%
Zfecal1_ont	0.037	final_consensus_192_depth_50	50	31574	0.0015835814277570153	0.15835814277570154	1	NM_1	0.1-<1%
Zfecal1_ont	0.037	final_consensus_193_depth_49	49	31574	0.001551909799201875	0.1551909799201875	0	NM_0	0.1-<1%
Zfecal1_ont	0.037	final_consensus_194_depth_48	48	31574	0.0015202381706467347	0.15202381706467347	0	NM_0	0.1-<1%
Zfecal1_ont	0.037	final_consensus_195_depth_48	48	31574	0.0015202381706467347	0.15202381706467347	0	NM_0	0.1-<1%
Zfecal1_ont	0.037	final_consensus_196_depth_47	47	31574	0.0014885665420915942	0.14885665420915944	0	NM_0	0.1-<1%
Zfecal1_ont	0.037	final_consensus_197_depth_47	47	31574	0.0014885665420915942	0.14885665420915944	0	NM_0	0.1-<1%
Zfecal1_ont	0.037	final_consensus_198_depth_47	47	31574	0.0014885665420915942	0.14885665420915944	0	NM_0	0.1-<1%
Zfecal1_ont	0.037	final_consensus_199_depth_46	46	31574	0.001456894913536454	0.1456894913536454	0	NM_0	0.1-<1%
Zfecal1_ont	0.037	final_consensus_200_depth_46	46	31574	0.001456894913536454	0.1456894913536454	0	NM_0	0.1-<1%
Zfecal1_ont	0.037	final_consensus_201_depth_46	46	31574	0.001456894913536454	0.1456894913536454	0	NM_0	0.1-<1%
Zfecal1_ont	0.037	final_consensus_202_depth_45	45	31574	0.0014252232849813137	0.14252232849813137	0	NM_0	0.1-<1%
Zfecal1_ont	0.037	final_consensus_203_depth_44	44	31574	0.0013935516564261734	0.13935516564261735	0	NM_0	0.1-<1%
Zfecal1_ont	0.037	final_consensus_204_depth_44	44	31574	0.0013935516564261734	0.13935516564261735	0	NM_0	0.1-<1%
Zfecal1_ont	0.037	final_consensus_205_depth_43	43	31574	0.0013618800278710332	0.1361880027871033	0	NM_0	0.1-<1%
Zfecal1_ont	0.037	final_consensus_206_depth_43	43	31574	0.0013618800278710332	0.1361880027871033	0	NM_0	0.1-<1%
Zfecal1_ont	0.037	final_consensus_207_depth_42	42	31574	0.001330208399315893	0.13302083993158928	0	NM_0	0.1-<1%
Zfecal1_ont	0.037	final_consensus_208_depth_42	42	31574	0.001330208399315893	0.13302083993158928	0	NM_0	0.1-<1%
Zfecal1_ont	0.037	final_consensus_209_depth_42	42	31574	0.001330208399315893	0.13302083993158928	0	NM_0	0.1-<1%
Zfecal1_ont	0.037	final_consensus_210_depth_42	42	31574	0.001330208399315893	0.13302083993158928	0	NM_0	0.1-<1%
Zfecal1_ont	0.037	final_consensus_211_depth_42	42	31574	0.001330208399315893	0.13302083993158928	0	NM_0	0.1-<1%
Zfecal1_ont	0.037	final_consensus_212_depth_42	42	31574	0.001330208399315893	0.13302083993158928	0	NM_0	0.1-<1%
Zfecal1_ont	0.037	final_consensus_213_depth_41	41	31574	0.0012985367707607526	0.12985367707607526	0	NM_0	0.1-<1%
Zfecal1_ont	0.037	final_consensus_214_depth_41	41	31574	0.0012985367707607526	0.12985367707607526	0	NM_0	0.1-<1%
Zfecal1_ont	0.037	final_consensus_215_depth_41	41	31574	0.0012985367707607526	0.12985367707607526	0	NM_0	0.1-<1%
Zfecal1_ont	0.037	final_consensus_216_depth_41	41	31574	0.0012985367707607526	0.12985367707607526	0	NM_0	0.1-<1%
Zfecal1_ont	0.037	final_consensus_217_depth_41	41	31574	0.0012985367707607526	0.12985367707607526	0	NM_0	0.1-<1%
Zfecal1_ont	0.037	final_consensus_218_depth_40	40	31574	0.0012668651422056121	0.1266865142205612	0	NM_0	0.1-<1%
Zfecal1_ont	0.037	final_consensus_219_depth_39	39	31574	0.0012351935136504719	0.12351935136504719	0	NM_0	0.1-<1%
Zfecal1_ont	0.037	final_consensus_220_depth_39	39	31574	0.0012351935136504719	0.12351935136504719	0	NM_0	0.1-<1%
Zfecal1_ont	0.037	final_consensus_221_depth_38	38	31574	0.0012035218850953316	0.12035218850953316	0	NM_0	0.1-<1%
Zfecal1_ont	0.037	final_consensus_222_depth_38	38	31574	0.0012035218850953316	0.12035218850953316	0	NM_0	0.1-<1%
Zfecal1_ont	0.037	final_consensus_223_depth_38	38	31574	0.0012035218850953316	0.12035218850953316	0	NM_0	0.1-<1%
Zfecal1_ont	0.037	final_consensus_224_depth_38	38	31574	0.0012035218850953316	0.12035218850953316	0	NM_0	0.1-<1%
Zfecal1_ont	0.037	final_consensus_225_depth_37	37	31574	0.0011718502565401913	0.11718502565401913	0	NM_0	0.1-<1%
Zfecal1_ont	0.037	final_consensus_226_depth_37	37	31574	0.0011718502565401913	0.11718502565401913	0	NM_0	0.1-<1%
Zfecal1_ont	0.037	final_consensus_227_depth_37	37	31574	0.0011718502565401913	0.11718502565401913	0	NM_0	0.1-<1%
Zfecal1_ont	0.037	final_consensus_228_depth_37	37	31574	0.0011718502565401913	0.11718502565401913	0	NM_0	0.1-<1%
Zfecal1_ont	0.037	final_consensus_229_depth_37	37	31574	0.0011718502565401913	0.11718502565401913	0	NM_0	0.1-<1%
Zfecal1_ont	0.037	final_consensus_230_depth_37	37	31574	0.0011718502565401913	0.11718502565401913	0	NM_0	0.1-<1%
Zfecal1_ont	0.037	final_consensus_231_depth_37	37	31574	0.0011718502565401913	0.11718502565401913	0	NM_0	0.1-<1%
Zfecal1_ont	0.037	final_consensus_232_depth_37	37	31574	0.0011718502565401913	0.11718502565401913	0	NM_0	0.1-<1%
Zfecal1_ont	0.037	final_consensus_233_depth_36	36	31574	0.001140178627985051	0.11401786279850509	0	NM_0	0.1-<1%
Zfecal1_ont	0.037	final_consensus_234_depth_36	36	31574	0.001140178627985051	0.11401786279850509	0	NM_0	0.1-<1%
Zfecal1_ont	0.037	final_consensus_235_depth_35	35	31574	0.0011085069994299108	0.11085069994299107	0	NM_0	0.1-<1%
Zfecal1_ont	0.037	final_consensus_236_depth_35	35	31574	0.0011085069994299108	0.11085069994299107	0	NM_0	0.1-<1%
Zfecal1_ont	0.037	final_consensus_237_depth_35	35	31574	0.0011085069994299108	0.11085069994299107	0	NM_0	0.1-<1%
Zfecal1_ont	0.037	final_consensus_238_depth_35	35	31574	0.0011085069994299108	0.11085069994299107	0	NM_0	0.1-<1%
Zfecal1_ont	0.037	final_consensus_239_depth_34	34	31574	0.0010768353708747703	0.10768353708747704	0	NM_0	0.1-<1%
Zfecal1_ont	0.037	final_consensus_240_depth_34	34	31574	0.0010768353708747703	0.10768353708747704	0	NM_0	0.1-<1%
Zfecal1_ont	0.037	final_consensus_241_depth_34	34	31574	0.0010768353708747703	0.10768353708747704	0	NM_0	0.1-<1%
Zfecal1_ont	0.037	final_consensus_242_depth_34	34	31574	0.0010768353708747703	0.10768353708747704	0	NM_0	0.1-<1%
Zfecal1_ont	0.037	final_consensus_243_depth_33	33	31574	0.00104516374231963	0.10451637423196301	0	NM_0	0.1-<1%
Zfecal1_ont	0.037	final_consensus_244_depth_33	33	31574	0.00104516374231963	0.10451637423196301	0	NM_0	0.1-<1%
Zfecal1_ont	0.037	final_consensus_245_depth_33	33	31574	0.00104516374231963	0.10451637423196301	0	NM_0	0.1-<1%
Zfecal1_ont	0.037	final_consensus_246_depth_33	33	31574	0.00104516374231963	0.10451637423196301	0	NM_0	0.1-<1%
Zfecal1_ont	0.037	final_consensus_247_depth_33	33	31574	0.00104516374231963	0.10451637423196301	0	NM_0	0.1-<1%
Zfecal1_ont	0.037	final_consensus_248_depth_32	32	31574	0.0010134921137644898	0.10134921137644898	0	NM_0	0.1-<1%
Zfecal1_ont	0.037	final_consensus_249_depth_32	32	31574	0.0010134921137644898	0.10134921137644898	0	NM_0	0.1-<1%
Zfecal1_ont	0.037	final_consensus_250_depth_31	31	31574	0.0009818204852093495	0.09818204852093494	0	NM_0	0.05-<0.1%
Zfecal1_ont	0.037	final_consensus_251_depth_31	31	31574	0.0009818204852093495	0.09818204852093494	0	NM_0	0.05-<0.1%
Zfecal1_ont	0.037	final_consensus_252_depth_31	31	31574	0.0009818204852093495	0.09818204852093494	0	NM_0	0.05-<0.1%
Zfecal1_ont	0.037	final_consensus_253_depth_31	31	31574	0.0009818204852093495	0.09818204852093494	0	NM_0	0.05-<0.1%
Zfecal1_ont	0.037	final_consensus_254_depth_31	31	31574	0.0009818204852093495	0.09818204852093494	0	NM_0	0.05-<0.1%
Zfecal1_ont	0.037	final_consensus_255_depth_31	31	31574	0.0009818204852093495	0.09818204852093494	0	NM_0	0.05-<0.1%
Zfecal1_ont	0.037	final_consensus_256_depth_30	30	31574	0.0009501488566542092	0.09501488566542092	0	NM_0	0.05-<0.1%
Zfecal1_ont	0.037	final_consensus_257_depth_30	30	31574	0.0009501488566542092	0.09501488566542092	0	NM_0	0.05-<0.1%
Zfecal1_ont	0.037	final_consensus_258_depth_30	30	31574	0.0009501488566542092	0.09501488566542092	0	NM_0	0.05-<0.1%
Zfecal1_ont	0.037	final_consensus_259_depth_29	29	31574	0.0009184772280990688	0.09184772280990688	0	NM_0	0.05-<0.1%
Zfecal1_ont	0.037	final_consensus_260_depth_29	29	31574	0.0009184772280990688	0.09184772280990688	0	NM_0	0.05-<0.1%
Zfecal1_ont	0.037	final_consensus_261_depth_29	29	31574	0.0009184772280990688	0.09184772280990688	0	NM_0	0.05-<0.1%
Zfecal1_ont	0.037	final_consensus_262_depth_29	29	31574	0.0009184772280990688	0.09184772280990688	0	NM_0	0.05-<0.1%
Zfecal1_ont	0.037	final_consensus_263_depth_29	29	31574	0.0009184772280990688	0.09184772280990688	0	NM_0	0.05-<0.1%
Zfecal1_ont	0.037	final_consensus_264_depth_29	29	31574	0.0009184772280990688	0.09184772280990688	0	NM_0	0.05-<0.1%
Zfecal1_ont	0.037	final_consensus_265_depth_28	28	31574	0.0008868055995439286	0.08868055995439285	0	NM_0	0.05-<0.1%
Zfecal1_ont	0.037	final_consensus_266_depth_28	28	31574	0.0008868055995439286	0.08868055995439285	0	NM_0	0.05-<0.1%
Zfecal1_ont	0.037	final_consensus_267_depth_27	27	31574	0.0008551339709887883	0.08551339709887883	0	NM_0	0.05-<0.1%
Zfecal1_ont	0.037	final_consensus_268_depth_27	27	31574	0.0008551339709887883	0.08551339709887883	0	NM_0	0.05-<0.1%
Zfecal1_ont	0.037	final_consensus_269_depth_26	26	31574	0.0008234623424336479	0.08234623424336479	0	NM_0	0.05-<0.1%
Zfecal1_ont	0.037	final_consensus_270_depth_26	26	31574	0.0008234623424336479	0.08234623424336479	0	NM_0	0.05-<0.1%
Zfecal1_ont	0.037	final_consensus_271_depth_26	26	31574	0.0008234623424336479	0.08234623424336479	0	NM_0	0.05-<0.1%
Zfecal1_ont	0.037	final_consensus_272_depth_24	24	31574	0.0007601190853233674	0.07601190853233673	0	NM_0	0.05-<0.1%
Zfecal1_ont	0.037	final_consensus_273_depth_24	24	31574	0.0007601190853233674	0.07601190853233673	0	NM_0	0.05-<0.1%
Zfecal1_ont	0.037	final_consensus_274_depth_24	24	31574	0.0007601190853233674	0.07601190853233673	0	NM_0	0.05-<0.1%
Zfecal1_ont	0.037	final_consensus_275_depth_23	23	31574	0.000728447456768227	0.0728447456768227	0	NM_0	0.05-<0.1%
Zfecal1_ont	0.037	final_consensus_276_depth_23	23	31574	0.000728447456768227	0.0728447456768227	0	NM_0	0.05-<0.1%
Zfecal1_ont	0.037	final_consensus_277_depth_23	23	31574	0.000728447456768227	0.0728447456768227	0	NM_0	0.05-<0.1%
Zfecal1_ont	0.037	final_consensus_278_depth_22	22	31574	0.0006967758282130867	0.06967758282130868	0	NM_0	0.05-<0.1%
Zfecal1_ont	0.037	final_consensus_279_depth_22	22	31574	0.0006967758282130867	0.06967758282130868	0	NM_0	0.05-<0.1%
Zfecal1_ont	0.037	final_consensus_280_depth_22	22	31574	0.0006967758282130867	0.06967758282130868	0	NM_0	0.05-<0.1%
Zfecal1_ont	0.037	final_consensus_281_depth_22	22	31574	0.0006967758282130867	0.06967758282130868	0	NM_0	0.05-<0.1%
Zfecal1_ont	0.037	final_consensus_282_depth_22	22	31574	0.0006967758282130867	0.06967758282130868	0	NM_0	0.05-<0.1%
Zfecal1_ont	0.037	final_consensus_283_depth_21	21	31574	0.0006651041996579464	0.06651041996579464	0	NM_0	0.05-<0.1%
Zfecal1_ont	0.037	final_consensus_284_depth_21	21	31574	0.0006651041996579464	0.06651041996579464	0	NM_0	0.05-<0.1%
Zfecal1_ont	0.037	final_consensus_285_depth_21	21	31574	0.0006651041996579464	0.06651041996579464	0	NM_0	0.05-<0.1%
Zfecal1_ont	0.037	final_consensus_286_depth_21	21	31574	0.0006651041996579464	0.06651041996579464	0	NM_0	0.05-<0.1%
Zfecal1_ont	0.037	final_consensus_287_depth_21	21	31574	0.0006651041996579464	0.06651041996579464	0	NM_0	0.05-<0.1%
Zfecal1_ont	0.037	final_consensus_288_depth_19	19	31574	0.0006017609425476658	0.06017609425476658	0	NM_0	0.05-<0.1%
Zfecal1_ont	0.037	final_consensus_289_depth_18	18	31574	0.0005700893139925255	0.057008931399252546	0	NM_0	0.05-<0.1%
Zfecal1_ont	0.037	final_consensus_290_depth_18	18	31574	0.0005700893139925255	0.057008931399252546	0	NM_0	0.05-<0.1%
Zfecal1_ont	0.037	final_consensus_291_depth_18	18	31574	0.0005700893139925255	0.057008931399252546	0	NM_0	0.05-<0.1%
Zfecal1_ont	0.012	final_consensus_0_depth_585	585	8911	0.06564919762091796	6.5649197620917965	0	NM_0	>=1%
Zfecal1_ont	0.012	final_consensus_1_depth_295	295	8911	0.0331051509370441	3.31051509370441	0	NM_0	>=1%
Zfecal1_ont	0.012	final_consensus_2_depth_270	270	8911	0.03029962967119291	3.0299629671192907	0	NM_0	>=1%
Zfecal1_ont	0.012	final_consensus_3_depth_204	204	8911	0.02289305352934575	2.289305352934575	0	NM_0	>=1%
Zfecal1_ont	0.012	final_consensus_4_depth_195	195	8911	0.02188306587363932	2.188306587363932	0	NM_0	>=1%
Zfecal1_ont	0.012	final_consensus_5_depth_184	184	8911	0.020648636516664796	2.06486365166648	0	NM_0	>=1%
Zfecal1_ont	0.012	final_consensus_6_depth_180	180	8911	0.020199753114128607	2.0199753114128605	0	NM_0	>=1%
Zfecal1_ont	0.012	final_consensus_7_depth_167	167	8911	0.018740882055885984	1.8740882055885983	0	NM_0	>=1%
Zfecal1_ont	0.012	final_consensus_8_depth_153	153	8911	0.017169790147009315	1.7169790147009314	0	NM_0	>=1%
Zfecal1_ont	0.012	final_consensus_9_depth_152	152	8911	0.017057569296375266	1.7057569296375266	0	NM_0	>=1%
Zfecal1_ont	0.012	final_consensus_10_depth_151	151	8911	0.016945348445741217	1.694534844574122	0	NM_0	>=1%
Zfecal1_ont	0.012	final_consensus_11_depth_146	146	8911	0.01638424419257098	1.638424419257098	0	NM_0	>=1%
Zfecal1_ont	0.012	final_consensus_12_depth_146	146	8911	0.01638424419257098	1.638424419257098	0	NM_0	>=1%
Zfecal1_ont	0.012	final_consensus_13_depth_144	144	8911	0.016159802491302885	1.6159802491302884	0	NM_0	>=1%
Zfecal1_ont	0.012	final_consensus_14_depth_144	144	8911	0.016159802491302885	1.6159802491302884	1	NM_1	>=1%
Zfecal1_ont	0.012	final_consensus_15_depth_140	140	8911	0.015710919088766692	1.5710919088766693	0	NM_0	>=1%
Zfecal1_ont	0.012	final_consensus_16_depth_122	122	8911	0.013690943777353833	1.3690943777353832	0	NM_0	>=1%
Zfecal1_ont	0.012	final_consensus_17_depth_121	121	8911	0.013578722926719784	1.3578722926719784	2	NM_ge_2	>=1%
Zfecal1_ont	0.012	final_consensus_18_depth_115	115	8911	0.012905397822915497	1.2905397822915499	0	NM_0	>=1%
Zfecal1_ont	0.012	final_consensus_19_depth_113	113	8911	0.012680956121647402	1.2680956121647402	0	NM_0	>=1%
Zfecal1_ont	0.012	final_consensus_20_depth_105	105	8911	0.01178318931657502	1.178318931657502	0	NM_0	>=1%
Zfecal1_ont	0.012	final_consensus_21_depth_101	101	8911	0.011334305914038828	1.133430591403883	0	NM_0	>=1%
Zfecal1_ont	0.012	final_consensus_22_depth_94	94	8911	0.010548759959600494	1.0548759959600493	0	NM_0	>=1%
Zfecal1_ont	0.012	final_consensus_23_depth_93	93	8911	0.010436539108966445	1.0436539108966445	0	NM_0	>=1%
Zfecal1_ont	0.012	final_consensus_24_depth_92	92	8911	0.010324318258332398	1.03243182583324	0	NM_0	>=1%
Zfecal1_ont	0.012	final_consensus_25_depth_90	90	8911	0.010099876557064303	1.0099876557064302	0	NM_0	>=1%
Zfecal1_ont	0.012	final_consensus_26_depth_87	87	8911	0.00976321400516216	0.976321400516216	0	NM_0	0.1-<1%
Zfecal1_ont	0.012	final_consensus_27_depth_86	86	8911	0.00965099315452811	0.9650993154528111	0	NM_0	0.1-<1%
Zfecal1_ont	0.012	final_consensus_28_depth_86	86	8911	0.00965099315452811	0.9650993154528111	0	NM_0	0.1-<1%
Zfecal1_ont	0.012	final_consensus_29_depth_86	86	8911	0.00965099315452811	0.9650993154528111	0	NM_0	0.1-<1%
Zfecal1_ont	0.012	final_consensus_30_depth_85	85	8911	0.009538772303894064	0.9538772303894063	0	NM_0	0.1-<1%
Zfecal1_ont	0.012	final_consensus_31_depth_83	83	8911	0.009314330602625967	0.9314330602625968	0	NM_0	0.1-<1%
Zfecal1_ont	0.012	final_consensus_32_depth_81	81	8911	0.009089888901357873	0.9089888901357872	0	NM_0	0.1-<1%
Zfecal1_ont	0.012	final_consensus_33_depth_81	81	8911	0.009089888901357873	0.9089888901357872	0	NM_0	0.1-<1%
Zfecal1_ont	0.012	final_consensus_34_depth_81	81	8911	0.009089888901357873	0.9089888901357872	0	NM_0	0.1-<1%
Zfecal1_ont	0.012	final_consensus_35_depth_80	80	8911	0.008977668050723824	0.8977668050723825	0	NM_0	0.1-<1%
Zfecal1_ont	0.012	final_consensus_36_depth_79	79	8911	0.008865447200089777	0.8865447200089777	0	NM_0	0.1-<1%
Zfecal1_ont	0.012	final_consensus_37_depth_78	78	8911	0.00875322634945573	0.8753226349455729	0	NM_0	0.1-<1%
Zfecal1_ont	0.012	final_consensus_38_depth_73	73	8911	0.00819212209628549	0.819212209628549	0	NM_0	0.1-<1%
Zfecal1_ont	0.012	final_consensus_39_depth_73	73	8911	0.00819212209628549	0.819212209628549	0	NM_0	0.1-<1%
Zfecal1_ont	0.012	final_consensus_40_depth_72	72	8911	0.008079901245651442	0.8079901245651442	0	NM_0	0.1-<1%
Zfecal1_ont	0.012	final_consensus_41_depth_72	72	8911	0.008079901245651442	0.8079901245651442	0	NM_0	0.1-<1%
Zfecal1_ont	0.012	final_consensus_42_depth_72	72	8911	0.008079901245651442	0.8079901245651442	0	NM_0	0.1-<1%
Zfecal1_ont	0.012	final_consensus_43_depth_71	71	8911	0.007967680395017395	0.7967680395017395	0	NM_0	0.1-<1%
Zfecal1_ont	0.012	final_consensus_44_depth_68	68	8911	0.007631017843115251	0.7631017843115251	0	NM_0	0.1-<1%
Zfecal1_ont	0.012	final_consensus_45_depth_65	65	8911	0.007294355291213107	0.7294355291213107	0	NM_0	0.1-<1%
Zfecal1_ont	0.012	final_consensus_46_depth_64	64	8911	0.00718213444057906	0.718213444057906	0	NM_0	0.1-<1%
Zfecal1_ont	0.012	final_consensus_47_depth_63	63	8911	0.007069913589945012	0.7069913589945012	0	NM_0	0.1-<1%
Zfecal1_ont	0.012	final_consensus_48_depth_63	63	8911	0.007069913589945012	0.7069913589945012	1	NM_1	0.1-<1%
Zfecal1_ont	0.012	final_consensus_49_depth_62	62	8911	0.006957692739310964	0.6957692739310964	0	NM_0	0.1-<1%
Zfecal1_ont	0.012	final_consensus_50_depth_62	62	8911	0.006957692739310964	0.6957692739310964	0	NM_0	0.1-<1%
Zfecal1_ont	0.012	final_consensus_51_depth_61	61	8911	0.0068454718886769165	0.6845471888676916	0	NM_0	0.1-<1%
Zfecal1_ont	0.012	final_consensus_52_depth_61	61	8911	0.0068454718886769165	0.6845471888676916	0	NM_0	0.1-<1%
Zfecal1_ont	0.012	final_consensus_53_depth_59	59	8911	0.00662103018740882	0.6621030187408821	0	NM_0	0.1-<1%
Zfecal1_ont	0.012	final_consensus_54_depth_59	59	8911	0.00662103018740882	0.6621030187408821	0	NM_0	0.1-<1%
Zfecal1_ont	0.012	final_consensus_55_depth_59	59	8911	0.00662103018740882	0.6621030187408821	0	NM_0	0.1-<1%
Zfecal1_ont	0.012	final_consensus_56_depth_58	58	8911	0.006508809336774773	0.6508809336774772	0	NM_0	0.1-<1%
Zfecal1_ont	0.012	final_consensus_57_depth_57	57	8911	0.006396588486140725	0.6396588486140725	0	NM_0	0.1-<1%
Zfecal1_ont	0.012	final_consensus_58_depth_57	57	8911	0.006396588486140725	0.6396588486140725	0	NM_0	0.1-<1%
Zfecal1_ont	0.012	final_consensus_59_depth_57	57	8911	0.006396588486140725	0.6396588486140725	0	NM_0	0.1-<1%
Zfecal1_ont	0.012	final_consensus_60_depth_56	56	8911	0.006284367635506678	0.6284367635506677	0	NM_0	0.1-<1%
Zfecal1_ont	0.012	final_consensus_61_depth_56	56	8911	0.006284367635506678	0.6284367635506677	0	NM_0	0.1-<1%
Zfecal1_ont	0.012	final_consensus_62_depth_56	56	8911	0.006284367635506678	0.6284367635506677	0	NM_0	0.1-<1%
Zfecal1_ont	0.012	final_consensus_63_depth_55	55	8911	0.0061721467848726294	0.617214678487263	0	NM_0	0.1-<1%
Zfecal1_ont	0.012	final_consensus_64_depth_55	55	8911	0.0061721467848726294	0.617214678487263	0	NM_0	0.1-<1%
Zfecal1_ont	0.012	final_consensus_65_depth_52	52	8911	0.005835484232970486	0.5835484232970486	0	NM_0	0.1-<1%
Zfecal1_ont	0.012	final_consensus_66_depth_52	52	8911	0.005835484232970486	0.5835484232970486	0	NM_0	0.1-<1%
Zfecal1_ont	0.012	final_consensus_67_depth_51	51	8911	0.005723263382336438	0.5723263382336438	0	NM_0	0.1-<1%
Zfecal1_ont	0.012	final_consensus_68_depth_51	51	8911	0.005723263382336438	0.5723263382336438	0	NM_0	0.1-<1%
Zfecal1_ont	0.012	final_consensus_69_depth_50	50	8911	0.0056110425317023906	0.561104253170239	0	NM_0	0.1-<1%
Zfecal1_ont	0.012	final_consensus_70_depth_49	49	8911	0.0054988216810683424	0.5498821681068342	0	NM_0	0.1-<1%
Zfecal1_ont	0.012	final_consensus_71_depth_49	49	8911	0.0054988216810683424	0.5498821681068342	0	NM_0	0.1-<1%
Zfecal1_ont	0.012	final_consensus_72_depth_48	48	8911	0.005386600830434294	0.5386600830434295	0	NM_0	0.1-<1%
Zfecal1_ont	0.012	final_consensus_73_depth_46	46	8911	0.005162159129166199	0.51621591291662	0	NM_0	0.1-<1%
Zfecal1_ont	0.012	final_consensus_74_depth_45	45	8911	0.005049938278532152	0.5049938278532151	0	NM_0	0.1-<1%
Zfecal1_ont	0.012	final_consensus_75_depth_45	45	8911	0.005049938278532152	0.5049938278532151	0	NM_0	0.1-<1%
Zfecal1_ont	0.012	final_consensus_76_depth_45	45	8911	0.005049938278532152	0.5049938278532151	0	NM_0	0.1-<1%
Zfecal1_ont	0.012	final_consensus_77_depth_43	43	8911	0.004825496577264055	0.48254965772640557	0	NM_0	0.1-<1%
Zfecal1_ont	0.012	final_consensus_78_depth_43	43	8911	0.004825496577264055	0.48254965772640557	0	NM_0	0.1-<1%
Zfecal1_ont	0.012	final_consensus_79_depth_43	43	8911	0.004825496577264055	0.48254965772640557	0	NM_0	0.1-<1%
Zfecal1_ont	0.012	final_consensus_80_depth_43	43	8911	0.004825496577264055	0.48254965772640557	0	NM_0	0.1-<1%
Zfecal1_ont	0.012	final_consensus_81_depth_43	43	8911	0.004825496577264055	0.48254965772640557	0	NM_0	0.1-<1%
Zfecal1_ont	0.012	final_consensus_82_depth_41	41	8911	0.00460105487599596	0.460105487599596	0	NM_0	0.1-<1%
Zfecal1_ont	0.012	final_consensus_83_depth_39	39	8911	0.004376613174727865	0.43766131747278647	0	NM_0	0.1-<1%
Zfecal1_ont	0.012	final_consensus_84_depth_39	39	8911	0.004376613174727865	0.43766131747278647	0	NM_0	0.1-<1%
Zfecal1_ont	0.012	final_consensus_85_depth_39	39	8911	0.004376613174727865	0.43766131747278647	0	NM_0	0.1-<1%
Zfecal1_ont	0.012	final_consensus_86_depth_38	38	8911	0.0042643923240938165	0.42643923240938164	0	NM_0	0.1-<1%
Zfecal1_ont	0.012	final_consensus_87_depth_38	38	8911	0.0042643923240938165	0.42643923240938164	0	NM_0	0.1-<1%
Zfecal1_ont	0.012	final_consensus_88_depth_38	38	8911	0.0042643923240938165	0.42643923240938164	0	NM_0	0.1-<1%
Zfecal1_ont	0.012	final_consensus_89_depth_37	37	8911	0.004152171473459768	0.41521714734597687	0	NM_0	0.1-<1%
Zfecal1_ont	0.012	final_consensus_90_depth_37	37	8911	0.004152171473459768	0.41521714734597687	0	NM_0	0.1-<1%
Zfecal1_ont	0.012	final_consensus_91_depth_37	37	8911	0.004152171473459768	0.41521714734597687	0	NM_0	0.1-<1%
Zfecal1_ont	0.012	final_consensus_92_depth_37	37	8911	0.004152171473459768	0.41521714734597687	0	NM_0	0.1-<1%
Zfecal1_ont	0.012	final_consensus_93_depth_37	37	8911	0.004152171473459768	0.41521714734597687	0	NM_0	0.1-<1%
Zfecal1_ont	0.012	final_consensus_94_depth_36	36	8911	0.004039950622825721	0.4039950622825721	0	NM_0	0.1-<1%
Zfecal1_ont	0.012	final_consensus_95_depth_34	34	8911	0.0038155089215576254	0.38155089215576254	0	NM_0	0.1-<1%
Zfecal1_ont	0.012	final_consensus_96_depth_34	34	8911	0.0038155089215576254	0.38155089215576254	0	NM_0	0.1-<1%
Zfecal1_ont	0.012	final_consensus_97_depth_34	34	8911	0.0038155089215576254	0.38155089215576254	0	NM_0	0.1-<1%
Zfecal1_ont	0.012	final_consensus_98_depth_34	34	8911	0.0038155089215576254	0.38155089215576254	0	NM_0	0.1-<1%
Zfecal1_ont	0.012	final_consensus_99_depth_33	33	8911	0.0037032880709235777	0.37032880709235777	0	NM_0	0.1-<1%
Zfecal1_ont	0.012	final_consensus_100_depth_33	33	8911	0.0037032880709235777	0.37032880709235777	0	NM_0	0.1-<1%
Zfecal1_ont	0.012	final_consensus_101_depth_31	31	8911	0.003478846369655482	0.3478846369655482	0	NM_0	0.1-<1%
Zfecal1_ont	0.012	final_consensus_102_depth_30	30	8911	0.003366625519021434	0.3366625519021434	0	NM_0	0.1-<1%
Zfecal1_ont	0.012	final_consensus_103_depth_29	29	8911	0.0032544046683873865	0.3254404668387386	0	NM_0	0.1-<1%
Zfecal1_ont	0.012	final_consensus_104_depth_28	28	8911	0.003142183817753339	0.31421838177533384	0	NM_0	0.1-<1%
Zfecal1_ont	0.012	final_consensus_105_depth_28	28	8911	0.003142183817753339	0.31421838177533384	0	NM_0	0.1-<1%
Zfecal1_ont	0.012	final_consensus_106_depth_28	28	8911	0.003142183817753339	0.31421838177533384	0	NM_0	0.1-<1%
Zfecal1_ont	0.012	final_consensus_107_depth_28	28	8911	0.003142183817753339	0.31421838177533384	0	NM_0	0.1-<1%
Zfecal1_ont	0.012	final_consensus_108_depth_27	27	8911	0.0030299629671192907	0.30299629671192907	0	NM_0	0.1-<1%
Zfecal1_ont	0.012	final_consensus_109_depth_27	27	8911	0.0030299629671192907	0.30299629671192907	0	NM_0	0.1-<1%
Zfecal1_ont	0.012	final_consensus_110_depth_26	26	8911	0.002917742116485243	0.2917742116485243	0	NM_0	0.1-<1%
Zfecal1_ont	0.012	final_consensus_111_depth_26	26	8911	0.002917742116485243	0.2917742116485243	0	NM_0	0.1-<1%
Zfecal1_ont	0.012	final_consensus_112_depth_26	26	8911	0.002917742116485243	0.2917742116485243	0	NM_0	0.1-<1%
Zfecal1_ont	0.012	final_consensus_113_depth_24	24	8911	0.002693300415217147	0.26933004152171475	0	NM_0	0.1-<1%
Zfecal1_ont	0.012	final_consensus_114_depth_23	23	8911	0.0025810795645830995	0.25810795645831	0	NM_0	0.1-<1%
Zfecal1_ont	0.012	final_consensus_115_depth_21	21	8911	0.002356637863315004	0.2356637863315004	0	NM_0	0.1-<1%
Zfecal1_ont	0.012	final_consensus_116_depth_21	21	8911	0.002356637863315004	0.2356637863315004	0	NM_0	0.1-<1%
Zfecal1_ont	0.012	final_consensus_117_depth_14	14	8911	0.0015710919088766694	0.15710919088766692	0	NM_0	0.1-<1%
Zfecal1_ont	0.004	final_consensus_0_depth_268	268	1961	0.1366649668536461	13.66649668536461	0	NM_0	>=1%
Zfecal1_ont	0.004	final_consensus_1_depth_182	182	1961	0.09280979092299847	9.280979092299846	1	NM_1	>=1%
Zfecal1_ont	0.004	final_consensus_2_depth_136	136	1961	0.0693523712391637	6.9352371239163695	0	NM_0	>=1%
Zfecal1_ont	0.004	final_consensus_3_depth_112	112	1961	0.05711371749107598	5.711371749107598	0	NM_0	>=1%
Zfecal1_ont	0.004	final_consensus_4_depth_110	110	1961	0.05609382967873534	5.609382967873534	0	NM_0	>=1%
Zfecal1_ont	0.004	final_consensus_5_depth_109	109	1961	0.05558388577256502	5.558388577256502	0	NM_0	>=1%
Zfecal1_ont	0.004	final_consensus_6_depth_106	106	1961	0.05405405405405406	5.405405405405405	0	NM_0	>=1%
Zfecal1_ont	0.004	final_consensus_7_depth_95	95	1961	0.04844467108618052	4.844467108618052	0	NM_0	>=1%
Zfecal1_ont	0.004	final_consensus_8_depth_80	80	1961	0.0407955124936257	4.07955124936257	0	NM_0	>=1%
Zfecal1_ont	0.004	final_consensus_9_depth_68	68	1961	0.03467618561958185	3.4676185619581847	0	NM_0	>=1%
Zfecal1_ont	0.004	final_consensus_10_depth_61	61	1961	0.031106578276389598	3.11065782763896	0	NM_0	>=1%
Zfecal1_ont	0.004	final_consensus_11_depth_61	61	1961	0.031106578276389598	3.11065782763896	0	NM_0	>=1%
Zfecal1_ont	0.004	final_consensus_12_depth_61	61	1961	0.031106578276389598	3.11065782763896	0	NM_0	>=1%
Zfecal1_ont	0.004	final_consensus_13_depth_60	60	1961	0.030596634370219276	3.0596634370219276	0	NM_0	>=1%
Zfecal1_ont	0.004	final_consensus_14_depth_55	55	1961	0.02804691483936767	2.804691483936767	0	NM_0	>=1%
Zfecal1_ont	0.004	final_consensus_15_depth_55	55	1961	0.02804691483936767	2.804691483936767	0	NM_0	>=1%
Zfecal1_ont	0.004	final_consensus_16_depth_51	51	1961	0.026007139214686385	2.6007139214686386	0	NM_0	>=1%
Zfecal1_ont	0.004	final_consensus_17_depth_48	48	1961	0.02447730749617542	2.4477307496175422	0	NM_0	>=1%
Zfecal1_ont	0.004	final_consensus_18_depth_45	45	1961	0.022947475777664456	2.294747577766446	0	NM_0	>=1%
Zfecal1_ont	0.004	final_consensus_19_depth_35	35	1961	0.017848036715961243	1.7848036715961244	0	NM_0	>=1%
Zfecal1_ont	0.004	final_consensus_20_depth_35	35	1961	0.017848036715961243	1.7848036715961244	0	NM_0	>=1%
Zfecal1_ont	0.004	final_consensus_21_depth_33	33	1961	0.016828148903620603	1.6828148903620601	0	NM_0	>=1%
Zfecal1_ont	0.004	final_consensus_22_depth_31	31	1961	0.01580826109127996	1.5808261091279958	0	NM_0	>=1%
Zfecal1_ont	0.004	final_consensus_23_depth_30	30	1961	0.015298317185109638	1.5298317185109638	0	NM_0	>=1%
Zfecal1_ont	0.004	final_consensus_24_depth_18	18	1961	0.009178990311065782	0.9178990311065782	0	NM_0	0.1-<1%
Zfecal1_ont	0.004	final_consensus_25_depth_16	16	1961	0.00815910249872514	0.815910249872514	0	NM_0	0.1-<1%
Soil1_ont	0.111	final_consensus_0_depth_1160	1160	61571	0.018840038329733154	1.8840038329733153	0	NM_0	>=1%
Soil1_ont	0.111	final_consensus_1_depth_1126	1126	61571	0.018287830309723734	1.8287830309723734	0	NM_0	>=1%
Soil1_ont	0.111	final_consensus_2_depth_815	815	61571	0.013236751067872862	1.3236751067872863	0	NM_0	>=1%
Soil1_ont	0.111	final_consensus_3_depth_666	666	61571	0.010816780627243346	1.0816780627243345	0	NM_0	>=1%
Soil1_ont	0.111	final_consensus_4_depth_655	655	61571	0.010638125091357944	1.0638125091357944	0	NM_0	>=1%
Soil1_ont	0.111	final_consensus_5_depth_603	603	61571	0.009793571648990597	0.9793571648990597	0	NM_0	0.1-<1%
Soil1_ont	0.111	final_consensus_6_depth_602	602	61571	0.009777330236637379	0.9777330236637378	0	NM_0	0.1-<1%
Soil1_ont	0.111	final_consensus_7_depth_601	601	61571	0.00976108882428416	0.976108882428416	0	NM_0	0.1-<1%
Soil1_ont	0.111	final_consensus_8_depth_584	584	61571	0.00948498481427945	0.948498481427945	0	NM_0	0.1-<1%
Soil1_ont	0.111	final_consensus_9_depth_496	496	61571	0.008055740527196245	0.8055740527196245	0	NM_0	0.1-<1%
Soil1_ont	0.111	final_consensus_10_depth_447	447	61571	0.007259911321888551	0.7259911321888551	0	NM_0	0.1-<1%
Soil1_ont	0.111	final_consensus_11_depth_404	404	61571	0.006561530590700167	0.6561530590700168	0	NM_0	0.1-<1%
Soil1_ont	0.111	final_consensus_12_depth_401	401	61571	0.006512806353640512	0.6512806353640512	0	NM_0	0.1-<1%
Soil1_ont	0.111	final_consensus_13_depth_385	385	61571	0.006252943755989021	0.6252943755989021	0	NM_0	0.1-<1%
Soil1_ont	0.111	final_consensus_14_depth_381	381	61571	0.0061879781065761474	0.6187978106576147	0	NM_0	0.1-<1%
Soil1_ont	0.111	final_consensus_15_depth_374	374	61571	0.00607428822010362	0.607428822010362	0	NM_0	0.1-<1%
Soil1_ont	0.111	final_consensus_16_depth_355	355	61571	0.005765701385392474	0.5765701385392473	0	NM_0	0.1-<1%
Soil1_ont	0.111	final_consensus_17_depth_354	354	61571	0.005749459973039255	0.5749459973039256	0	NM_0	0.1-<1%
Soil1_ont	0.111	final_consensus_18_depth_337	337	61571	0.005473355963034545	0.5473355963034545	0	NM_0	0.1-<1%
Soil1_ont	0.111	final_consensus_19_depth_318	318	61571	0.005164769128323399	0.5164769128323399	0	NM_0	0.1-<1%
Soil1_ont	0.111	final_consensus_20_depth_312	312	61571	0.0050673206542040895	0.5067320654204089	0	NM_0	0.1-<1%
Soil1_ont	0.111	final_consensus_21_depth_310	310	61571	0.005034837829497653	0.5034837829497653	0	NM_0	0.1-<1%
Soil1_ont	0.111	final_consensus_22_depth_308	308	61571	0.005002355004791217	0.5002355004791217	0	NM_0	0.1-<1%
Soil1_ont	0.111	final_consensus_23_depth_302	302	61571	0.004904906530671907	0.4904906530671907	0	NM_0	0.1-<1%
Soil1_ont	0.111	final_consensus_24_depth_301	301	61571	0.004888665118318689	0.4888665118318689	0	NM_0	0.1-<1%
Soil1_ont	0.111	final_consensus_25_depth_300	300	61571	0.004872423705965471	0.48724237059654707	0	NM_0	0.1-<1%
Soil1_ont	0.111	final_consensus_26_depth_294	294	61571	0.004774975231846161	0.47749752318461613	0	NM_0	0.1-<1%
Soil1_ont	0.111	final_consensus_27_depth_285	285	61571	0.004628802520667197	0.46288025206671973	0	NM_0	0.1-<1%
Soil1_ont	0.111	final_consensus_28_depth_280	280	61571	0.004547595458901106	0.4547595458901106	0	NM_0	0.1-<1%
Soil1_ont	0.111	final_consensus_29_depth_268	268	61571	0.0043526985106624875	0.4352698510662487	0	NM_0	0.1-<1%
Soil1_ont	0.111	final_consensus_30_depth_264	264	61571	0.004287732861249614	0.4287732861249614	0	NM_0	0.1-<1%
Soil1_ont	0.111	final_consensus_31_depth_257	257	61571	0.0041740429747770865	0.4174042974777087	0	NM_0	0.1-<1%
Soil1_ont	0.111	final_consensus_32_depth_254	254	61571	0.004125318737717432	0.4125318737717432	0	NM_0	0.1-<1%
Soil1_ont	0.111	final_consensus_33_depth_251	251	61571	0.004076594500657778	0.4076594500657777	0	NM_0	0.1-<1%
Soil1_ont	0.111	final_consensus_34_depth_247	247	61571	0.004011628851244904	0.40116288512449044	0	NM_0	0.1-<1%
Soil1_ont	0.111	final_consensus_35_depth_241	241	61571	0.003914180377125595	0.3914180377125595	0	NM_0	0.1-<1%
Soil1_ont	0.111	final_consensus_36_depth_236	236	61571	0.0038329733153595036	0.38329733153595036	0	NM_0	0.1-<1%
Soil1_ont	0.111	final_consensus_37_depth_235	235	61571	0.0038167319030062855	0.3816731903006285	0	NM_0	0.1-<1%
Soil1_ont	0.111	final_consensus_38_depth_230	230	61571	0.0037355248412401943	0.3735524841240194	0	NM_0	0.1-<1%
Soil1_ont	0.111	final_consensus_39_depth_228	228	61571	0.0037030420165337576	0.3703042016533758	0	NM_0	0.1-<1%
Soil1_ont	0.111	final_consensus_40_depth_227	227	61571	0.0036868006041805394	0.36868006041805396	0	NM_0	0.1-<1%
Soil1_ont	0.111	final_consensus_41_depth_225	225	61571	0.003654317779474103	0.36543177794741033	0	NM_0	0.1-<1%
Soil1_ont	0.111	final_consensus_42_depth_221	221	61571	0.00358935213006123	0.358935213006123	0	NM_0	0.1-<1%
Soil1_ont	0.111	final_consensus_43_depth_219	219	61571	0.003556869305354794	0.35568693053547934	0	NM_0	0.1-<1%
Soil1_ont	0.111	final_consensus_44_depth_219	219	61571	0.003556869305354794	0.35568693053547934	0	NM_0	0.1-<1%
Soil1_ont	0.111	final_consensus_45_depth_218	218	61571	0.003540627893001575	0.35406278930015755	0	NM_0	0.1-<1%
Soil1_ont	0.111	final_consensus_46_depth_217	217	61571	0.003524386480648357	0.3524386480648357	0	NM_0	0.1-<1%
Soil1_ont	0.111	final_consensus_47_depth_213	213	61571	0.003459420831235484	0.3459420831235484	102	NM_ge_2	0.1-<1%
Soil1_ont	0.111	final_consensus_48_depth_211	211	61571	0.0034269380065290477	0.3426938006529048	0	NM_0	0.1-<1%
Soil1_ont	0.111	final_consensus_49_depth_208	208	61571	0.003378213769469393	0.3378213769469393	0	NM_0	0.1-<1%
Soil1_ont	0.111	final_consensus_50_depth_208	208	61571	0.003378213769469393	0.3378213769469393	0	NM_0	0.1-<1%
Soil1_ont	0.111	final_consensus_51_depth_207	207	61571	0.0033619723571161747	0.33619723571161747	0	NM_0	0.1-<1%
Soil1_ont	0.111	final_consensus_52_depth_204	204	61571	0.0033132481200565203	0.331324812005652	0	NM_0	0.1-<1%
Soil1_ont	0.111	final_consensus_53_depth_203	203	61571	0.0032970067077033017	0.32970067077033016	0	NM_0	0.1-<1%
Soil1_ont	0.111	final_consensus_54_depth_201	201	61571	0.0032645238829968654	0.32645238829968654	0	NM_0	0.1-<1%
Soil1_ont	0.111	final_consensus_55_depth_198	198	61571	0.0032157996459372105	0.32157996459372107	0	NM_0	0.1-<1%
Soil1_ont	0.111	final_consensus_56_depth_197	197	61571	0.0031995582335839923	0.3199558233583992	0	NM_0	0.1-<1%
Soil1_ont	0.111	final_consensus_57_depth_195	195	61571	0.003167075408877556	0.3167075408877556	0	NM_0	0.1-<1%
Soil1_ont	0.111	final_consensus_58_depth_191	191	61571	0.003102109759464683	0.3102109759464683	0	NM_0	0.1-<1%
Soil1_ont	0.111	final_consensus_59_depth_191	191	61571	0.003102109759464683	0.3102109759464683	0	NM_0	0.1-<1%
Soil1_ont	0.111	final_consensus_60_depth_191	191	61571	0.003102109759464683	0.3102109759464683	0	NM_0	0.1-<1%
Soil1_ont	0.111	final_consensus_61_depth_190	190	61571	0.003085868347111465	0.3085868347111465	0	NM_0	0.1-<1%
Soil1_ont	0.111	final_consensus_62_depth_190	190	61571	0.003085868347111465	0.3085868347111465	0	NM_0	0.1-<1%
Soil1_ont	0.111	final_consensus_63_depth_188	188	61571	0.003053385522405028	0.3053385522405028	0	NM_0	0.1-<1%
Soil1_ont	0.111	final_consensus_64_depth_187	187	61571	0.00303714411005181	0.303714411005181	0	NM_0	0.1-<1%
Soil1_ont	0.111	final_consensus_65_depth_185	185	61571	0.0030046612853453737	0.30046612853453736	0	NM_0	0.1-<1%
Soil1_ont	0.111	final_consensus_66_depth_183	183	61571	0.002972178460638937	0.29721784606389373	0	NM_0	0.1-<1%
Soil1_ont	0.111	final_consensus_67_depth_182	182	61571	0.002955937048285719	0.2955937048285719	0	NM_0	0.1-<1%
Soil1_ont	0.111	final_consensus_68_depth_182	182	61571	0.002955937048285719	0.2955937048285719	0	NM_0	0.1-<1%
Soil1_ont	0.111	final_consensus_69_depth_182	182	61571	0.002955937048285719	0.2955937048285719	0	NM_0	0.1-<1%
Soil1_ont	0.111	final_consensus_70_depth_182	182	61571	0.002955937048285719	0.2955937048285719	0	NM_0	0.1-<1%
Soil1_ont	0.111	final_consensus_71_depth_181	181	61571	0.0029396956359325007	0.29396956359325005	0	NM_0	0.1-<1%
Soil1_ont	0.111	final_consensus_72_depth_181	181	61571	0.0029396956359325007	0.29396956359325005	0	NM_0	0.1-<1%
Soil1_ont	0.111	final_consensus_73_depth_180	180	61571	0.0029234542235792825	0.29234542235792826	84	NM_ge_2	0.1-<1%
Soil1_ont	0.111	final_consensus_74_depth_180	180	61571	0.0029234542235792825	0.29234542235792826	0	NM_0	0.1-<1%
Soil1_ont	0.111	final_consensus_75_depth_178	178	61571	0.0028909713988728458	0.2890971398872846	0	NM_0	0.1-<1%
Soil1_ont	0.111	final_consensus_76_depth_177	177	61571	0.0028747299865196276	0.2874729986519628	0	NM_0	0.1-<1%
Soil1_ont	0.111	final_consensus_77_depth_176	176	61571	0.0028584885741664095	0.28584885741664096	0	NM_0	0.1-<1%
Soil1_ont	0.111	final_consensus_78_depth_176	176	61571	0.0028584885741664095	0.28584885741664096	0	NM_0	0.1-<1%
Soil1_ont	0.111	final_consensus_79_depth_175	175	61571	0.0028422471618131913	0.2842247161813191	1	NM_1	0.1-<1%
Soil1_ont	0.111	final_consensus_80_depth_175	175	61571	0.0028422471618131913	0.2842247161813191	0	NM_0	0.1-<1%
Soil1_ont	0.111	final_consensus_81_depth_175	175	61571	0.0028422471618131913	0.2842247161813191	0	NM_0	0.1-<1%
Soil1_ont	0.111	final_consensus_82_depth_174	174	61571	0.002826005749459973	0.28260057494599733	13	NM_ge_2	0.1-<1%
Soil1_ont	0.111	final_consensus_83_depth_170	170	61571	0.0027610401000471	0.27610401000471	0	NM_0	0.1-<1%
Soil1_ont	0.111	final_consensus_84_depth_169	169	61571	0.002744798687693882	0.2744798687693882	0	NM_0	0.1-<1%
Soil1_ont	0.111	final_consensus_85_depth_167	167	61571	0.0027123158629874453	0.27123158629874455	0	NM_0	0.1-<1%
Soil1_ont	0.111	final_consensus_86_depth_164	164	61571	0.002663591625927791	0.2663591625927791	0	NM_0	0.1-<1%
Soil1_ont	0.111	final_consensus_87_depth_164	164	61571	0.002663591625927791	0.2663591625927791	0	NM_0	0.1-<1%
Soil1_ont	0.111	final_consensus_88_depth_162	162	61571	0.002631108801221354	0.2631108801221354	0	NM_0	0.1-<1%
Soil1_ont	0.111	final_consensus_89_depth_162	162	61571	0.002631108801221354	0.2631108801221354	0	NM_0	0.1-<1%
Soil1_ont	0.111	final_consensus_90_depth_161	161	61571	0.002614867388868136	0.2614867388868136	0	NM_0	0.1-<1%
Soil1_ont	0.111	final_consensus_91_depth_161	161	61571	0.002614867388868136	0.2614867388868136	0	NM_0	0.1-<1%
Soil1_ont	0.111	final_consensus_92_depth_160	160	61571	0.0025986259765149178	0.2598625976514918	0	NM_0	0.1-<1%
Soil1_ont	0.111	final_consensus_93_depth_160	160	61571	0.0025986259765149178	0.2598625976514918	0	NM_0	0.1-<1%
Soil1_ont	0.111	final_consensus_94_depth_160	160	61571	0.0025986259765149178	0.2598625976514918	0	NM_0	0.1-<1%
Soil1_ont	0.111	final_consensus_95_depth_159	159	61571	0.0025823845641616996	0.25823845641616994	0	NM_0	0.1-<1%
Soil1_ont	0.111	final_consensus_96_depth_158	158	61571	0.0025661431518084815	0.25661431518084815	0	NM_0	0.1-<1%
Soil1_ont	0.111	final_consensus_97_depth_158	158	61571	0.0025661431518084815	0.25661431518084815	0	NM_0	0.1-<1%
Soil1_ont	0.111	final_consensus_98_depth_157	157	61571	0.002549901739455263	0.2549901739455263	0	NM_0	0.1-<1%
Soil1_ont	0.111	final_consensus_99_depth_155	155	61571	0.0025174189147488266	0.25174189147488263	0	NM_0	0.1-<1%
Soil1_ont	0.111	final_consensus_100_depth_154	154	61571	0.0025011775023956084	0.25011775023956084	0	NM_0	0.1-<1%
Soil1_ont	0.111	final_consensus_101_depth_153	153	61571	0.0024849360900423903	0.248493609004239	0	NM_0	0.1-<1%
Soil1_ont	0.111	final_consensus_102_depth_152	152	61571	0.0024686946776891717	0.2468694677689172	0	NM_0	0.1-<1%
Soil1_ont	0.111	final_consensus_103_depth_152	152	61571	0.0024686946776891717	0.2468694677689172	0	NM_0	0.1-<1%
Soil1_ont	0.111	final_consensus_104_depth_152	152	61571	0.0024686946776891717	0.2468694677689172	0	NM_0	0.1-<1%
Soil1_ont	0.111	final_consensus_105_depth_151	151	61571	0.0024524532653359536	0.24524532653359535	0	NM_0	0.1-<1%
Soil1_ont	0.111	final_consensus_106_depth_151	151	61571	0.0024524532653359536	0.24524532653359535	0	NM_0	0.1-<1%
Soil1_ont	0.111	final_consensus_107_depth_150	150	61571	0.0024362118529827354	0.24362118529827353	0	NM_0	0.1-<1%
Soil1_ont	0.111	final_consensus_108_depth_149	149	61571	0.0024199704406295173	0.24199704406295172	0	NM_0	0.1-<1%
Soil1_ont	0.111	final_consensus_109_depth_148	148	61571	0.002403729028276299	0.24037290282762988	0	NM_0	0.1-<1%
Soil1_ont	0.111	final_consensus_110_depth_147	147	61571	0.0023874876159230805	0.23874876159230807	0	NM_0	0.1-<1%
Soil1_ont	0.111	final_consensus_111_depth_146	146	61571	0.0023712462035698624	0.23712462035698625	0	NM_0	0.1-<1%
Soil1_ont	0.111	final_consensus_112_depth_145	145	61571	0.0023550047912166442	0.2355004791216644	0	NM_0	0.1-<1%
Soil1_ont	0.111	final_consensus_113_depth_145	145	61571	0.0023550047912166442	0.2355004791216644	0	NM_0	0.1-<1%
Soil1_ont	0.111	final_consensus_114_depth_145	145	61571	0.0023550047912166442	0.2355004791216644	25	NM_ge_2	0.1-<1%
Soil1_ont	0.111	final_consensus_115_depth_144	144	61571	0.002338763378863426	0.2338763378863426	0	NM_0	0.1-<1%
Soil1_ont	0.111	final_consensus_116_depth_143	143	61571	0.002322521966510208	0.23225219665102076	0	NM_0	0.1-<1%
Soil1_ont	0.111	final_consensus_117_depth_142	142	61571	0.0023062805541569894	0.23062805541569895	0	NM_0	0.1-<1%
Soil1_ont	0.111	final_consensus_118_depth_141	141	61571	0.002290039141803771	0.22900391418037713	0	NM_0	0.1-<1%
Soil1_ont	0.111	final_consensus_119_depth_137	137	61571	0.002225073492390898	0.22250734923908982	0	NM_0	0.1-<1%
Soil1_ont	0.111	final_consensus_120_depth_134	134	61571	0.0021763492553312437	0.21763492553312436	0	NM_0	0.1-<1%
Soil1_ont	0.111	final_consensus_121_depth_134	134	61571	0.0021763492553312437	0.21763492553312436	0	NM_0	0.1-<1%
Soil1_ont	0.111	final_consensus_122_depth_134	134	61571	0.0021763492553312437	0.21763492553312436	0	NM_0	0.1-<1%
Soil1_ont	0.111	final_consensus_123_depth_133	133	61571	0.0021601078429780256	0.21601078429780254	0	NM_0	0.1-<1%
Soil1_ont	0.111	final_consensus_124_depth_132	132	61571	0.002143866430624807	0.2143866430624807	0	NM_0	0.1-<1%
Soil1_ont	0.111	final_consensus_125_depth_132	132	61571	0.002143866430624807	0.2143866430624807	0	NM_0	0.1-<1%
Soil1_ont	0.111	final_consensus_126_depth_132	132	61571	0.002143866430624807	0.2143866430624807	0	NM_0	0.1-<1%
Soil1_ont	0.111	final_consensus_127_depth_132	132	61571	0.002143866430624807	0.2143866430624807	0	NM_0	0.1-<1%
Soil1_ont	0.111	final_consensus_128_depth_130	130	61571	0.0021113836059183707	0.21113836059183708	0	NM_0	0.1-<1%
Soil1_ont	0.111	final_consensus_129_depth_129	129	61571	0.0020951421935651525	0.20951421935651524	0	NM_0	0.1-<1%
Soil1_ont	0.111	final_consensus_130_depth_127	127	61571	0.002062659368858716	0.2062659368858716	0	NM_0	0.1-<1%
Soil1_ont	0.111	final_consensus_131_depth_126	126	61571	0.0020464179565054977	0.20464179565054977	0	NM_0	0.1-<1%
Soil1_ont	0.111	final_consensus_132_depth_125	125	61571	0.0020301765441522795	0.20301765441522795	0	NM_0	0.1-<1%
Soil1_ont	0.111	final_consensus_133_depth_124	124	61571	0.0020139351317990614	0.20139351317990611	0	NM_0	0.1-<1%
Soil1_ont	0.111	final_consensus_134_depth_123	123	61571	0.001997693719445843	0.1997693719445843	0	NM_0	0.1-<1%
Soil1_ont	0.111	final_consensus_135_depth_122	122	61571	0.0019814523070926246	0.1981452307092625	0	NM_0	0.1-<1%
Soil1_ont	0.111	final_consensus_136_depth_122	122	61571	0.0019814523070926246	0.1981452307092625	0	NM_0	0.1-<1%
Soil1_ont	0.111	final_consensus_137_depth_120	120	61571	0.0019489694823861883	0.19489694823861883	0	NM_0	0.1-<1%
Soil1_ont	0.111	final_consensus_138_depth_119	119	61571	0.00193272807003297	0.19327280700329702	0	NM_0	0.1-<1%
Soil1_ont	0.111	final_consensus_139_depth_118	118	61571	0.0019164866576797518	0.19164866576797518	0	NM_0	0.1-<1%
Soil1_ont	0.111	final_consensus_140_depth_118	118	61571	0.0019164866576797518	0.19164866576797518	0	NM_0	0.1-<1%
Soil1_ont	0.111	final_consensus_141_depth_118	118	61571	0.0019164866576797518	0.19164866576797518	0	NM_0	0.1-<1%
Soil1_ont	0.111	final_consensus_142_depth_118	118	61571	0.0019164866576797518	0.19164866576797518	0	NM_0	0.1-<1%
Soil1_ont	0.111	final_consensus_143_depth_118	118	61571	0.0019164866576797518	0.19164866576797518	0	NM_0	0.1-<1%
Soil1_ont	0.111	final_consensus_144_depth_118	118	61571	0.0019164866576797518	0.19164866576797518	0	NM_0	0.1-<1%
Soil1_ont	0.111	final_consensus_145_depth_117	117	61571	0.0019002452453265337	0.19002452453265337	0	NM_0	0.1-<1%
Soil1_ont	0.111	final_consensus_146_depth_117	117	61571	0.0019002452453265337	0.19002452453265337	0	NM_0	0.1-<1%
Soil1_ont	0.111	final_consensus_147_depth_116	116	61571	0.0018840038329733153	0.18840038329733153	3	NM_ge_2	0.1-<1%
Soil1_ont	0.111	final_consensus_148_depth_116	116	61571	0.0018840038329733153	0.18840038329733153	0	NM_0	0.1-<1%
Soil1_ont	0.111	final_consensus_149_depth_116	116	61571	0.0018840038329733153	0.18840038329733153	0	NM_0	0.1-<1%
Soil1_ont	0.111	final_consensus_150_depth_116	116	61571	0.0018840038329733153	0.18840038329733153	0	NM_0	0.1-<1%
Soil1_ont	0.111	final_consensus_151_depth_115	115	61571	0.0018677624206200972	0.1867762420620097	0	NM_0	0.1-<1%
Soil1_ont	0.111	final_consensus_152_depth_115	115	61571	0.0018677624206200972	0.1867762420620097	0	NM_0	0.1-<1%
Soil1_ont	0.111	final_consensus_153_depth_114	114	61571	0.0018515210082668788	0.1851521008266879	0	NM_0	0.1-<1%
Soil1_ont	0.111	final_consensus_154_depth_114	114	61571	0.0018515210082668788	0.1851521008266879	0	NM_0	0.1-<1%
Soil1_ont	0.111	final_consensus_155_depth_114	114	61571	0.0018515210082668788	0.1851521008266879	0	NM_0	0.1-<1%
Soil1_ont	0.111	final_consensus_156_depth_114	114	61571	0.0018515210082668788	0.1851521008266879	0	NM_0	0.1-<1%
Soil1_ont	0.111	final_consensus_157_depth_114	114	61571	0.0018515210082668788	0.1851521008266879	0	NM_0	0.1-<1%
Soil1_ont	0.111	final_consensus_158_depth_114	114	61571	0.0018515210082668788	0.1851521008266879	0	NM_0	0.1-<1%
Soil1_ont	0.111	final_consensus_159_depth_113	113	61571	0.0018352795959136606	0.18352795959136606	0	NM_0	0.1-<1%
Soil1_ont	0.111	final_consensus_160_depth_113	113	61571	0.0018352795959136606	0.18352795959136606	0	NM_0	0.1-<1%
Soil1_ont	0.111	final_consensus_161_depth_112	112	61571	0.0018190381835604425	0.18190381835604424	0	NM_0	0.1-<1%
Soil1_ont	0.111	final_consensus_162_depth_112	112	61571	0.0018190381835604425	0.18190381835604424	0	NM_0	0.1-<1%
Soil1_ont	0.111	final_consensus_163_depth_112	112	61571	0.0018190381835604425	0.18190381835604424	0	NM_0	0.1-<1%
Soil1_ont	0.111	final_consensus_164_depth_112	112	61571	0.0018190381835604425	0.18190381835604424	0	NM_0	0.1-<1%
Soil1_ont	0.111	final_consensus_165_depth_111	111	61571	0.0018027967712072241	0.18027967712072243	0	NM_0	0.1-<1%
Soil1_ont	0.111	final_consensus_166_depth_111	111	61571	0.0018027967712072241	0.18027967712072243	0	NM_0	0.1-<1%
Soil1_ont	0.111	final_consensus_167_depth_111	111	61571	0.0018027967712072241	0.18027967712072243	0	NM_0	0.1-<1%
Soil1_ont	0.111	final_consensus_168_depth_111	111	61571	0.0018027967712072241	0.18027967712072243	0	NM_0	0.1-<1%
Soil1_ont	0.111	final_consensus_169_depth_111	111	61571	0.0018027967712072241	0.18027967712072243	0	NM_0	0.1-<1%
Soil1_ont	0.111	final_consensus_170_depth_110	110	61571	0.001786555358854006	0.1786555358854006	0	NM_0	0.1-<1%
Soil1_ont	0.111	final_consensus_171_depth_110	110	61571	0.001786555358854006	0.1786555358854006	0	NM_0	0.1-<1%
Soil1_ont	0.111	final_consensus_172_depth_110	110	61571	0.001786555358854006	0.1786555358854006	0	NM_0	0.1-<1%
Soil1_ont	0.111	final_consensus_173_depth_109	109	61571	0.0017703139465007876	0.17703139465007878	0	NM_0	0.1-<1%
Soil1_ont	0.111	final_consensus_174_depth_109	109	61571	0.0017703139465007876	0.17703139465007878	0	NM_0	0.1-<1%
Soil1_ont	0.111	final_consensus_175_depth_109	109	61571	0.0017703139465007876	0.17703139465007878	0	NM_0	0.1-<1%
Soil1_ont	0.111	final_consensus_176_depth_108	108	61571	0.0017540725341475695	0.17540725341475694	0	NM_0	0.1-<1%
Soil1_ont	0.111	final_consensus_177_depth_108	108	61571	0.0017540725341475695	0.17540725341475694	0	NM_0	0.1-<1%
Soil1_ont	0.111	final_consensus_178_depth_107	107	61571	0.0017378311217943513	0.17378311217943512	0	NM_0	0.1-<1%
Soil1_ont	0.111	final_consensus_179_depth_106	106	61571	0.001721589709441133	0.1721589709441133	0	NM_0	0.1-<1%
Soil1_ont	0.111	final_consensus_180_depth_106	106	61571	0.001721589709441133	0.1721589709441133	0	NM_0	0.1-<1%
Soil1_ont	0.111	final_consensus_181_depth_106	106	61571	0.001721589709441133	0.1721589709441133	0	NM_0	0.1-<1%
Soil1_ont	0.111	final_consensus_182_depth_106	106	61571	0.001721589709441133	0.1721589709441133	0	NM_0	0.1-<1%
Soil1_ont	0.111	final_consensus_183_depth_105	105	61571	0.0017053482970879148	0.17053482970879147	2	NM_ge_2	0.1-<1%
Soil1_ont	0.111	final_consensus_184_depth_105	105	61571	0.0017053482970879148	0.17053482970879147	0	NM_0	0.1-<1%
Soil1_ont	0.111	final_consensus_185_depth_105	105	61571	0.0017053482970879148	0.17053482970879147	0	NM_0	0.1-<1%
Soil1_ont	0.111	final_consensus_186_depth_104	104	61571	0.0016891068847346964	0.16891068847346966	0	NM_0	0.1-<1%
Soil1_ont	0.111	final_consensus_187_depth_104	104	61571	0.0016891068847346964	0.16891068847346966	0	NM_0	0.1-<1%
Soil1_ont	0.111	final_consensus_188_depth_104	104	61571	0.0016891068847346964	0.16891068847346966	0	NM_0	0.1-<1%
Soil1_ont	0.111	final_consensus_189_depth_104	104	61571	0.0016891068847346964	0.16891068847346966	0	NM_0	0.1-<1%
Soil1_ont	0.111	final_consensus_190_depth_103	103	61571	0.0016728654723814783	0.16728654723814784	0	NM_0	0.1-<1%
Soil1_ont	0.111	final_consensus_191_depth_103	103	61571	0.0016728654723814783	0.16728654723814784	22	NM_ge_2	0.1-<1%
Soil1_ont	0.111	final_consensus_192_depth_102	102	61571	0.0016566240600282601	0.165662406002826	0	NM_0	0.1-<1%
Soil1_ont	0.111	final_consensus_193_depth_102	102	61571	0.0016566240600282601	0.165662406002826	0	NM_0	0.1-<1%
Soil1_ont	0.111	final_consensus_194_depth_101	101	61571	0.0016403826476750418	0.1640382647675042	0	NM_0	0.1-<1%
Soil1_ont	0.111	final_consensus_195_depth_101	101	61571	0.0016403826476750418	0.1640382647675042	0	NM_0	0.1-<1%
Soil1_ont	0.111	final_consensus_196_depth_101	101	61571	0.0016403826476750418	0.1640382647675042	0	NM_0	0.1-<1%
Soil1_ont	0.111	final_consensus_197_depth_101	101	61571	0.0016403826476750418	0.1640382647675042	0	NM_0	0.1-<1%
Soil1_ont	0.111	final_consensus_198_depth_99	99	61571	0.0016078998229686052	0.16078998229686053	0	NM_0	0.1-<1%
Soil1_ont	0.111	final_consensus_199_depth_99	99	61571	0.0016078998229686052	0.16078998229686053	0	NM_0	0.1-<1%
Soil1_ont	0.111	final_consensus_200_depth_99	99	61571	0.0016078998229686052	0.16078998229686053	0	NM_0	0.1-<1%
Soil1_ont	0.111	final_consensus_201_depth_99	99	61571	0.0016078998229686052	0.16078998229686053	0	NM_0	0.1-<1%
Soil1_ont	0.111	final_consensus_202_depth_99	99	61571	0.0016078998229686052	0.16078998229686053	0	NM_0	0.1-<1%
Soil1_ont	0.111	final_consensus_203_depth_99	99	61571	0.0016078998229686052	0.16078998229686053	0	NM_0	0.1-<1%
Soil1_ont	0.111	final_consensus_204_depth_98	98	61571	0.001591658410615387	0.15916584106153872	0	NM_0	0.1-<1%
Soil1_ont	0.111	final_consensus_205_depth_97	97	61571	0.001575416998262169	0.15754169982621688	0	NM_0	0.1-<1%
Soil1_ont	0.111	final_consensus_206_depth_97	97	61571	0.001575416998262169	0.15754169982621688	0	NM_0	0.1-<1%
Soil1_ont	0.111	final_consensus_207_depth_96	96	61571	0.0015591755859089506	0.15591755859089507	0	NM_0	0.1-<1%
Soil1_ont	0.111	final_consensus_208_depth_96	96	61571	0.0015591755859089506	0.15591755859089507	0	NM_0	0.1-<1%
Soil1_ont	0.111	final_consensus_209_depth_96	96	61571	0.0015591755859089506	0.15591755859089507	0	NM_0	0.1-<1%
Soil1_ont	0.111	final_consensus_210_depth_96	96	61571	0.0015591755859089506	0.15591755859089507	0	NM_0	0.1-<1%
Soil1_ont	0.111	final_consensus_211_depth_96	96	61571	0.0015591755859089506	0.15591755859089507	0	NM_0	0.1-<1%
Soil1_ont	0.111	final_consensus_212_depth_95	95	61571	0.0015429341735557324	0.15429341735557325	0	NM_0	0.1-<1%
Soil1_ont	0.111	final_consensus_213_depth_95	95	61571	0.0015429341735557324	0.15429341735557325	0	NM_0	0.1-<1%
Soil1_ont	0.111	final_consensus_214_depth_95	95	61571	0.0015429341735557324	0.15429341735557325	0	NM_0	0.1-<1%
Soil1_ont	0.111	final_consensus_215_depth_95	95	61571	0.0015429341735557324	0.15429341735557325	0	NM_0	0.1-<1%
Soil1_ont	0.111	final_consensus_216_depth_95	95	61571	0.0015429341735557324	0.15429341735557325	0	NM_0	0.1-<1%
Soil1_ont	0.111	final_consensus_217_depth_94	94	61571	0.001526692761202514	0.1526692761202514	0	NM_0	0.1-<1%
Soil1_ont	0.111	final_consensus_218_depth_94	94	61571	0.001526692761202514	0.1526692761202514	0	NM_0	0.1-<1%
Soil1_ont	0.111	final_consensus_219_depth_93	93	61571	0.001510451348849296	0.1510451348849296	0	NM_0	0.1-<1%
Soil1_ont	0.111	final_consensus_220_depth_93	93	61571	0.001510451348849296	0.1510451348849296	0	NM_0	0.1-<1%
Soil1_ont	0.111	final_consensus_221_depth_93	93	61571	0.001510451348849296	0.1510451348849296	0	NM_0	0.1-<1%
Soil1_ont	0.111	final_consensus_222_depth_93	93	61571	0.001510451348849296	0.1510451348849296	0	NM_0	0.1-<1%
Soil1_ont	0.111	final_consensus_223_depth_93	93	61571	0.001510451348849296	0.1510451348849296	0	NM_0	0.1-<1%
Soil1_ont	0.111	final_consensus_224_depth_93	93	61571	0.001510451348849296	0.1510451348849296	0	NM_0	0.1-<1%
Soil1_ont	0.111	final_consensus_225_depth_92	92	61571	0.0014942099364960778	0.14942099364960776	0	NM_0	0.1-<1%
Soil1_ont	0.111	final_consensus_226_depth_92	92	61571	0.0014942099364960778	0.14942099364960776	0	NM_0	0.1-<1%
Soil1_ont	0.111	final_consensus_227_depth_92	92	61571	0.0014942099364960778	0.14942099364960776	0	NM_0	0.1-<1%
Soil1_ont	0.111	final_consensus_228_depth_92	92	61571	0.0014942099364960778	0.14942099364960776	0	NM_0	0.1-<1%
Soil1_ont	0.111	final_consensus_229_depth_91	91	61571	0.0014779685241428594	0.14779685241428595	0	NM_0	0.1-<1%
Soil1_ont	0.111	final_consensus_230_depth_90	90	61571	0.0014617271117896413	0.14617271117896413	0	NM_0	0.1-<1%
Soil1_ont	0.111	final_consensus_231_depth_89	89	61571	0.0014454856994364229	0.1445485699436423	0	NM_0	0.1-<1%
Soil1_ont	0.111	final_consensus_232_depth_89	89	61571	0.0014454856994364229	0.1445485699436423	0	NM_0	0.1-<1%
Soil1_ont	0.111	final_consensus_233_depth_89	89	61571	0.0014454856994364229	0.1445485699436423	0	NM_0	0.1-<1%
Soil1_ont	0.111	final_consensus_234_depth_89	89	61571	0.0014454856994364229	0.1445485699436423	0	NM_0	0.1-<1%
Soil1_ont	0.111	final_consensus_235_depth_89	89	61571	0.0014454856994364229	0.1445485699436423	0	NM_0	0.1-<1%
Soil1_ont	0.111	final_consensus_236_depth_88	88	61571	0.0014292442870832047	0.14292442870832048	5	NM_ge_2	0.1-<1%
Soil1_ont	0.111	final_consensus_237_depth_87	87	61571	0.0014130028747299866	0.14130028747299866	0	NM_0	0.1-<1%
Soil1_ont	0.111	final_consensus_238_depth_87	87	61571	0.0014130028747299866	0.14130028747299866	0	NM_0	0.1-<1%
Soil1_ont	0.111	final_consensus_239_depth_87	87	61571	0.0014130028747299866	0.14130028747299866	25	NM_ge_2	0.1-<1%
Soil1_ont	0.111	final_consensus_240_depth_87	87	61571	0.0014130028747299866	0.14130028747299866	0	NM_0	0.1-<1%
Soil1_ont	0.111	final_consensus_241_depth_87	87	61571	0.0014130028747299866	0.14130028747299866	0	NM_0	0.1-<1%
Soil1_ont	0.111	final_consensus_242_depth_87	87	61571	0.0014130028747299866	0.14130028747299866	0	NM_0	0.1-<1%
Soil1_ont	0.111	final_consensus_243_depth_86	86	61571	0.0013967614623767682	0.13967614623767682	29	NM_ge_2	0.1-<1%
Soil1_ont	0.111	final_consensus_244_depth_86	86	61571	0.0013967614623767682	0.13967614623767682	0	NM_0	0.1-<1%
Soil1_ont	0.111	final_consensus_245_depth_85	85	61571	0.00138052005002355	0.138052005002355	1	NM_1	0.1-<1%
Soil1_ont	0.111	final_consensus_246_depth_85	85	61571	0.00138052005002355	0.138052005002355	0	NM_0	0.1-<1%
Soil1_ont	0.111	final_consensus_247_depth_85	85	61571	0.00138052005002355	0.138052005002355	0	NM_0	0.1-<1%
Soil1_ont	0.111	final_consensus_248_depth_84	84	61571	0.0013642786376703317	0.13642786376703317	0	NM_0	0.1-<1%
Soil1_ont	0.111	final_consensus_249_depth_84	84	61571	0.0013642786376703317	0.13642786376703317	0	NM_0	0.1-<1%
Soil1_ont	0.111	final_consensus_250_depth_84	84	61571	0.0013642786376703317	0.13642786376703317	0	NM_0	0.1-<1%
Soil1_ont	0.111	final_consensus_251_depth_84	84	61571	0.0013642786376703317	0.13642786376703317	0	NM_0	0.1-<1%
Soil1_ont	0.111	final_consensus_252_depth_84	84	61571	0.0013642786376703317	0.13642786376703317	0	NM_0	0.1-<1%
Soil1_ont	0.111	final_consensus_253_depth_84	84	61571	0.0013642786376703317	0.13642786376703317	0	NM_0	0.1-<1%
Soil1_ont	0.111	final_consensus_254_depth_84	84	61571	0.0013642786376703317	0.13642786376703317	0	NM_0	0.1-<1%
Soil1_ont	0.111	final_consensus_255_depth_83	83	61571	0.0013480372253171136	0.13480372253171136	0	NM_0	0.1-<1%
Soil1_ont	0.111	final_consensus_256_depth_83	83	61571	0.0013480372253171136	0.13480372253171136	0	NM_0	0.1-<1%
Soil1_ont	0.111	final_consensus_257_depth_83	83	61571	0.0013480372253171136	0.13480372253171136	0	NM_0	0.1-<1%
Soil1_ont	0.111	final_consensus_258_depth_83	83	61571	0.0013480372253171136	0.13480372253171136	0	NM_0	0.1-<1%
Soil1_ont	0.111	final_consensus_259_depth_83	83	61571	0.0013480372253171136	0.13480372253171136	0	NM_0	0.1-<1%
Soil1_ont	0.111	final_consensus_260_depth_82	82	61571	0.0013317958129638954	0.13317958129638954	0	NM_0	0.1-<1%
Soil1_ont	0.111	final_consensus_261_depth_82	82	61571	0.0013317958129638954	0.13317958129638954	0	NM_0	0.1-<1%
Soil1_ont	0.111	final_consensus_262_depth_81	81	61571	0.001315554400610677	0.1315554400610677	0	NM_0	0.1-<1%
Soil1_ont	0.111	final_consensus_263_depth_81	81	61571	0.001315554400610677	0.1315554400610677	0	NM_0	0.1-<1%
Soil1_ont	0.111	final_consensus_264_depth_81	81	61571	0.001315554400610677	0.1315554400610677	0	NM_0	0.1-<1%
Soil1_ont	0.111	final_consensus_265_depth_80	80	61571	0.0012993129882574589	0.1299312988257459	0	NM_0	0.1-<1%
Soil1_ont	0.111	final_consensus_266_depth_80	80	61571	0.0012993129882574589	0.1299312988257459	0	NM_0	0.1-<1%
Soil1_ont	0.111	final_consensus_267_depth_80	80	61571	0.0012993129882574589	0.1299312988257459	0	NM_0	0.1-<1%
Soil1_ont	0.111	final_consensus_268_depth_80	80	61571	0.0012993129882574589	0.1299312988257459	0	NM_0	0.1-<1%
Soil1_ont	0.111	final_consensus_269_depth_80	80	61571	0.0012993129882574589	0.1299312988257459	78	NM_ge_2	0.1-<1%
Soil1_ont	0.111	final_consensus_270_depth_80	80	61571	0.0012993129882574589	0.1299312988257459	0	NM_0	0.1-<1%
Soil1_ont	0.111	final_consensus_271_depth_79	79	61571	0.0012830715759042407	0.12830715759042408	0	NM_0	0.1-<1%
Soil1_ont	0.111	final_consensus_272_depth_79	79	61571	0.0012830715759042407	0.12830715759042408	0	NM_0	0.1-<1%
Soil1_ont	0.111	final_consensus_273_depth_78	78	61571	0.0012668301635510224	0.12668301635510223	0	NM_0	0.1-<1%
Soil1_ont	0.111	final_consensus_274_depth_78	78	61571	0.0012668301635510224	0.12668301635510223	0	NM_0	0.1-<1%
Soil1_ont	0.111	final_consensus_275_depth_78	78	61571	0.0012668301635510224	0.12668301635510223	0	NM_0	0.1-<1%
Soil1_ont	0.111	final_consensus_276_depth_78	78	61571	0.0012668301635510224	0.12668301635510223	0	NM_0	0.1-<1%
Soil1_ont	0.111	final_consensus_277_depth_76	76	61571	0.0012343473388445859	0.1234347338844586	2	NM_ge_2	0.1-<1%
Soil1_ont	0.111	final_consensus_278_depth_76	76	61571	0.0012343473388445859	0.1234347338844586	0	NM_0	0.1-<1%
Soil1_ont	0.111	final_consensus_279_depth_76	76	61571	0.0012343473388445859	0.1234347338844586	0	NM_0	0.1-<1%
Soil1_ont	0.111	final_consensus_280_depth_76	76	61571	0.0012343473388445859	0.1234347338844586	9	NM_ge_2	0.1-<1%
Soil1_ont	0.111	final_consensus_281_depth_76	76	61571	0.0012343473388445859	0.1234347338844586	0	NM_0	0.1-<1%
Soil1_ont	0.111	final_consensus_282_depth_76	76	61571	0.0012343473388445859	0.1234347338844586	0	NM_0	0.1-<1%
Soil1_ont	0.111	final_consensus_283_depth_76	76	61571	0.0012343473388445859	0.1234347338844586	0	NM_0	0.1-<1%
Soil1_ont	0.111	final_consensus_284_depth_76	76	61571	0.0012343473388445859	0.1234347338844586	0	NM_0	0.1-<1%
Soil1_ont	0.111	final_consensus_285_depth_75	75	61571	0.0012181059264913677	0.12181059264913677	0	NM_0	0.1-<1%
Soil1_ont	0.111	final_consensus_286_depth_75	75	61571	0.0012181059264913677	0.12181059264913677	0	NM_0	0.1-<1%
Soil1_ont	0.111	final_consensus_287_depth_74	74	61571	0.0012018645141381496	0.12018645141381494	0	NM_0	0.1-<1%
Soil1_ont	0.111	final_consensus_288_depth_74	74	61571	0.0012018645141381496	0.12018645141381494	0	NM_0	0.1-<1%
Soil1_ont	0.111	final_consensus_289_depth_74	74	61571	0.0012018645141381496	0.12018645141381494	0	NM_0	0.1-<1%
Soil1_ont	0.111	final_consensus_290_depth_74	74	61571	0.0012018645141381496	0.12018645141381494	0	NM_0	0.1-<1%
Soil1_ont	0.111	final_consensus_291_depth_73	73	61571	0.0011856231017849312	0.11856231017849313	0	NM_0	0.1-<1%
Soil1_ont	0.111	final_consensus_292_depth_73	73	61571	0.0011856231017849312	0.11856231017849313	0	NM_0	0.1-<1%
Soil1_ont	0.111	final_consensus_293_depth_73	73	61571	0.0011856231017849312	0.11856231017849313	0	NM_0	0.1-<1%
Soil1_ont	0.111	final_consensus_294_depth_73	73	61571	0.0011856231017849312	0.11856231017849313	0	NM_0	0.1-<1%
Soil1_ont	0.111	final_consensus_295_depth_73	73	61571	0.0011856231017849312	0.11856231017849313	0	NM_0	0.1-<1%
Soil1_ont	0.111	final_consensus_296_depth_72	72	61571	0.001169381689431713	0.1169381689431713	0	NM_0	0.1-<1%
Soil1_ont	0.111	final_consensus_297_depth_72	72	61571	0.001169381689431713	0.1169381689431713	0	NM_0	0.1-<1%
Soil1_ont	0.111	final_consensus_298_depth_72	72	61571	0.001169381689431713	0.1169381689431713	0	NM_0	0.1-<1%
Soil1_ont	0.111	final_consensus_299_depth_72	72	61571	0.001169381689431713	0.1169381689431713	0	NM_0	0.1-<1%
Soil1_ont	0.111	final_consensus_300_depth_72	72	61571	0.001169381689431713	0.1169381689431713	0	NM_0	0.1-<1%
Soil1_ont	0.111	final_consensus_301_depth_72	72	61571	0.001169381689431713	0.1169381689431713	0	NM_0	0.1-<1%
Soil1_ont	0.111	final_consensus_302_depth_72	72	61571	0.001169381689431713	0.1169381689431713	0	NM_0	0.1-<1%
Soil1_ont	0.111	final_consensus_303_depth_71	71	61571	0.0011531402770784947	0.11531402770784947	0	NM_0	0.1-<1%
Soil1_ont	0.111	final_consensus_304_depth_71	71	61571	0.0011531402770784947	0.11531402770784947	0	NM_0	0.1-<1%
Soil1_ont	0.111	final_consensus_305_depth_71	71	61571	0.0011531402770784947	0.11531402770784947	0	NM_0	0.1-<1%
Soil1_ont	0.111	final_consensus_306_depth_70	70	61571	0.0011368988647252765	0.11368988647252765	0	NM_0	0.1-<1%
Soil1_ont	0.111	final_consensus_307_depth_70	70	61571	0.0011368988647252765	0.11368988647252765	0	NM_0	0.1-<1%
Soil1_ont	0.111	final_consensus_308_depth_70	70	61571	0.0011368988647252765	0.11368988647252765	0	NM_0	0.1-<1%
Soil1_ont	0.111	final_consensus_309_depth_70	70	61571	0.0011368988647252765	0.11368988647252765	0	NM_0	0.1-<1%
Soil1_ont	0.111	final_consensus_310_depth_69	69	61571	0.0011206574523720584	0.11206574523720583	3	NM_ge_2	0.1-<1%
Soil1_ont	0.111	final_consensus_311_depth_69	69	61571	0.0011206574523720584	0.11206574523720583	19	NM_ge_2	0.1-<1%
Soil1_ont	0.111	final_consensus_312_depth_69	69	61571	0.0011206574523720584	0.11206574523720583	0	NM_0	0.1-<1%
Soil1_ont	0.111	final_consensus_313_depth_69	69	61571	0.0011206574523720584	0.11206574523720583	0	NM_0	0.1-<1%
Soil1_ont	0.111	final_consensus_314_depth_69	69	61571	0.0011206574523720584	0.11206574523720583	0	NM_0	0.1-<1%
Soil1_ont	0.111	final_consensus_315_depth_68	68	61571	0.00110441604001884	0.110441604001884	0	NM_0	0.1-<1%
Soil1_ont	0.111	final_consensus_316_depth_68	68	61571	0.00110441604001884	0.110441604001884	0	NM_0	0.1-<1%
Soil1_ont	0.111	final_consensus_317_depth_68	68	61571	0.00110441604001884	0.110441604001884	0	NM_0	0.1-<1%
Soil1_ont	0.111	final_consensus_318_depth_67	67	61571	0.0010881746276656219	0.10881746276656218	0	NM_0	0.1-<1%
Soil1_ont	0.111	final_consensus_319_depth_67	67	61571	0.0010881746276656219	0.10881746276656218	0	NM_0	0.1-<1%
Soil1_ont	0.111	final_consensus_320_depth_67	67	61571	0.0010881746276656219	0.10881746276656218	0	NM_0	0.1-<1%
Soil1_ont	0.111	final_consensus_321_depth_66	66	61571	0.0010719332153124035	0.10719332153124035	0	NM_0	0.1-<1%
Soil1_ont	0.111	final_consensus_322_depth_66	66	61571	0.0010719332153124035	0.10719332153124035	29	NM_ge_2	0.1-<1%
Soil1_ont	0.111	final_consensus_323_depth_65	65	61571	0.0010556918029591853	0.10556918029591854	0	NM_0	0.1-<1%
Soil1_ont	0.111	final_consensus_324_depth_65	65	61571	0.0010556918029591853	0.10556918029591854	0	NM_0	0.1-<1%
Soil1_ont	0.111	final_consensus_325_depth_65	65	61571	0.0010556918029591853	0.10556918029591854	0	NM_0	0.1-<1%
Soil1_ont	0.111	final_consensus_326_depth_65	65	61571	0.0010556918029591853	0.10556918029591854	1	NM_1	0.1-<1%
Soil1_ont	0.111	final_consensus_327_depth_65	65	61571	0.0010556918029591853	0.10556918029591854	0	NM_0	0.1-<1%
Soil1_ont	0.111	final_consensus_328_depth_64	64	61571	0.0010394503906059672	0.10394503906059671	0	NM_0	0.1-<1%
Soil1_ont	0.111	final_consensus_329_depth_64	64	61571	0.0010394503906059672	0.10394503906059671	0	NM_0	0.1-<1%
Soil1_ont	0.111	final_consensus_330_depth_64	64	61571	0.0010394503906059672	0.10394503906059671	0	NM_0	0.1-<1%
Soil1_ont	0.111	final_consensus_331_depth_64	64	61571	0.0010394503906059672	0.10394503906059671	0	NM_0	0.1-<1%
Soil1_ont	0.111	final_consensus_332_depth_64	64	61571	0.0010394503906059672	0.10394503906059671	0	NM_0	0.1-<1%
Soil1_ont	0.111	final_consensus_333_depth_64	64	61571	0.0010394503906059672	0.10394503906059671	0	NM_0	0.1-<1%
Soil1_ont	0.111	final_consensus_334_depth_63	63	61571	0.0010232089782527488	0.10232089782527488	0	NM_0	0.1-<1%
Soil1_ont	0.111	final_consensus_335_depth_63	63	61571	0.0010232089782527488	0.10232089782527488	0	NM_0	0.1-<1%
Soil1_ont	0.111	final_consensus_336_depth_63	63	61571	0.0010232089782527488	0.10232089782527488	64	NM_ge_2	0.1-<1%
Soil1_ont	0.111	final_consensus_337_depth_63	63	61571	0.0010232089782527488	0.10232089782527488	0	NM_0	0.1-<1%
Soil1_ont	0.111	final_consensus_338_depth_63	63	61571	0.0010232089782527488	0.10232089782527488	0	NM_0	0.1-<1%
Soil1_ont	0.111	final_consensus_339_depth_63	63	61571	0.0010232089782527488	0.10232089782527488	0	NM_0	0.1-<1%
Soil1_ont	0.111	final_consensus_340_depth_63	63	61571	0.0010232089782527488	0.10232089782527488	0	NM_0	0.1-<1%
Soil1_ont	0.111	final_consensus_341_depth_63	63	61571	0.0010232089782527488	0.10232089782527488	0	NM_0	0.1-<1%
Soil1_ont	0.111	final_consensus_342_depth_62	62	61571	0.0010069675658995307	0.10069675658995306	0	NM_0	0.1-<1%
Soil1_ont	0.111	final_consensus_343_depth_62	62	61571	0.0010069675658995307	0.10069675658995306	0	NM_0	0.1-<1%
Soil1_ont	0.111	final_consensus_344_depth_62	62	61571	0.0010069675658995307	0.10069675658995306	0	NM_0	0.1-<1%
Soil1_ont	0.111	final_consensus_345_depth_62	62	61571	0.0010069675658995307	0.10069675658995306	0	NM_0	0.1-<1%
Soil1_ont	0.111	final_consensus_346_depth_62	62	61571	0.0010069675658995307	0.10069675658995306	0	NM_0	0.1-<1%
Soil1_ont	0.111	final_consensus_347_depth_62	62	61571	0.0010069675658995307	0.10069675658995306	0	NM_0	0.1-<1%
Soil1_ont	0.111	final_consensus_348_depth_61	61	61571	0.0009907261535463123	0.09907261535463124	0	NM_0	0.05-<0.1%
Soil1_ont	0.111	final_consensus_349_depth_61	61	61571	0.0009907261535463123	0.09907261535463124	0	NM_0	0.05-<0.1%
Soil1_ont	0.111	final_consensus_350_depth_61	61	61571	0.0009907261535463123	0.09907261535463124	0	NM_0	0.05-<0.1%
Soil1_ont	0.111	final_consensus_351_depth_61	61	61571	0.0009907261535463123	0.09907261535463124	0	NM_0	0.05-<0.1%
Soil1_ont	0.111	final_consensus_352_depth_60	60	61571	0.0009744847411930942	0.09744847411930942	0	NM_0	0.05-<0.1%
Soil1_ont	0.111	final_consensus_353_depth_60	60	61571	0.0009744847411930942	0.09744847411930942	0	NM_0	0.05-<0.1%
Soil1_ont	0.111	final_consensus_354_depth_60	60	61571	0.0009744847411930942	0.09744847411930942	0	NM_0	0.05-<0.1%
Soil1_ont	0.111	final_consensus_355_depth_60	60	61571	0.0009744847411930942	0.09744847411930942	0	NM_0	0.05-<0.1%
Soil1_ont	0.111	final_consensus_356_depth_60	60	61571	0.0009744847411930942	0.09744847411930942	0	NM_0	0.05-<0.1%
Soil1_ont	0.111	final_consensus_357_depth_60	60	61571	0.0009744847411930942	0.09744847411930942	0	NM_0	0.05-<0.1%
Soil1_ont	0.111	final_consensus_358_depth_60	60	61571	0.0009744847411930942	0.09744847411930942	0	NM_0	0.05-<0.1%
Soil1_ont	0.111	final_consensus_359_depth_60	60	61571	0.0009744847411930942	0.09744847411930942	0	NM_0	0.05-<0.1%
Soil1_ont	0.111	final_consensus_360_depth_60	60	61571	0.0009744847411930942	0.09744847411930942	0	NM_0	0.05-<0.1%
Soil1_ont	0.111	final_consensus_361_depth_59	59	61571	0.0009582433288398759	0.09582433288398759	0	NM_0	0.05-<0.1%
Soil1_ont	0.111	final_consensus_362_depth_59	59	61571	0.0009582433288398759	0.09582433288398759	1	NM_1	0.05-<0.1%
Soil1_ont	0.111	final_consensus_363_depth_59	59	61571	0.0009582433288398759	0.09582433288398759	0	NM_0	0.05-<0.1%
Soil1_ont	0.111	final_consensus_364_depth_59	59	61571	0.0009582433288398759	0.09582433288398759	0	NM_0	0.05-<0.1%
Soil1_ont	0.111	final_consensus_365_depth_59	59	61571	0.0009582433288398759	0.09582433288398759	0	NM_0	0.05-<0.1%
Soil1_ont	0.111	final_consensus_366_depth_59	59	61571	0.0009582433288398759	0.09582433288398759	0	NM_0	0.05-<0.1%
Soil1_ont	0.111	final_consensus_367_depth_58	58	61571	0.0009420019164866577	0.09420019164866576	0	NM_0	0.05-<0.1%
Soil1_ont	0.111	final_consensus_368_depth_58	58	61571	0.0009420019164866577	0.09420019164866576	0	NM_0	0.05-<0.1%
Soil1_ont	0.111	final_consensus_369_depth_58	58	61571	0.0009420019164866577	0.09420019164866576	0	NM_0	0.05-<0.1%
Soil1_ont	0.111	final_consensus_370_depth_58	58	61571	0.0009420019164866577	0.09420019164866576	0	NM_0	0.05-<0.1%
Soil1_ont	0.111	final_consensus_371_depth_58	58	61571	0.0009420019164866577	0.09420019164866576	0	NM_0	0.05-<0.1%
Soil1_ont	0.111	final_consensus_372_depth_58	58	61571	0.0009420019164866577	0.09420019164866576	0	NM_0	0.05-<0.1%
Soil1_ont	0.111	final_consensus_373_depth_57	57	61571	0.0009257605041334394	0.09257605041334395	0	NM_0	0.05-<0.1%
Soil1_ont	0.111	final_consensus_374_depth_57	57	61571	0.0009257605041334394	0.09257605041334395	0	NM_0	0.05-<0.1%
Soil1_ont	0.111	final_consensus_375_depth_57	57	61571	0.0009257605041334394	0.09257605041334395	0	NM_0	0.05-<0.1%
Soil1_ont	0.111	final_consensus_376_depth_57	57	61571	0.0009257605041334394	0.09257605041334395	0	NM_0	0.05-<0.1%
Soil1_ont	0.111	final_consensus_377_depth_57	57	61571	0.0009257605041334394	0.09257605041334395	0	NM_0	0.05-<0.1%
Soil1_ont	0.111	final_consensus_378_depth_57	57	61571	0.0009257605041334394	0.09257605041334395	0	NM_0	0.05-<0.1%
Soil1_ont	0.111	final_consensus_379_depth_56	56	61571	0.0009095190917802212	0.09095190917802212	0	NM_0	0.05-<0.1%
Soil1_ont	0.111	final_consensus_380_depth_56	56	61571	0.0009095190917802212	0.09095190917802212	0	NM_0	0.05-<0.1%
Soil1_ont	0.111	final_consensus_381_depth_56	56	61571	0.0009095190917802212	0.09095190917802212	0	NM_0	0.05-<0.1%
Soil1_ont	0.111	final_consensus_382_depth_56	56	61571	0.0009095190917802212	0.09095190917802212	0	NM_0	0.05-<0.1%
Soil1_ont	0.111	final_consensus_383_depth_56	56	61571	0.0009095190917802212	0.09095190917802212	0	NM_0	0.05-<0.1%
Soil1_ont	0.111	final_consensus_384_depth_55	55	61571	0.000893277679427003	0.0893277679427003	0	NM_0	0.05-<0.1%
Soil1_ont	0.111	final_consensus_385_depth_55	55	61571	0.000893277679427003	0.0893277679427003	0	NM_0	0.05-<0.1%
Soil1_ont	0.111	final_consensus_386_depth_55	55	61571	0.000893277679427003	0.0893277679427003	0	NM_0	0.05-<0.1%
Soil1_ont	0.111	final_consensus_387_depth_55	55	61571	0.000893277679427003	0.0893277679427003	0	NM_0	0.05-<0.1%
Soil1_ont	0.111	final_consensus_388_depth_55	55	61571	0.000893277679427003	0.0893277679427003	0	NM_0	0.05-<0.1%
Soil1_ont	0.111	final_consensus_389_depth_54	54	61571	0.0008770362670737847	0.08770362670737847	0	NM_0	0.05-<0.1%
Soil1_ont	0.111	final_consensus_390_depth_54	54	61571	0.0008770362670737847	0.08770362670737847	0	NM_0	0.05-<0.1%
Soil1_ont	0.111	final_consensus_391_depth_54	54	61571	0.0008770362670737847	0.08770362670737847	0	NM_0	0.05-<0.1%
Soil1_ont	0.111	final_consensus_392_depth_54	54	61571	0.0008770362670737847	0.08770362670737847	0	NM_0	0.05-<0.1%
Soil1_ont	0.111	final_consensus_393_depth_54	54	61571	0.0008770362670737847	0.08770362670737847	0	NM_0	0.05-<0.1%
Soil1_ont	0.111	final_consensus_394_depth_54	54	61571	0.0008770362670737847	0.08770362670737847	0	NM_0	0.05-<0.1%
Soil1_ont	0.111	final_consensus_395_depth_54	54	61571	0.0008770362670737847	0.08770362670737847	0	NM_0	0.05-<0.1%
Soil1_ont	0.111	final_consensus_396_depth_54	54	61571	0.0008770362670737847	0.08770362670737847	0	NM_0	0.05-<0.1%
Soil1_ont	0.111	final_consensus_397_depth_54	54	61571	0.0008770362670737847	0.08770362670737847	0	NM_0	0.05-<0.1%
Soil1_ont	0.111	final_consensus_398_depth_54	54	61571	0.0008770362670737847	0.08770362670737847	0	NM_0	0.05-<0.1%
Soil1_ont	0.111	final_consensus_399_depth_54	54	61571	0.0008770362670737847	0.08770362670737847	0	NM_0	0.05-<0.1%
Soil1_ont	0.111	final_consensus_400_depth_53	53	61571	0.0008607948547205665	0.08607948547205665	1	NM_1	0.05-<0.1%
Soil1_ont	0.111	final_consensus_401_depth_53	53	61571	0.0008607948547205665	0.08607948547205665	0	NM_0	0.05-<0.1%
Soil1_ont	0.111	final_consensus_402_depth_52	52	61571	0.0008445534423673482	0.08445534423673483	0	NM_0	0.05-<0.1%
Soil1_ont	0.111	final_consensus_403_depth_52	52	61571	0.0008445534423673482	0.08445534423673483	0	NM_0	0.05-<0.1%
Soil1_ont	0.111	final_consensus_404_depth_52	52	61571	0.0008445534423673482	0.08445534423673483	0	NM_0	0.05-<0.1%
Soil1_ont	0.111	final_consensus_405_depth_52	52	61571	0.0008445534423673482	0.08445534423673483	0	NM_0	0.05-<0.1%
Soil1_ont	0.111	final_consensus_406_depth_52	52	61571	0.0008445534423673482	0.08445534423673483	0	NM_0	0.05-<0.1%
Soil1_ont	0.111	final_consensus_407_depth_51	51	61571	0.0008283120300141301	0.082831203001413	1	NM_1	0.05-<0.1%
Soil1_ont	0.111	final_consensus_408_depth_51	51	61571	0.0008283120300141301	0.082831203001413	1	NM_1	0.05-<0.1%
Soil1_ont	0.111	final_consensus_409_depth_51	51	61571	0.0008283120300141301	0.082831203001413	0	NM_0	0.05-<0.1%
Soil1_ont	0.111	final_consensus_410_depth_51	51	61571	0.0008283120300141301	0.082831203001413	0	NM_0	0.05-<0.1%
Soil1_ont	0.111	final_consensus_411_depth_51	51	61571	0.0008283120300141301	0.082831203001413	7	NM_ge_2	0.05-<0.1%
Soil1_ont	0.111	final_consensus_412_depth_51	51	61571	0.0008283120300141301	0.082831203001413	0	NM_0	0.05-<0.1%
Soil1_ont	0.111	final_consensus_413_depth_50	50	61571	0.0008120706176609118	0.08120706176609117	0	NM_0	0.05-<0.1%
Soil1_ont	0.111	final_consensus_414_depth_50	50	61571	0.0008120706176609118	0.08120706176609117	0	NM_0	0.05-<0.1%
Soil1_ont	0.111	final_consensus_415_depth_50	50	61571	0.0008120706176609118	0.08120706176609117	0	NM_0	0.05-<0.1%
Soil1_ont	0.111	final_consensus_416_depth_50	50	61571	0.0008120706176609118	0.08120706176609117	0	NM_0	0.05-<0.1%
Soil1_ont	0.111	final_consensus_417_depth_50	50	61571	0.0008120706176609118	0.08120706176609117	0	NM_0	0.05-<0.1%
Soil1_ont	0.111	final_consensus_418_depth_50	50	61571	0.0008120706176609118	0.08120706176609117	0	NM_0	0.05-<0.1%
Soil1_ont	0.111	final_consensus_419_depth_49	49	61571	0.0007958292053076935	0.07958292053076936	0	NM_0	0.05-<0.1%
Soil1_ont	0.111	final_consensus_420_depth_49	49	61571	0.0007958292053076935	0.07958292053076936	0	NM_0	0.05-<0.1%
Soil1_ont	0.111	final_consensus_421_depth_49	49	61571	0.0007958292053076935	0.07958292053076936	0	NM_0	0.05-<0.1%
Soil1_ont	0.111	final_consensus_422_depth_49	49	61571	0.0007958292053076935	0.07958292053076936	0	NM_0	0.05-<0.1%
Soil1_ont	0.111	final_consensus_423_depth_49	49	61571	0.0007958292053076935	0.07958292053076936	0	NM_0	0.05-<0.1%
Soil1_ont	0.111	final_consensus_424_depth_49	49	61571	0.0007958292053076935	0.07958292053076936	0	NM_0	0.05-<0.1%
Soil1_ont	0.111	final_consensus_425_depth_49	49	61571	0.0007958292053076935	0.07958292053076936	0	NM_0	0.05-<0.1%
Soil1_ont	0.111	final_consensus_426_depth_49	49	61571	0.0007958292053076935	0.07958292053076936	0	NM_0	0.05-<0.1%
Soil1_ont	0.111	final_consensus_427_depth_49	49	61571	0.0007958292053076935	0.07958292053076936	0	NM_0	0.05-<0.1%
Soil1_ont	0.111	final_consensus_428_depth_49	49	61571	0.0007958292053076935	0.07958292053076936	0	NM_0	0.05-<0.1%
Soil1_ont	0.111	final_consensus_429_depth_49	49	61571	0.0007958292053076935	0.07958292053076936	14	NM_ge_2	0.05-<0.1%
Soil1_ont	0.111	final_consensus_430_depth_48	48	61571	0.0007795877929544753	0.07795877929544753	0	NM_0	0.05-<0.1%
Soil1_ont	0.111	final_consensus_431_depth_48	48	61571	0.0007795877929544753	0.07795877929544753	0	NM_0	0.05-<0.1%
Soil1_ont	0.111	final_consensus_432_depth_48	48	61571	0.0007795877929544753	0.07795877929544753	0	NM_0	0.05-<0.1%
Soil1_ont	0.111	final_consensus_433_depth_48	48	61571	0.0007795877929544753	0.07795877929544753	0	NM_0	0.05-<0.1%
Soil1_ont	0.111	final_consensus_434_depth_48	48	61571	0.0007795877929544753	0.07795877929544753	0	NM_0	0.05-<0.1%
Soil1_ont	0.111	final_consensus_435_depth_48	48	61571	0.0007795877929544753	0.07795877929544753	4	NM_ge_2	0.05-<0.1%
Soil1_ont	0.111	final_consensus_436_depth_48	48	61571	0.0007795877929544753	0.07795877929544753	0	NM_0	0.05-<0.1%
Soil1_ont	0.111	final_consensus_437_depth_47	47	61571	0.000763346380601257	0.0763346380601257	0	NM_0	0.05-<0.1%
Soil1_ont	0.111	final_consensus_438_depth_47	47	61571	0.000763346380601257	0.0763346380601257	0	NM_0	0.05-<0.1%
Soil1_ont	0.111	final_consensus_439_depth_46	46	61571	0.0007471049682480389	0.07471049682480388	1	NM_1	0.05-<0.1%
Soil1_ont	0.111	final_consensus_440_depth_46	46	61571	0.0007471049682480389	0.07471049682480388	0	NM_0	0.05-<0.1%
Soil1_ont	0.111	final_consensus_441_depth_46	46	61571	0.0007471049682480389	0.07471049682480388	0	NM_0	0.05-<0.1%
Soil1_ont	0.111	final_consensus_442_depth_46	46	61571	0.0007471049682480389	0.07471049682480388	0	NM_0	0.05-<0.1%
Soil1_ont	0.111	final_consensus_443_depth_46	46	61571	0.0007471049682480389	0.07471049682480388	0	NM_0	0.05-<0.1%
Soil1_ont	0.111	final_consensus_444_depth_45	45	61571	0.0007308635558948206	0.07308635558948207	0	NM_0	0.05-<0.1%
Soil1_ont	0.111	final_consensus_445_depth_45	45	61571	0.0007308635558948206	0.07308635558948207	0	NM_0	0.05-<0.1%
Soil1_ont	0.111	final_consensus_446_depth_45	45	61571	0.0007308635558948206	0.07308635558948207	10	NM_ge_2	0.05-<0.1%
Soil1_ont	0.111	final_consensus_447_depth_45	45	61571	0.0007308635558948206	0.07308635558948207	0	NM_0	0.05-<0.1%
Soil1_ont	0.111	final_consensus_448_depth_45	45	61571	0.0007308635558948206	0.07308635558948207	0	NM_0	0.05-<0.1%
Soil1_ont	0.111	final_consensus_449_depth_44	44	61571	0.0007146221435416024	0.07146221435416024	0	NM_0	0.05-<0.1%
Soil1_ont	0.111	final_consensus_450_depth_44	44	61571	0.0007146221435416024	0.07146221435416024	0	NM_0	0.05-<0.1%
Soil1_ont	0.111	final_consensus_451_depth_44	44	61571	0.0007146221435416024	0.07146221435416024	0	NM_0	0.05-<0.1%
Soil1_ont	0.111	final_consensus_452_depth_44	44	61571	0.0007146221435416024	0.07146221435416024	0	NM_0	0.05-<0.1%
Soil1_ont	0.111	final_consensus_453_depth_43	43	61571	0.0006983807311883841	0.06983807311883841	0	NM_0	0.05-<0.1%
Soil1_ont	0.111	final_consensus_454_depth_43	43	61571	0.0006983807311883841	0.06983807311883841	2	NM_ge_2	0.05-<0.1%
Soil1_ont	0.111	final_consensus_455_depth_43	43	61571	0.0006983807311883841	0.06983807311883841	0	NM_0	0.05-<0.1%
Soil1_ont	0.111	final_consensus_456_depth_43	43	61571	0.0006983807311883841	0.06983807311883841	0	NM_0	0.05-<0.1%
Soil1_ont	0.111	final_consensus_457_depth_43	43	61571	0.0006983807311883841	0.06983807311883841	0	NM_0	0.05-<0.1%
Soil1_ont	0.111	final_consensus_458_depth_43	43	61571	0.0006983807311883841	0.06983807311883841	0	NM_0	0.05-<0.1%
Soil1_ont	0.111	final_consensus_459_depth_42	42	61571	0.0006821393188351659	0.06821393188351658	0	NM_0	0.05-<0.1%
Soil1_ont	0.111	final_consensus_460_depth_42	42	61571	0.0006821393188351659	0.06821393188351658	0	NM_0	0.05-<0.1%
Soil1_ont	0.111	final_consensus_461_depth_42	42	61571	0.0006821393188351659	0.06821393188351658	0	NM_0	0.05-<0.1%
Soil1_ont	0.111	final_consensus_462_depth_42	42	61571	0.0006821393188351659	0.06821393188351658	0	NM_0	0.05-<0.1%
Soil1_ont	0.111	final_consensus_463_depth_41	41	61571	0.0006658979064819477	0.06658979064819477	0	NM_0	0.05-<0.1%
Soil1_ont	0.111	final_consensus_464_depth_41	41	61571	0.0006658979064819477	0.06658979064819477	27	NM_ge_2	0.05-<0.1%
Soil1_ont	0.111	final_consensus_465_depth_41	41	61571	0.0006658979064819477	0.06658979064819477	0	NM_0	0.05-<0.1%
Soil1_ont	0.111	final_consensus_466_depth_41	41	61571	0.0006658979064819477	0.06658979064819477	0	NM_0	0.05-<0.1%
Soil1_ont	0.111	final_consensus_467_depth_41	41	61571	0.0006658979064819477	0.06658979064819477	0	NM_0	0.05-<0.1%
Soil1_ont	0.111	final_consensus_468_depth_41	41	61571	0.0006658979064819477	0.06658979064819477	0	NM_0	0.05-<0.1%
Soil1_ont	0.111	final_consensus_469_depth_41	41	61571	0.0006658979064819477	0.06658979064819477	0	NM_0	0.05-<0.1%
Soil1_ont	0.111	final_consensus_470_depth_40	40	61571	0.0006496564941287294	0.06496564941287294	0	NM_0	0.05-<0.1%
Soil1_ont	0.111	final_consensus_471_depth_40	40	61571	0.0006496564941287294	0.06496564941287294	0	NM_0	0.05-<0.1%
Soil1_ont	0.111	final_consensus_472_depth_40	40	61571	0.0006496564941287294	0.06496564941287294	0	NM_0	0.05-<0.1%
Soil1_ont	0.111	final_consensus_473_depth_40	40	61571	0.0006496564941287294	0.06496564941287294	0	NM_0	0.05-<0.1%
Soil1_ont	0.111	final_consensus_474_depth_40	40	61571	0.0006496564941287294	0.06496564941287294	0	NM_0	0.05-<0.1%
Soil1_ont	0.111	final_consensus_475_depth_40	40	61571	0.0006496564941287294	0.06496564941287294	0	NM_0	0.05-<0.1%
Soil1_ont	0.111	final_consensus_476_depth_39	39	61571	0.0006334150817755112	0.06334150817755112	14	NM_ge_2	0.05-<0.1%
Soil1_ont	0.111	final_consensus_477_depth_39	39	61571	0.0006334150817755112	0.06334150817755112	0	NM_0	0.05-<0.1%
Soil1_ont	0.111	final_consensus_478_depth_39	39	61571	0.0006334150817755112	0.06334150817755112	0	NM_0	0.05-<0.1%
Soil1_ont	0.111	final_consensus_479_depth_38	38	61571	0.0006171736694222929	0.0617173669422293	0	NM_0	0.05-<0.1%
Soil1_ont	0.111	final_consensus_480_depth_38	38	61571	0.0006171736694222929	0.0617173669422293	0	NM_0	0.05-<0.1%
Soil1_ont	0.111	final_consensus_481_depth_38	38	61571	0.0006171736694222929	0.0617173669422293	0	NM_0	0.05-<0.1%
Soil1_ont	0.111	final_consensus_482_depth_38	38	61571	0.0006171736694222929	0.0617173669422293	0	NM_0	0.05-<0.1%
Soil1_ont	0.111	final_consensus_483_depth_38	38	61571	0.0006171736694222929	0.0617173669422293	0	NM_0	0.05-<0.1%
Soil1_ont	0.111	final_consensus_484_depth_37	37	61571	0.0006009322570690748	0.06009322570690747	0	NM_0	0.05-<0.1%
Soil1_ont	0.111	final_consensus_485_depth_37	37	61571	0.0006009322570690748	0.06009322570690747	0	NM_0	0.05-<0.1%
Soil1_ont	0.111	final_consensus_486_depth_37	37	61571	0.0006009322570690748	0.06009322570690747	0	NM_0	0.05-<0.1%
Soil1_ont	0.111	final_consensus_487_depth_37	37	61571	0.0006009322570690748	0.06009322570690747	0	NM_0	0.05-<0.1%
Soil1_ont	0.111	final_consensus_488_depth_37	37	61571	0.0006009322570690748	0.06009322570690747	0	NM_0	0.05-<0.1%
Soil1_ont	0.111	final_consensus_489_depth_36	36	61571	0.0005846908447158565	0.05846908447158565	0	NM_0	0.05-<0.1%
Soil1_ont	0.111	final_consensus_490_depth_36	36	61571	0.0005846908447158565	0.05846908447158565	0	NM_0	0.05-<0.1%
Soil1_ont	0.111	final_consensus_491_depth_36	36	61571	0.0005846908447158565	0.05846908447158565	0	NM_0	0.05-<0.1%
Soil1_ont	0.111	final_consensus_492_depth_36	36	61571	0.0005846908447158565	0.05846908447158565	0	NM_0	0.05-<0.1%
Soil1_ont	0.111	final_consensus_493_depth_36	36	61571	0.0005846908447158565	0.05846908447158565	0	NM_0	0.05-<0.1%
Soil1_ont	0.111	final_consensus_494_depth_36	36	61571	0.0005846908447158565	0.05846908447158565	0	NM_0	0.05-<0.1%
Soil1_ont	0.111	final_consensus_495_depth_36	36	61571	0.0005846908447158565	0.05846908447158565	6	NM_ge_2	0.05-<0.1%
Soil1_ont	0.111	final_consensus_496_depth_36	36	61571	0.0005846908447158565	0.05846908447158565	0	NM_0	0.05-<0.1%
Soil1_ont	0.111	final_consensus_497_depth_36	36	61571	0.0005846908447158565	0.05846908447158565	0	NM_0	0.05-<0.1%
Soil1_ont	0.111	final_consensus_498_depth_36	36	61571	0.0005846908447158565	0.05846908447158565	0	NM_0	0.05-<0.1%
Soil1_ont	0.111	final_consensus_499_depth_36	36	61571	0.0005846908447158565	0.05846908447158565	0	NM_0	0.05-<0.1%
Soil1_ont	0.111	final_consensus_500_depth_35	35	61571	0.0005684494323626383	0.05684494323626382	3	NM_ge_2	0.05-<0.1%
Soil1_ont	0.111	final_consensus_501_depth_35	35	61571	0.0005684494323626383	0.05684494323626382	0	NM_0	0.05-<0.1%
Soil1_ont	0.111	final_consensus_502_depth_35	35	61571	0.0005684494323626383	0.05684494323626382	0	NM_0	0.05-<0.1%
Soil1_ont	0.111	final_consensus_503_depth_35	35	61571	0.0005684494323626383	0.05684494323626382	0	NM_0	0.05-<0.1%
Soil1_ont	0.111	final_consensus_504_depth_35	35	61571	0.0005684494323626383	0.05684494323626382	2	NM_ge_2	0.05-<0.1%
Soil1_ont	0.111	final_consensus_505_depth_35	35	61571	0.0005684494323626383	0.05684494323626382	0	NM_0	0.05-<0.1%
Soil1_ont	0.111	final_consensus_506_depth_35	35	61571	0.0005684494323626383	0.05684494323626382	0	NM_0	0.05-<0.1%
Soil1_ont	0.111	final_consensus_507_depth_35	35	61571	0.0005684494323626383	0.05684494323626382	0	NM_0	0.05-<0.1%
Soil1_ont	0.111	final_consensus_508_depth_35	35	61571	0.0005684494323626383	0.05684494323626382	0	NM_0	0.05-<0.1%
Soil1_ont	0.111	final_consensus_509_depth_35	35	61571	0.0005684494323626383	0.05684494323626382	0	NM_0	0.05-<0.1%
Soil1_ont	0.111	final_consensus_510_depth_35	35	61571	0.0005684494323626383	0.05684494323626382	0	NM_0	0.05-<0.1%
Soil1_ont	0.111	final_consensus_511_depth_35	35	61571	0.0005684494323626383	0.05684494323626382	0	NM_0	0.05-<0.1%
Soil1_ont	0.111	final_consensus_512_depth_35	35	61571	0.0005684494323626383	0.05684494323626382	0	NM_0	0.05-<0.1%
Soil1_ont	0.111	final_consensus_513_depth_35	35	61571	0.0005684494323626383	0.05684494323626382	0	NM_0	0.05-<0.1%
Soil1_ont	0.111	final_consensus_514_depth_35	35	61571	0.0005684494323626383	0.05684494323626382	0	NM_0	0.05-<0.1%
Soil1_ont	0.111	final_consensus_515_depth_34	34	61571	0.00055220802000942	0.055220802000942	0	NM_0	0.05-<0.1%
Soil1_ont	0.111	final_consensus_516_depth_34	34	61571	0.00055220802000942	0.055220802000942	0	NM_0	0.05-<0.1%
Soil1_ont	0.111	final_consensus_517_depth_34	34	61571	0.00055220802000942	0.055220802000942	0	NM_0	0.05-<0.1%
Soil1_ont	0.111	final_consensus_518_depth_33	33	61571	0.0005359666076562017	0.053596660765620176	0	NM_0	0.05-<0.1%
Soil1_ont	0.111	final_consensus_519_depth_33	33	61571	0.0005359666076562017	0.053596660765620176	0	NM_0	0.05-<0.1%
Soil1_ont	0.111	final_consensus_520_depth_33	33	61571	0.0005359666076562017	0.053596660765620176	0	NM_0	0.05-<0.1%
Soil1_ont	0.111	final_consensus_521_depth_33	33	61571	0.0005359666076562017	0.053596660765620176	0	NM_0	0.05-<0.1%
Soil1_ont	0.111	final_consensus_522_depth_33	33	61571	0.0005359666076562017	0.053596660765620176	0	NM_0	0.05-<0.1%
Soil1_ont	0.111	final_consensus_523_depth_33	33	61571	0.0005359666076562017	0.053596660765620176	0	NM_0	0.05-<0.1%
Soil1_ont	0.111	final_consensus_524_depth_33	33	61571	0.0005359666076562017	0.053596660765620176	0	NM_0	0.05-<0.1%
Soil1_ont	0.111	final_consensus_525_depth_32	32	61571	0.0005197251953029836	0.051972519530298356	0	NM_0	0.05-<0.1%
Soil1_ont	0.111	final_consensus_526_depth_32	32	61571	0.0005197251953029836	0.051972519530298356	0	NM_0	0.05-<0.1%
Soil1_ont	0.111	final_consensus_527_depth_32	32	61571	0.0005197251953029836	0.051972519530298356	0	NM_0	0.05-<0.1%
Soil1_ont	0.111	final_consensus_528_depth_32	32	61571	0.0005197251953029836	0.051972519530298356	7	NM_ge_2	0.05-<0.1%
Soil1_ont	0.111	final_consensus_529_depth_32	32	61571	0.0005197251953029836	0.051972519530298356	0	NM_0	0.05-<0.1%
Soil1_ont	0.111	final_consensus_530_depth_32	32	61571	0.0005197251953029836	0.051972519530298356	0	NM_0	0.05-<0.1%
Soil1_ont	0.111	final_consensus_531_depth_31	31	61571	0.0005034837829497653	0.05034837829497653	0	NM_0	0.05-<0.1%
Soil1_ont	0.111	final_consensus_532_depth_31	31	61571	0.0005034837829497653	0.05034837829497653	0	NM_0	0.05-<0.1%
Soil1_ont	0.111	final_consensus_533_depth_31	31	61571	0.0005034837829497653	0.05034837829497653	0	NM_0	0.05-<0.1%
Soil1_ont	0.111	final_consensus_534_depth_31	31	61571	0.0005034837829497653	0.05034837829497653	0	NM_0	0.05-<0.1%
Soil1_ont	0.111	final_consensus_535_depth_31	31	61571	0.0005034837829497653	0.05034837829497653	0	NM_0	0.05-<0.1%
Soil1_ont	0.111	final_consensus_536_depth_31	31	61571	0.0005034837829497653	0.05034837829497653	0	NM_0	0.05-<0.1%
Soil1_ont	0.111	final_consensus_537_depth_31	31	61571	0.0005034837829497653	0.05034837829497653	0	NM_0	0.05-<0.1%
Soil1_ont	0.111	final_consensus_538_depth_31	31	61571	0.0005034837829497653	0.05034837829497653	0	NM_0	0.05-<0.1%
Soil1_ont	0.111	final_consensus_539_depth_30	30	61571	0.0004872423705965471	0.04872423705965471	0	NM_0	0.02-<0.05%
Soil1_ont	0.111	final_consensus_540_depth_30	30	61571	0.0004872423705965471	0.04872423705965471	0	NM_0	0.02-<0.05%
Soil1_ont	0.111	final_consensus_541_depth_30	30	61571	0.0004872423705965471	0.04872423705965471	0	NM_0	0.02-<0.05%
Soil1_ont	0.111	final_consensus_542_depth_30	30	61571	0.0004872423705965471	0.04872423705965471	0	NM_0	0.02-<0.05%
Soil1_ont	0.111	final_consensus_543_depth_30	30	61571	0.0004872423705965471	0.04872423705965471	0	NM_0	0.02-<0.05%
Soil1_ont	0.111	final_consensus_544_depth_30	30	61571	0.0004872423705965471	0.04872423705965471	0	NM_0	0.02-<0.05%
Soil1_ont	0.111	final_consensus_545_depth_29	29	61571	0.0004710009582433288	0.04710009582433288	0	NM_0	0.02-<0.05%
Soil1_ont	0.111	final_consensus_546_depth_29	29	61571	0.0004710009582433288	0.04710009582433288	0	NM_0	0.02-<0.05%
Soil1_ont	0.111	final_consensus_547_depth_29	29	61571	0.0004710009582433288	0.04710009582433288	0	NM_0	0.02-<0.05%
Soil1_ont	0.111	final_consensus_548_depth_29	29	61571	0.0004710009582433288	0.04710009582433288	0	NM_0	0.02-<0.05%
Soil1_ont	0.111	final_consensus_549_depth_29	29	61571	0.0004710009582433288	0.04710009582433288	0	NM_0	0.02-<0.05%
Soil1_ont	0.111	final_consensus_550_depth_28	28	61571	0.0004547595458901106	0.04547595458901106	0	NM_0	0.02-<0.05%
Soil1_ont	0.111	final_consensus_551_depth_28	28	61571	0.0004547595458901106	0.04547595458901106	0	NM_0	0.02-<0.05%
Soil1_ont	0.111	final_consensus_552_depth_28	28	61571	0.0004547595458901106	0.04547595458901106	0	NM_0	0.02-<0.05%
Soil1_ont	0.111	final_consensus_553_depth_28	28	61571	0.0004547595458901106	0.04547595458901106	0	NM_0	0.02-<0.05%
Soil1_ont	0.111	final_consensus_554_depth_28	28	61571	0.0004547595458901106	0.04547595458901106	0	NM_0	0.02-<0.05%
Soil1_ont	0.111	final_consensus_555_depth_28	28	61571	0.0004547595458901106	0.04547595458901106	0	NM_0	0.02-<0.05%
Soil1_ont	0.111	final_consensus_556_depth_28	28	61571	0.0004547595458901106	0.04547595458901106	0	NM_0	0.02-<0.05%
Soil1_ont	0.111	final_consensus_557_depth_27	27	61571	0.00043851813353689236	0.043851813353689234	0	NM_0	0.02-<0.05%
Soil1_ont	0.111	final_consensus_558_depth_27	27	61571	0.00043851813353689236	0.043851813353689234	0	NM_0	0.02-<0.05%
Soil1_ont	0.111	final_consensus_559_depth_27	27	61571	0.00043851813353689236	0.043851813353689234	0	NM_0	0.02-<0.05%
Soil1_ont	0.111	final_consensus_560_depth_27	27	61571	0.00043851813353689236	0.043851813353689234	0	NM_0	0.02-<0.05%
Soil1_ont	0.111	final_consensus_561_depth_26	26	61571	0.0004222767211836741	0.042227672118367414	0	NM_0	0.02-<0.05%
Soil1_ont	0.111	final_consensus_562_depth_26	26	61571	0.0004222767211836741	0.042227672118367414	2	NM_ge_2	0.02-<0.05%
Soil1_ont	0.111	final_consensus_563_depth_26	26	61571	0.0004222767211836741	0.042227672118367414	28	NM_ge_2	0.02-<0.05%
Soil1_ont	0.111	final_consensus_564_depth_26	26	61571	0.0004222767211836741	0.042227672118367414	0	NM_0	0.02-<0.05%
Soil1_ont	0.111	final_consensus_565_depth_25	25	61571	0.0004060353088304559	0.04060353088304559	0	NM_0	0.02-<0.05%
Soil1_ont	0.111	final_consensus_566_depth_25	25	61571	0.0004060353088304559	0.04060353088304559	0	NM_0	0.02-<0.05%
Soil1_ont	0.111	final_consensus_567_depth_25	25	61571	0.0004060353088304559	0.04060353088304559	0	NM_0	0.02-<0.05%
Soil1_ont	0.111	final_consensus_568_depth_25	25	61571	0.0004060353088304559	0.04060353088304559	33	NM_ge_2	0.02-<0.05%
Soil1_ont	0.111	final_consensus_569_depth_25	25	61571	0.0004060353088304559	0.04060353088304559	0	NM_0	0.02-<0.05%
Soil1_ont	0.111	final_consensus_570_depth_24	24	61571	0.00038979389647723765	0.03897938964772377	0	NM_0	0.02-<0.05%
Soil1_ont	0.111	final_consensus_571_depth_24	24	61571	0.00038979389647723765	0.03897938964772377	0	NM_0	0.02-<0.05%
Soil1_ont	0.111	final_consensus_572_depth_24	24	61571	0.00038979389647723765	0.03897938964772377	0	NM_0	0.02-<0.05%
Soil1_ont	0.111	final_consensus_573_depth_24	24	61571	0.00038979389647723765	0.03897938964772377	0	NM_0	0.02-<0.05%
Soil1_ont	0.111	final_consensus_574_depth_24	24	61571	0.00038979389647723765	0.03897938964772377	130	NM_ge_2	0.02-<0.05%
Soil1_ont	0.111	final_consensus_575_depth_24	24	61571	0.00038979389647723765	0.03897938964772377	0	NM_0	0.02-<0.05%
Soil1_ont	0.111	final_consensus_576_depth_23	23	61571	0.00037355248412401944	0.03735524841240194	0	NM_0	0.02-<0.05%
Soil1_ont	0.111	final_consensus_577_depth_23	23	61571	0.00037355248412401944	0.03735524841240194	0	NM_0	0.02-<0.05%
Soil1_ont	0.111	final_consensus_578_depth_23	23	61571	0.00037355248412401944	0.03735524841240194	0	NM_0	0.02-<0.05%
Soil1_ont	0.111	final_consensus_579_depth_23	23	61571	0.00037355248412401944	0.03735524841240194	95	NM_ge_2	0.02-<0.05%
Soil1_ont	0.111	final_consensus_580_depth_23	23	61571	0.00037355248412401944	0.03735524841240194	0	NM_0	0.02-<0.05%
Soil1_ont	0.111	final_consensus_581_depth_22	22	61571	0.0003573110717708012	0.03573110717708012	0	NM_0	0.02-<0.05%
Soil1_ont	0.111	final_consensus_582_depth_22	22	61571	0.0003573110717708012	0.03573110717708012	0	NM_0	0.02-<0.05%
Soil1_ont	0.111	final_consensus_583_depth_22	22	61571	0.0003573110717708012	0.03573110717708012	0	NM_0	0.02-<0.05%
Soil1_ont	0.111	final_consensus_584_depth_22	22	61571	0.0003573110717708012	0.03573110717708012	0	NM_0	0.02-<0.05%
Soil1_ont	0.111	final_consensus_585_depth_22	22	61571	0.0003573110717708012	0.03573110717708012	0	NM_0	0.02-<0.05%
Soil1_ont	0.111	final_consensus_586_depth_22	22	61571	0.0003573110717708012	0.03573110717708012	24	NM_ge_2	0.02-<0.05%
Soil1_ont	0.111	final_consensus_587_depth_21	21	61571	0.0003410696594175829	0.03410696594175829	94	NM_ge_2	0.02-<0.05%
Soil1_ont	0.111	final_consensus_588_depth_21	21	61571	0.0003410696594175829	0.03410696594175829	0	NM_0	0.02-<0.05%
Soil1_ont	0.111	final_consensus_589_depth_21	21	61571	0.0003410696594175829	0.03410696594175829	0	NM_0	0.02-<0.05%
Soil1_ont	0.111	final_consensus_590_depth_20	20	61571	0.0003248282470643647	0.03248282470643647	0	NM_0	0.02-<0.05%
Soil1_ont	0.111	final_consensus_591_depth_20	20	61571	0.0003248282470643647	0.03248282470643647	0	NM_0	0.02-<0.05%
Soil1_ont	0.111	final_consensus_592_depth_20	20	61571	0.0003248282470643647	0.03248282470643647	0	NM_0	0.02-<0.05%
Soil1_ont	0.111	final_consensus_593_depth_20	20	61571	0.0003248282470643647	0.03248282470643647	0	NM_0	0.02-<0.05%
Soil1_ont	0.111	final_consensus_594_depth_20	20	61571	0.0003248282470643647	0.03248282470643647	0	NM_0	0.02-<0.05%
Soil1_ont	0.111	final_consensus_595_depth_20	20	61571	0.0003248282470643647	0.03248282470643647	0	NM_0	0.02-<0.05%
Soil1_ont	0.111	final_consensus_596_depth_20	20	61571	0.0003248282470643647	0.03248282470643647	0	NM_0	0.02-<0.05%
Soil1_ont	0.111	final_consensus_597_depth_19	19	61571	0.00030858683471114646	0.03085868347111465	19	NM_ge_2	0.02-<0.05%
Soil1_ont	0.111	final_consensus_598_depth_19	19	61571	0.00030858683471114646	0.03085868347111465	0	NM_0	0.02-<0.05%
Soil1_ont	0.111	final_consensus_599_depth_19	19	61571	0.00030858683471114646	0.03085868347111465	0	NM_0	0.02-<0.05%
Soil1_ont	0.111	final_consensus_600_depth_18	18	61571	0.00029234542235792826	0.029234542235792825	0	NM_0	0.02-<0.05%
Soil1_ont	0.111	final_consensus_601_depth_18	18	61571	0.00029234542235792826	0.029234542235792825	0	NM_0	0.02-<0.05%
Soil1_ont	0.111	final_consensus_602_depth_17	17	61571	0.00027610401000471	0.027610401000471	0	NM_0	0.02-<0.05%
Soil1_ont	0.111	final_consensus_603_depth_15	15	61571	0.00024362118529827354	0.024362118529827354	168	NM_ge_2	0.02-<0.05%
Soil1_ont	0.111	final_consensus_604_depth_13	13	61571	0.00021113836059183705	0.021113836059183707	188	NM_ge_2	0.02-<0.05%
Soil1_ont	0.037	final_consensus_0_depth_406	406	13008	0.031211562115621157	3.1211562115621154	0	NM_0	>=1%
Soil1_ont	0.037	final_consensus_1_depth_390	390	13008	0.029981549815498155	2.9981549815498156	0	NM_0	>=1%
Soil1_ont	0.037	final_consensus_2_depth_301	301	13008	0.02313960639606396	2.313960639606396	0	NM_0	>=1%
Soil1_ont	0.037	final_consensus_3_depth_284	284	13008	0.02183271832718327	2.183271832718327	0	NM_0	>=1%
Soil1_ont	0.037	final_consensus_4_depth_284	284	13008	0.02183271832718327	2.183271832718327	0	NM_0	>=1%
Soil1_ont	0.037	final_consensus_5_depth_235	235	13008	0.018065805658056582	1.806580565805658	0	NM_0	>=1%
Soil1_ont	0.037	final_consensus_6_depth_206	206	13008	0.01583640836408364	1.583640836408364	0	NM_0	>=1%
Soil1_ont	0.037	final_consensus_7_depth_206	206	13008	0.01583640836408364	1.583640836408364	0	NM_0	>=1%
Soil1_ont	0.037	final_consensus_8_depth_202	202	13008	0.01552890528905289	1.552890528905289	0	NM_0	>=1%
Soil1_ont	0.037	final_consensus_9_depth_199	199	13008	0.015298277982779827	1.5298277982779829	0	NM_0	>=1%
Soil1_ont	0.037	final_consensus_10_depth_182	182	13008	0.013991389913899139	1.399138991389914	0	NM_0	>=1%
Soil1_ont	0.037	final_consensus_11_depth_167	167	13008	0.012838253382533825	1.2838253382533826	0	NM_0	>=1%
Soil1_ont	0.037	final_consensus_12_depth_164	164	13008	0.012607626076260762	1.2607626076260763	0	NM_0	>=1%
Soil1_ont	0.037	final_consensus_13_depth_157	157	13008	0.01206949569495695	1.2069495694956949	0	NM_0	>=1%
Soil1_ont	0.037	final_consensus_14_depth_155	155	13008	0.011915744157441574	1.1915744157441575	0	NM_0	>=1%
Soil1_ont	0.037	final_consensus_15_depth_151	151	13008	0.011608241082410825	1.1608241082410824	0	NM_0	>=1%
Soil1_ont	0.037	final_consensus_16_depth_145	145	13008	0.011146986469864699	1.11469864698647	0	NM_0	>=1%
Soil1_ont	0.037	final_consensus_17_depth_143	143	13008	0.010993234932349324	1.0993234932349323	0	NM_0	>=1%
Soil1_ont	0.037	final_consensus_18_depth_141	141	13008	0.010839483394833949	1.0839483394833949	0	NM_0	>=1%
Soil1_ont	0.037	final_consensus_19_depth_140	140	13008	0.01076260762607626	1.0762607626076262	0	NM_0	>=1%
Soil1_ont	0.037	final_consensus_20_depth_138	138	13008	0.010608856088560886	1.0608856088560885	0	NM_0	>=1%
Soil1_ont	0.037	final_consensus_21_depth_138	138	13008	0.010608856088560886	1.0608856088560885	0	NM_0	>=1%
Soil1_ont	0.037	final_consensus_22_depth_137	137	13008	0.010531980319803198	1.0531980319803198	0	NM_0	>=1%
Soil1_ont	0.037	final_consensus_23_depth_136	136	13008	0.010455104551045511	1.045510455104551	0	NM_0	>=1%
Soil1_ont	0.037	final_consensus_24_depth_134	134	13008	0.010301353013530135	1.0301353013530135	0	NM_0	>=1%
Soil1_ont	0.037	final_consensus_25_depth_133	133	13008	0.010224477244772448	1.0224477244772447	0	NM_0	>=1%
Soil1_ont	0.037	final_consensus_26_depth_121	121	13008	0.009301968019680197	0.9301968019680197	0	NM_0	0.1-<1%
Soil1_ont	0.037	final_consensus_27_depth_119	119	13008	0.009148216482164821	0.9148216482164822	0	NM_0	0.1-<1%
Soil1_ont	0.037	final_consensus_28_depth_116	116	13008	0.00891758917589176	0.8917589175891759	0	NM_0	0.1-<1%
Soil1_ont	0.037	final_consensus_29_depth_115	115	13008	0.008840713407134071	0.8840713407134071	0	NM_0	0.1-<1%
Soil1_ont	0.037	final_consensus_30_depth_113	113	13008	0.008686961869618696	0.8686961869618696	0	NM_0	0.1-<1%
Soil1_ont	0.037	final_consensus_31_depth_112	112	13008	0.008610086100861008	0.8610086100861009	0	NM_0	0.1-<1%
Soil1_ont	0.037	final_consensus_32_depth_111	111	13008	0.008533210332103322	0.8533210332103321	0	NM_0	0.1-<1%
Soil1_ont	0.037	final_consensus_33_depth_108	108	13008	0.008302583025830259	0.8302583025830258	0	NM_0	0.1-<1%
Soil1_ont	0.037	final_consensus_34_depth_105	105	13008	0.008071955719557196	0.8071955719557196	1	NM_1	0.1-<1%
Soil1_ont	0.037	final_consensus_35_depth_105	105	13008	0.008071955719557196	0.8071955719557196	0	NM_0	0.1-<1%
Soil1_ont	0.037	final_consensus_36_depth_105	105	13008	0.008071955719557196	0.8071955719557196	0	NM_0	0.1-<1%
Soil1_ont	0.037	final_consensus_37_depth_102	102	13008	0.007841328413284132	0.7841328413284133	0	NM_0	0.1-<1%
Soil1_ont	0.037	final_consensus_38_depth_100	100	13008	0.007687576875768758	0.7687576875768758	0	NM_0	0.1-<1%
Soil1_ont	0.037	final_consensus_39_depth_99	99	13008	0.00761070110701107	0.761070110701107	0	NM_0	0.1-<1%
Soil1_ont	0.037	final_consensus_40_depth_96	96	13008	0.007380073800738007	0.7380073800738007	0	NM_0	0.1-<1%
Soil1_ont	0.037	final_consensus_41_depth_95	95	13008	0.00730319803198032	0.730319803198032	0	NM_0	0.1-<1%
Soil1_ont	0.037	final_consensus_42_depth_94	94	13008	0.007226322263222632	0.7226322263222632	0	NM_0	0.1-<1%
Soil1_ont	0.037	final_consensus_43_depth_94	94	13008	0.007226322263222632	0.7226322263222632	0	NM_0	0.1-<1%
Soil1_ont	0.037	final_consensus_44_depth_93	93	13008	0.007149446494464945	0.7149446494464945	0	NM_0	0.1-<1%
Soil1_ont	0.037	final_consensus_45_depth_91	91	13008	0.006995694956949569	0.699569495694957	0	NM_0	0.1-<1%
Soil1_ont	0.037	final_consensus_46_depth_90	90	13008	0.006918819188191882	0.6918819188191881	0	NM_0	0.1-<1%
Soil1_ont	0.037	final_consensus_47_depth_88	88	13008	0.006765067650676507	0.6765067650676507	0	NM_0	0.1-<1%
Soil1_ont	0.037	final_consensus_48_depth_86	86	13008	0.006611316113161131	0.6611316113161132	0	NM_0	0.1-<1%
Soil1_ont	0.037	final_consensus_49_depth_86	86	13008	0.006611316113161131	0.6611316113161132	0	NM_0	0.1-<1%
Soil1_ont	0.037	final_consensus_50_depth_85	85	13008	0.006534440344403444	0.6534440344403444	0	NM_0	0.1-<1%
Soil1_ont	0.037	final_consensus_51_depth_81	81	13008	0.0062269372693726935	0.6226937269372693	0	NM_0	0.1-<1%
Soil1_ont	0.037	final_consensus_52_depth_80	80	13008	0.006150061500615006	0.6150061500615006	0	NM_0	0.1-<1%
Soil1_ont	0.037	final_consensus_53_depth_80	80	13008	0.006150061500615006	0.6150061500615006	0	NM_0	0.1-<1%
Soil1_ont	0.037	final_consensus_54_depth_80	80	13008	0.006150061500615006	0.6150061500615006	0	NM_0	0.1-<1%
Soil1_ont	0.037	final_consensus_55_depth_79	79	13008	0.006073185731857319	0.6073185731857319	0	NM_0	0.1-<1%
Soil1_ont	0.037	final_consensus_56_depth_79	79	13008	0.006073185731857319	0.6073185731857319	0	NM_0	0.1-<1%
Soil1_ont	0.037	final_consensus_57_depth_78	78	13008	0.005996309963099631	0.5996309963099631	0	NM_0	0.1-<1%
Soil1_ont	0.037	final_consensus_58_depth_78	78	13008	0.005996309963099631	0.5996309963099631	0	NM_0	0.1-<1%
Soil1_ont	0.037	final_consensus_59_depth_77	77	13008	0.005919434194341943	0.5919434194341944	0	NM_0	0.1-<1%
Soil1_ont	0.037	final_consensus_60_depth_75	75	13008	0.005765682656826568	0.5765682656826568	0	NM_0	0.1-<1%
Soil1_ont	0.037	final_consensus_61_depth_75	75	13008	0.005765682656826568	0.5765682656826568	0	NM_0	0.1-<1%
Soil1_ont	0.037	final_consensus_62_depth_73	73	13008	0.005611931119311193	0.5611931119311193	0	NM_0	0.1-<1%
Soil1_ont	0.037	final_consensus_63_depth_73	73	13008	0.005611931119311193	0.5611931119311193	0	NM_0	0.1-<1%
Soil1_ont	0.037	final_consensus_64_depth_72	72	13008	0.005535055350553505	0.5535055350553506	0	NM_0	0.1-<1%
Soil1_ont	0.037	final_consensus_65_depth_72	72	13008	0.005535055350553505	0.5535055350553506	0	NM_0	0.1-<1%
Soil1_ont	0.037	final_consensus_66_depth_71	71	13008	0.005458179581795818	0.5458179581795818	0	NM_0	0.1-<1%
Soil1_ont	0.037	final_consensus_67_depth_71	71	13008	0.005458179581795818	0.5458179581795818	0	NM_0	0.1-<1%
Soil1_ont	0.037	final_consensus_68_depth_71	71	13008	0.005458179581795818	0.5458179581795818	0	NM_0	0.1-<1%
Soil1_ont	0.037	final_consensus_69_depth_70	70	13008	0.00538130381303813	0.5381303813038131	0	NM_0	0.1-<1%
Soil1_ont	0.037	final_consensus_70_depth_69	69	13008	0.005304428044280443	0.5304428044280443	0	NM_0	0.1-<1%
Soil1_ont	0.037	final_consensus_71_depth_69	69	13008	0.005304428044280443	0.5304428044280443	0	NM_0	0.1-<1%
Soil1_ont	0.037	final_consensus_72_depth_68	68	13008	0.0052275522755227555	0.5227552275522755	0	NM_0	0.1-<1%
Soil1_ont	0.037	final_consensus_73_depth_68	68	13008	0.0052275522755227555	0.5227552275522755	0	NM_0	0.1-<1%
Soil1_ont	0.037	final_consensus_74_depth_68	68	13008	0.0052275522755227555	0.5227552275522755	0	NM_0	0.1-<1%
Soil1_ont	0.037	final_consensus_75_depth_67	67	13008	0.005150676506765067	0.5150676506765067	0	NM_0	0.1-<1%
Soil1_ont	0.037	final_consensus_76_depth_67	67	13008	0.005150676506765067	0.5150676506765067	0	NM_0	0.1-<1%
Soil1_ont	0.037	final_consensus_77_depth_67	67	13008	0.005150676506765067	0.5150676506765067	0	NM_0	0.1-<1%
Soil1_ont	0.037	final_consensus_78_depth_66	66	13008	0.00507380073800738	0.507380073800738	0	NM_0	0.1-<1%
Soil1_ont	0.037	final_consensus_79_depth_66	66	13008	0.00507380073800738	0.507380073800738	0	NM_0	0.1-<1%
Soil1_ont	0.037	final_consensus_80_depth_66	66	13008	0.00507380073800738	0.507380073800738	0	NM_0	0.1-<1%
Soil1_ont	0.037	final_consensus_81_depth_65	65	13008	0.0049969249692496925	0.49969249692496925	0	NM_0	0.1-<1%
Soil1_ont	0.037	final_consensus_82_depth_65	65	13008	0.0049969249692496925	0.49969249692496925	0	NM_0	0.1-<1%
Soil1_ont	0.037	final_consensus_83_depth_64	64	13008	0.004920049200492005	0.4920049200492005	0	NM_0	0.1-<1%
Soil1_ont	0.037	final_consensus_84_depth_64	64	13008	0.004920049200492005	0.4920049200492005	0	NM_0	0.1-<1%
Soil1_ont	0.037	final_consensus_85_depth_63	63	13008	0.004843173431734318	0.4843173431734317	0	NM_0	0.1-<1%
Soil1_ont	0.037	final_consensus_86_depth_63	63	13008	0.004843173431734318	0.4843173431734317	0	NM_0	0.1-<1%
Soil1_ont	0.037	final_consensus_87_depth_62	62	13008	0.004766297662976629	0.47662976629766296	0	NM_0	0.1-<1%
Soil1_ont	0.037	final_consensus_88_depth_61	61	13008	0.004689421894218942	0.4689421894218942	0	NM_0	0.1-<1%
Soil1_ont	0.037	final_consensus_89_depth_58	58	13008	0.00445879458794588	0.44587945879458796	0	NM_0	0.1-<1%
Soil1_ont	0.037	final_consensus_90_depth_58	58	13008	0.00445879458794588	0.44587945879458796	0	NM_0	0.1-<1%
Soil1_ont	0.037	final_consensus_91_depth_58	58	13008	0.00445879458794588	0.44587945879458796	0	NM_0	0.1-<1%
Soil1_ont	0.037	final_consensus_92_depth_56	56	13008	0.004305043050430504	0.43050430504305043	0	NM_0	0.1-<1%
Soil1_ont	0.037	final_consensus_93_depth_56	56	13008	0.004305043050430504	0.43050430504305043	0	NM_0	0.1-<1%
Soil1_ont	0.037	final_consensus_94_depth_55	55	13008	0.004228167281672817	0.42281672816728166	0	NM_0	0.1-<1%
Soil1_ont	0.037	final_consensus_95_depth_55	55	13008	0.004228167281672817	0.42281672816728166	0	NM_0	0.1-<1%
Soil1_ont	0.037	final_consensus_96_depth_55	55	13008	0.004228167281672817	0.42281672816728166	0	NM_0	0.1-<1%
Soil1_ont	0.037	final_consensus_97_depth_55	55	13008	0.004228167281672817	0.42281672816728166	0	NM_0	0.1-<1%
Soil1_ont	0.037	final_consensus_98_depth_55	55	13008	0.004228167281672817	0.42281672816728166	0	NM_0	0.1-<1%
Soil1_ont	0.037	final_consensus_99_depth_54	54	13008	0.004151291512915129	0.4151291512915129	0	NM_0	0.1-<1%
Soil1_ont	0.037	final_consensus_100_depth_53	53	13008	0.004074415744157442	0.40744157441574413	0	NM_0	0.1-<1%
Soil1_ont	0.037	final_consensus_101_depth_53	53	13008	0.004074415744157442	0.40744157441574413	0	NM_0	0.1-<1%
Soil1_ont	0.037	final_consensus_102_depth_52	52	13008	0.003997539975399754	0.3997539975399754	0	NM_0	0.1-<1%
Soil1_ont	0.037	final_consensus_103_depth_51	51	13008	0.003920664206642066	0.39206642066420666	0	NM_0	0.1-<1%
Soil1_ont	0.037	final_consensus_104_depth_49	49	13008	0.0037669126691266914	0.37669126691266913	0	NM_0	0.1-<1%
Soil1_ont	0.037	final_consensus_105_depth_49	49	13008	0.0037669126691266914	0.37669126691266913	0	NM_0	0.1-<1%
Soil1_ont	0.037	final_consensus_106_depth_45	45	13008	0.003459409594095941	0.3459409594095941	0	NM_0	0.1-<1%
Soil1_ont	0.037	final_consensus_107_depth_44	44	13008	0.0033825338253382535	0.33825338253382536	0	NM_0	0.1-<1%
Soil1_ont	0.037	final_consensus_108_depth_44	44	13008	0.0033825338253382535	0.33825338253382536	0	NM_0	0.1-<1%
Soil1_ont	0.037	final_consensus_109_depth_42	42	13008	0.0032287822878228783	0.32287822878228783	0	NM_0	0.1-<1%
Soil1_ont	0.037	final_consensus_110_depth_41	41	13008	0.0031519065190651905	0.31519065190651907	0	NM_0	0.1-<1%
Soil1_ont	0.037	final_consensus_111_depth_40	40	13008	0.003075030750307503	0.3075030750307503	0	NM_0	0.1-<1%
Soil1_ont	0.037	final_consensus_112_depth_40	40	13008	0.003075030750307503	0.3075030750307503	0	NM_0	0.1-<1%
Soil1_ont	0.037	final_consensus_113_depth_39	39	13008	0.0029981549815498157	0.29981549815498154	0	NM_0	0.1-<1%
Soil1_ont	0.037	final_consensus_114_depth_39	39	13008	0.0029981549815498157	0.29981549815498154	0	NM_0	0.1-<1%
Soil1_ont	0.037	final_consensus_115_depth_39	39	13008	0.0029981549815498157	0.29981549815498154	0	NM_0	0.1-<1%
Soil1_ont	0.037	final_consensus_116_depth_39	39	13008	0.0029981549815498157	0.29981549815498154	0	NM_0	0.1-<1%
Soil1_ont	0.037	final_consensus_117_depth_39	39	13008	0.0029981549815498157	0.29981549815498154	0	NM_0	0.1-<1%
Soil1_ont	0.037	final_consensus_118_depth_39	39	13008	0.0029981549815498157	0.29981549815498154	0	NM_0	0.1-<1%
Soil1_ont	0.037	final_consensus_119_depth_38	38	13008	0.002921279212792128	0.2921279212792128	0	NM_0	0.1-<1%
Soil1_ont	0.037	final_consensus_120_depth_37	37	13008	0.0028444034440344404	0.284440344403444	0	NM_0	0.1-<1%
Soil1_ont	0.037	final_consensus_121_depth_37	37	13008	0.0028444034440344404	0.284440344403444	0	NM_0	0.1-<1%
Soil1_ont	0.037	final_consensus_122_depth_36	36	13008	0.0027675276752767526	0.2767527675276753	0	NM_0	0.1-<1%
Soil1_ont	0.037	final_consensus_123_depth_35	35	13008	0.002690651906519065	0.26906519065190654	0	NM_0	0.1-<1%
Soil1_ont	0.037	final_consensus_124_depth_34	34	13008	0.0026137761377613778	0.2613776137761378	0	NM_0	0.1-<1%
Soil1_ont	0.037	final_consensus_125_depth_34	34	13008	0.0026137761377613778	0.2613776137761378	0	NM_0	0.1-<1%
Soil1_ont	0.037	final_consensus_126_depth_33	33	13008	0.00253690036900369	0.253690036900369	0	NM_0	0.1-<1%
Soil1_ont	0.037	final_consensus_127_depth_33	33	13008	0.00253690036900369	0.253690036900369	0	NM_0	0.1-<1%
Soil1_ont	0.037	final_consensus_128_depth_33	33	13008	0.00253690036900369	0.253690036900369	0	NM_0	0.1-<1%
Soil1_ont	0.037	final_consensus_129_depth_33	33	13008	0.00253690036900369	0.253690036900369	0	NM_0	0.1-<1%
Soil1_ont	0.037	final_consensus_130_depth_33	33	13008	0.00253690036900369	0.253690036900369	0	NM_0	0.1-<1%
Soil1_ont	0.037	final_consensus_131_depth_32	32	13008	0.0024600246002460025	0.24600246002460024	0	NM_0	0.1-<1%
Soil1_ont	0.037	final_consensus_132_depth_31	31	13008	0.0023831488314883147	0.23831488314883148	0	NM_0	0.1-<1%
Soil1_ont	0.037	final_consensus_133_depth_31	31	13008	0.0023831488314883147	0.23831488314883148	0	NM_0	0.1-<1%
Soil1_ont	0.037	final_consensus_134_depth_31	31	13008	0.0023831488314883147	0.23831488314883148	0	NM_0	0.1-<1%
Soil1_ont	0.037	final_consensus_135_depth_31	31	13008	0.0023831488314883147	0.23831488314883148	0	NM_0	0.1-<1%
Soil1_ont	0.037	final_consensus_136_depth_30	30	13008	0.0023062730627306273	0.23062730627306274	0	NM_0	0.1-<1%
Soil1_ont	0.037	final_consensus_137_depth_30	30	13008	0.0023062730627306273	0.23062730627306274	0	NM_0	0.1-<1%
Soil1_ont	0.037	final_consensus_138_depth_29	29	13008	0.00222939729397294	0.22293972939729398	0	NM_0	0.1-<1%
Soil1_ont	0.037	final_consensus_139_depth_29	29	13008	0.00222939729397294	0.22293972939729398	0	NM_0	0.1-<1%
Soil1_ont	0.037	final_consensus_140_depth_28	28	13008	0.002152521525215252	0.21525215252152521	0	NM_0	0.1-<1%
Soil1_ont	0.037	final_consensus_141_depth_28	28	13008	0.002152521525215252	0.21525215252152521	0	NM_0	0.1-<1%
Soil1_ont	0.037	final_consensus_142_depth_28	28	13008	0.002152521525215252	0.21525215252152521	0	NM_0	0.1-<1%
Soil1_ont	0.037	final_consensus_143_depth_28	28	13008	0.002152521525215252	0.21525215252152521	0	NM_0	0.1-<1%
Soil1_ont	0.037	final_consensus_144_depth_27	27	13008	0.0020756457564575647	0.20756457564575645	0	NM_0	0.1-<1%
Soil1_ont	0.037	final_consensus_145_depth_26	26	13008	0.001998769987699877	0.1998769987699877	0	NM_0	0.1-<1%
Soil1_ont	0.037	final_consensus_146_depth_26	26	13008	0.001998769987699877	0.1998769987699877	0	NM_0	0.1-<1%
Soil1_ont	0.037	final_consensus_147_depth_25	25	13008	0.0019218942189421894	0.19218942189421895	0	NM_0	0.1-<1%
Soil1_ont	0.037	final_consensus_148_depth_25	25	13008	0.0019218942189421894	0.19218942189421895	0	NM_0	0.1-<1%
Soil1_ont	0.037	final_consensus_149_depth_25	25	13008	0.0019218942189421894	0.19218942189421895	0	NM_0	0.1-<1%
Soil1_ont	0.037	final_consensus_150_depth_24	24	13008	0.0018450184501845018	0.18450184501845018	0	NM_0	0.1-<1%
Soil1_ont	0.037	final_consensus_151_depth_24	24	13008	0.0018450184501845018	0.18450184501845018	0	NM_0	0.1-<1%
Soil1_ont	0.037	final_consensus_152_depth_24	24	13008	0.0018450184501845018	0.18450184501845018	0	NM_0	0.1-<1%
Soil1_ont	0.037	final_consensus_153_depth_23	23	13008	0.0017681426814268142	0.17681426814268142	0	NM_0	0.1-<1%
Soil1_ont	0.037	final_consensus_154_depth_22	22	13008	0.0016912669126691268	0.16912669126691268	0	NM_0	0.1-<1%
Soil1_ont	0.037	final_consensus_155_depth_22	22	13008	0.0016912669126691268	0.16912669126691268	0	NM_0	0.1-<1%
Soil1_ont	0.037	final_consensus_156_depth_21	21	13008	0.0016143911439114391	0.16143911439114392	0	NM_0	0.1-<1%
Soil1_ont	0.037	final_consensus_157_depth_20	20	13008	0.0015375153751537515	0.15375153751537515	0	NM_0	0.1-<1%
Soil1_ont	0.037	final_consensus_158_depth_20	20	13008	0.0015375153751537515	0.15375153751537515	0	NM_0	0.1-<1%
Soil1_ont	0.037	final_consensus_159_depth_20	20	13008	0.0015375153751537515	0.15375153751537515	0	NM_0	0.1-<1%
Soil1_ont	0.037	final_consensus_160_depth_20	20	13008	0.0015375153751537515	0.15375153751537515	0	NM_0	0.1-<1%
Soil1_ont	0.037	final_consensus_161_depth_19	19	13008	0.001460639606396064	0.1460639606396064	0	NM_0	0.1-<1%
Soil1_ont	0.037	final_consensus_162_depth_19	19	13008	0.001460639606396064	0.1460639606396064	0	NM_0	0.1-<1%
Soil1_ont	0.037	final_consensus_163_depth_19	19	13008	0.001460639606396064	0.1460639606396064	0	NM_0	0.1-<1%
Soil1_ont	0.037	final_consensus_164_depth_17	17	13008	0.0013068880688806889	0.1306888068880689	0	NM_0	0.1-<1%
Soil1_ont	0.012	final_consensus_0_depth_173	173	2150	0.08046511627906977	8.046511627906977	0	NM_0	>=1%
Soil1_ont	0.012	final_consensus_1_depth_153	153	2150	0.07116279069767442	7.116279069767442	0	NM_0	>=1%
Soil1_ont	0.012	final_consensus_2_depth_134	134	2150	0.062325581395348835	6.232558139534884	0	NM_0	>=1%
Soil1_ont	0.012	final_consensus_3_depth_134	134	2150	0.062325581395348835	6.232558139534884	0	NM_0	>=1%
Soil1_ont	0.012	final_consensus_4_depth_128	128	2150	0.059534883720930236	5.953488372093023	0	NM_0	>=1%
Soil1_ont	0.012	final_consensus_5_depth_120	120	2150	0.05581395348837209	5.5813953488372094	0	NM_0	>=1%
Soil1_ont	0.012	final_consensus_6_depth_108	108	2150	0.05023255813953489	5.023255813953488	0	NM_0	>=1%
Soil1_ont	0.012	final_consensus_7_depth_107	107	2150	0.04976744186046512	4.976744186046512	0	NM_0	>=1%
Soil1_ont	0.012	final_consensus_8_depth_84	84	2150	0.03906976744186046	3.9069767441860463	0	NM_0	>=1%
Soil1_ont	0.012	final_consensus_9_depth_77	77	2150	0.035813953488372095	3.5813953488372094	0	NM_0	>=1%
Soil1_ont	0.012	final_consensus_10_depth_75	75	2150	0.03488372093023256	3.488372093023256	0	NM_0	>=1%
Soil1_ont	0.012	final_consensus_11_depth_71	71	2150	0.03302325581395349	3.302325581395349	0	NM_0	>=1%
Soil1_ont	0.012	final_consensus_12_depth_70	70	2150	0.03255813953488372	3.255813953488372	0	NM_0	>=1%
Soil1_ont	0.012	final_consensus_13_depth_68	68	2150	0.03162790697674418	3.1627906976744184	0	NM_0	>=1%
Soil1_ont	0.012	final_consensus_14_depth_65	65	2150	0.030232558139534883	3.0232558139534884	0	NM_0	>=1%
Soil1_ont	0.012	final_consensus_15_depth_63	63	2150	0.02930232558139535	2.9302325581395348	0	NM_0	>=1%
Soil1_ont	0.012	final_consensus_16_depth_62	62	2150	0.02883720930232558	2.883720930232558	0	NM_0	>=1%
Soil1_ont	0.012	final_consensus_17_depth_58	58	2150	0.026976744186046512	2.697674418604651	0	NM_0	>=1%
Soil1_ont	0.012	final_consensus_18_depth_52	52	2150	0.024186046511627906	2.4186046511627906	0	NM_0	>=1%
Soil1_ont	0.012	final_consensus_19_depth_48	48	2150	0.022325581395348838	2.2325581395348837	0	NM_0	>=1%
Soil1_ont	0.012	final_consensus_20_depth_43	43	2150	0.02	2.0	0	NM_0	>=1%
Soil1_ont	0.012	final_consensus_21_depth_42	42	2150	0.01953488372093023	1.9534883720930232	0	NM_0	>=1%
Soil1_ont	0.012	final_consensus_22_depth_41	41	2150	0.019069767441860466	1.9069767441860466	0	NM_0	>=1%
Soil1_ont	0.012	final_consensus_23_depth_40	40	2150	0.018604651162790697	1.8604651162790697	0	NM_0	>=1%
Soil1_ont	0.012	final_consensus_24_depth_38	38	2150	0.017674418604651163	1.7674418604651163	0	NM_0	>=1%
Soil1_ont	0.012	final_consensus_25_depth_29	29	2150	0.013488372093023256	1.3488372093023255	0	NM_0	>=1%
Soil1_ont	0.012	final_consensus_26_depth_25	25	2150	0.011627906976744186	1.1627906976744187	0	NM_0	>=1%
Soil1_ont	0.012	final_consensus_27_depth_24	24	2150	0.011162790697674419	1.1162790697674418	0	NM_0	>=1%
Soil1_ont	0.012	final_consensus_28_depth_18	18	2150	0.008372093023255815	0.8372093023255814	0	NM_0	0.1-<1%
Soil1_ont	0.004	final_consensus_0_depth_59	59	139	0.4244604316546763	42.44604316546763	0	NM_0	>=1%
Soil1_ont	0.004	final_consensus_1_depth_48	48	139	0.34532374100719426	34.53237410071942	0	NM_0	>=1%
Soil1_ont	0.004	final_consensus_2_depth_32	32	139	0.2302158273381295	23.02158273381295	0	NM_0	>=1%
