tax_id	abundance	species	genus	family	order	class	phylum	clade	superkingdom
821	0.05255621882235516	Phocaeicola vulgatus	Phocaeicola		Bacteroidales	Bacteroidia	Bacteroidetes	FCB group	Bacteria
853	0.046682130992694075	Faecalibacterium prausnitzii	Faecalibacterium	Ruminococcaceae	Clostridiales	Clostridia	Firmicutes	Terrabacteria group	Bacteria
39491	0.03415859715859073	[Eubacterium] rectale		Lachnospiraceae	Clostridiales	Clostridia	Firmicutes	Terrabacteria group	Bacteria
1150298	0.0331786900730593	Fusicatenibacter saccharivorans	Fusicatenibacter	Lachnospiraceae	Clostridiales	Clostridia	Firmicutes	Terrabacteria group	Bacteria
357276	0.024481613087703292	Phocaeicola dorei	Phocaeicola		Bacteroidales	Bacteroidia	Bacteroidetes	FCB group	Bacteria
39492	0.024137842405238166	UNCLASSIFIED-(final_consensus_2_depth_22539)		Ruminococcaceae	Clostridiales	Clostridia	Firmicutes	Terrabacteria group	Bacteria
649756	0.022505734866057944	Anaerostipes hadrus	Anaerostipes	Lachnospiraceae	Clostridiales	Clostridia	Firmicutes	Terrabacteria group	Bacteria
39485	0.021537608084287004	Lachnospira eligens	Lachnospira	Lachnospiraceae	Clostridiales	Clostridia	Firmicutes	Terrabacteria group	Bacteria
871665	0.02038528018917026	Blautia faecis	Blautia	Lachnospiraceae	Clostridiales	Clostridia	Firmicutes	Terrabacteria group	Bacteria
418240	0.016875820605250585	Blautia wexlerae	Blautia	Lachnospiraceae	Clostridiales	Clostridia	Firmicutes	Terrabacteria group	Bacteria
437897	0.013550562134676716	Megamonas funiformis	Megamonas	Selenomonadaceae	Selenomonadales	Negativicutes	Firmicutes	Terrabacteria group	Bacteria
301302	0.013004384414872313	Roseburia faecis	Roseburia	Lachnospiraceae	Clostridiales	Clostridia	Firmicutes	Terrabacteria group	Bacteria
40518	0.01256744223902879	UNCLASSIFIED-(final_consensus_3_depth_11735)	Ruminococcus	Ruminococcaceae	Clostridiales	Clostridia	Firmicutes	Terrabacteria group	Bacteria
39492	0.01213692568341826	UNCLASSIFIED-(final_consensus_4_depth_11333)		Ruminococcaceae	Clostridiales	Clostridia	Firmicutes	Terrabacteria group	Bacteria
88431	0.01160359920407984	Dorea longicatena	Dorea	Lachnospiraceae	Clostridiales	Clostridia	Firmicutes	Terrabacteria group	Bacteria
592978	0.011350858141582116	[Ruminococcus] faecis	Mediterraneibacter	Lachnospiraceae	Clostridiales	Clostridia	Firmicutes	Terrabacteria group	Bacteria
1160721	0.011347645331465619	Ruminococcus bicirculans	Ruminococcus	Ruminococcaceae	Clostridiales	Clostridia	Firmicutes	Terrabacteria group	Bacteria
2109692	0.01064189804254189	Erysipelotrichaceae bacterium GAM147		Erysipelotrichaceae	Erysipelotrichales	Erysipelotrichia	Firmicutes	Terrabacteria group	Bacteria
820	0.009967207918077625	Bacteroides uniformis	Bacteroides	Bacteroidaceae	Bacteroidales	Bacteroidia	Bacteroidetes	FCB group	Bacteria
1981510	0.008477534960728752	UNCLASSIFIED-(final_consensus_8_depth_7916)	UNCLASSIFIED-(final_consensus_8_depth_7916)		Clostridiales	Clostridia	Firmicutes	Terrabacteria group	Bacteria
214851	0.00818516924012757	UNCLASSIFIED-(final_consensus_9_depth_7643)	Subdoligranulum	Ruminococcaceae	Clostridiales	Clostridia	Firmicutes	Terrabacteria group	Bacteria
39488	0.007962414405383814	Anaerobutyricum hallii	Anaerobutyricum	Lachnospiraceae	Clostridiales	Clostridia	Firmicutes	Terrabacteria group	Bacteria
853	0.007861746355066923	UNCLASSIFIED-(final_consensus_11_depth_7341)	Faecalibacterium	Ruminococcaceae	Clostridiales	Clostridia	Firmicutes	Terrabacteria group	Bacteria
40518	0.007202049344479642	UNCLASSIFIED-(final_consensus_13_depth_6725)	Ruminococcus	Ruminococcaceae	Clostridiales	Clostridia	Firmicutes	Terrabacteria group	Bacteria
204516	0.006916109244111453	Phocaeicola massiliensis	Phocaeicola		Bacteroidales	Bacteroidia	Bacteroidetes	FCB group	Bacteria
1161942	0.00661731790327728	UNCLASSIFIED-(final_consensus_15_depth_6179)	Ruminococcus	Ruminococcaceae	Clostridiales	Clostridia	Firmicutes	Terrabacteria group	Bacteria
1673717	0.00591157061435355	UNCLASSIFIED-(final_consensus_18_depth_5520)	UNCLASSIFIED-(final_consensus_18_depth_5520)	Ruminococcaceae	Clostridiales	Clostridia	Firmicutes	Terrabacteria group	Bacteria
1628085	0.005606353653286384	Agathobaculum butyriciproducens	Agathobaculum	Ruminococcaceae	Clostridiales	Clostridia	Firmicutes	Terrabacteria group	Bacteria
246787	0.005560303374949934	Bacteroides cellulosilyticus	Bacteroides	Bacteroidaceae	Bacteroidales	Bacteroidia	Bacteroidetes	FCB group	Bacteria
166486	0.005418939729824088	Roseburia intestinalis	Roseburia	Lachnospiraceae	Clostridiales	Clostridia	Firmicutes	Terrabacteria group	Bacteria
214851	0.005364321957843647	UNCLASSIFIED-(final_consensus_21_depth_5009)	Subdoligranulum	Ruminococcaceae	Clostridiales	Clostridia	Firmicutes	Terrabacteria group	Bacteria
239935	0.0053011366922192165	Akkermansia muciniphila	Akkermansia	Akkermansiaceae	Verrucomicrobiales	Verrucomicrobiae	Verrucomicrobia	PVC group	Bacteria
28116	0.005174766160970354	Bacteroides ovatus	Bacteroides	Bacteroidaceae	Bacteroidales	Bacteroidia	Bacteroidetes	FCB group	Bacteria
410072	0.005106226211818429	Coprococcus comes	Coprococcus	Lachnospiraceae	Clostridiales	Clostridia	Firmicutes	Terrabacteria group	Bacteria
39485	0.004948798516110101	UNCLASSIFIED-(final_consensus_23_depth_4621)	UNCLASSIFIED-(final_consensus_23_depth_4621)	Lachnospiraceae	Clostridiales	Clostridia	Firmicutes	Terrabacteria group	Bacteria
46506	0.004909173858006644	Bacteroides stercoris	Bacteroides	Bacteroidaceae	Bacteroidales	Bacteroidia	Bacteroidetes	FCB group	Bacteria
214851	0.004551480998370034	UNCLASSIFIED-(final_consensus_26_depth_4250)	Subdoligranulum	Ruminococcaceae	Clostridiales	Clostridia	Firmicutes	Terrabacteria group	Bacteria
1161942	0.004493650416273098	UNCLASSIFIED-(final_consensus_28_depth_4196)	UNCLASSIFIED-(final_consensus_28_depth_4196)	Ruminococcaceae	Clostridiales	Clostridia	Firmicutes	Terrabacteria group	Bacteria
674529	0.004342648340797763	Bacteroides faecis	Bacteroides	Bacteroidaceae	Bacteroidales	Bacteroidia	Bacteroidetes	FCB group	Bacteria
290055	0.004341577404092263	UNCLASSIFIED-(final_consensus_32_depth_4054)	Faecalicatena	Lachnospiraceae	Clostridiales	Clostridia	Firmicutes	Terrabacteria group	Bacteria
48256	0.0042323418601313825	UNCLASSIFIED-(final_consensus_34_depth_3952)	UNCLASSIFIED-(final_consensus_34_depth_3952)	Hungateiclostridiaceae	Clostridiales	Clostridia	Firmicutes	Terrabacteria group	Bacteria
301301	0.004222703429781893	Roseburia hominis	Roseburia	Lachnospiraceae	Clostridiales	Clostridia	Firmicutes	Terrabacteria group	Bacteria
2109691	0.004056708240429574	Lachnospiraceae bacterium GAM79		Lachnospiraceae	Clostridiales	Clostridia	Firmicutes	Terrabacteria group	Bacteria
40518	0.004052424493607579	UNCLASSIFIED-(final_consensus_37_depth_3784)	Ruminococcus	Ruminococcaceae	Clostridiales	Clostridia	Firmicutes	Terrabacteria group	Bacteria
39485	0.004008516088682127	UNCLASSIFIED-(final_consensus_38_depth_3743)	UNCLASSIFIED-(final_consensus_38_depth_3743)	Lachnospiraceae	Clostridiales	Clostridia	Firmicutes	Terrabacteria group	Bacteria
40518	0.003965678620462173	UNCLASSIFIED-(final_consensus_39_depth_3703)	Ruminococcus	Ruminococcaceae	Clostridiales	Clostridia	Firmicutes	Terrabacteria group	Bacteria
371601	0.003909989911776234	Bacteroides xylanisolvens	Bacteroides	Bacteroidaceae	Bacteroidales	Bacteroidia	Bacteroidetes	FCB group	Bacteria
40520	0.0038778618106112693	UNCLASSIFIED-(final_consensus_41_depth_3621)	Blautia	Lachnospiraceae	Clostridiales	Clostridia	Firmicutes	Terrabacteria group	Bacteria
39485	0.0038617977600287866	UNCLASSIFIED-(final_consensus_42_depth_3606)	UNCLASSIFIED-(final_consensus_42_depth_3606)	Lachnospiraceae	Clostridiales	Clostridia	Firmicutes	Terrabacteria group	Bacteria
823	0.003817889355103335	Parabacteroides distasonis	Parabacteroides	Tannerellaceae	Bacteroidales	Bacteroidia	Bacteroidetes	FCB group	Bacteria
1776391	0.003752562216067906	Romboutsia timonensis	Romboutsia	Peptostreptococcaceae	Clostridiales	Clostridia	Firmicutes	Terrabacteria group	Bacteria
853	0.0037364981654854235	UNCLASSIFIED-(final_consensus_43_depth_3489)	Faecalibacterium	Ruminococcaceae	Clostridiales	Clostridia	Firmicutes	Terrabacteria group	Bacteria
418240	0.003671171026449995	UNCLASSIFIED-(final_consensus_45_depth_3428)	Blautia	Lachnospiraceae	Clostridiales	Clostridia	Firmicutes	Terrabacteria group	Bacteria
853	0.003617624191175053	UNCLASSIFIED-(final_consensus_47_depth_3378)	Faecalibacterium	Ruminococcaceae	Clostridiales	Clostridia	Firmicutes	Terrabacteria group	Bacteria
28026	0.00361119857094206	Bifidobacterium pseudocatenulatum	Bifidobacterium	Bifidobacteriaceae	Bifidobacteriales	Actinobacteria	Actinobacteria	Terrabacteria group	Bacteria
360807	0.003582283279893592	Roseburia inulinivorans	Roseburia	Lachnospiraceae	Clostridiales	Clostridia	Firmicutes	Terrabacteria group	Bacteria
214851	0.0035662192293111094	UNCLASSIFIED-(final_consensus_49_depth_3330)	Subdoligranulum	Ruminococcaceae	Clostridiales	Clostridia	Firmicutes	Terrabacteria group	Bacteria
2025876	0.003563006419194613	Parabacteroides sp. CT06	Parabacteroides	Tannerellaceae	Bacteroidales	Bacteroidia	Bacteroidetes	FCB group	Bacteria
39485	0.0035437295584956337	UNCLASSIFIED-(final_consensus_50_depth_3309)	UNCLASSIFIED-(final_consensus_50_depth_3309)	Lachnospiraceae	Clostridiales	Clostridia	Firmicutes	Terrabacteria group	Bacteria
89014	0.0034998211535701815	UNCLASSIFIED-(final_consensus_51_depth_3268)	Blautia	Lachnospiraceae	Clostridiales	Clostridia	Firmicutes	Terrabacteria group	Bacteria
40518	0.003461267432172224	UNCLASSIFIED-(final_consensus_52_depth_3232)	Ruminococcus	Ruminococcaceae	Clostridiales	Clostridia	Firmicutes	Terrabacteria group	Bacteria
28117	0.003320974723751877	Alistipes putredinis	Alistipes	Rikenellaceae	Bacteroidales	Bacteroidia	Bacteroidetes	FCB group	Bacteria
1981510	0.003295272242819905	UNCLASSIFIED-(final_consensus_56_depth_3077)	UNCLASSIFIED-(final_consensus_56_depth_3077)		Clostridiales	Clostridia	Firmicutes	Terrabacteria group	Bacteria
39485	0.0032920594327034082	UNCLASSIFIED-(final_consensus_57_depth_3074)	UNCLASSIFIED-(final_consensus_57_depth_3074)	Lachnospiraceae	Clostridiales	Clostridia	Firmicutes	Terrabacteria group	Bacteria
853	0.003268498825182434	UNCLASSIFIED-(final_consensus_58_depth_3052)	Faecalibacterium	Ruminococcaceae	Clostridiales	Clostridia	Firmicutes	Terrabacteria group	Bacteria
290054	0.0032663569517714366	UNCLASSIFIED-(final_consensus_59_depth_3050)	Eubacterium	Eubacteriaceae	Clostridiales	Clostridia	Firmicutes	Terrabacteria group	Bacteria
871665	0.0032342288506064716	UNCLASSIFIED-(final_consensus_61_depth_3020)	Blautia	Lachnospiraceae	Clostridiales	Clostridia	Firmicutes	Terrabacteria group	Bacteria
2109691	0.0031689017115710425	UNCLASSIFIED-(final_consensus_62_depth_2959)	UNCLASSIFIED-(final_consensus_62_depth_2959)	Lachnospiraceae	Clostridiales	Clostridia	Firmicutes	Terrabacteria group	Bacteria
40518	0.0031378445471115764	UNCLASSIFIED-(final_consensus_63_depth_2930)	Ruminococcus	Ruminococcaceae	Clostridiales	Clostridia	Firmicutes	Terrabacteria group	Bacteria
853	0.00307037553466515	UNCLASSIFIED-(final_consensus_65_depth_2867)	Faecalibacterium	Ruminococcaceae	Clostridiales	Clostridia	Firmicutes	Terrabacteria group	Bacteria
1981510	0.003065020851137656	UNCLASSIFIED-(final_consensus_66_depth_2862)	UNCLASSIFIED-(final_consensus_66_depth_2862)		Clostridiales	Clostridia	Firmicutes	Terrabacteria group	Bacteria
1805714	0.0030564533574936655	UNCLASSIFIED-(final_consensus_68_depth_2854)	UNCLASSIFIED-(final_consensus_68_depth_2854)	Christensenellaceae	Clostridiales	Clostridia	Firmicutes	Terrabacteria group	Bacteria
487175	0.0030564533574936655	Parasutterella excrementihominis	Parasutterella	Sutterellaceae	Burkholderiales	Betaproteobacteria	Proteobacteria		Bacteria
39485	0.0030350346233836887	UNCLASSIFIED-(final_consensus_70_depth_2834)	UNCLASSIFIED-(final_consensus_70_depth_2834)	Lachnospiraceae	Clostridiales	Clostridia	Firmicutes	Terrabacteria group	Bacteria
1414720	0.003022183382917703	Clostridium saudiense	Clostridium	Clostridiaceae	Clostridiales	Clostridia	Firmicutes	Terrabacteria group	Bacteria
871665	0.0030168286993902086	UNCLASSIFIED-(final_consensus_71_depth_2817)	Blautia	Lachnospiraceae	Clostridiales	Clostridia	Firmicutes	Terrabacteria group	Bacteria
39485	0.002977204041286752	UNCLASSIFIED-(final_consensus_74_depth_2780)	UNCLASSIFIED-(final_consensus_74_depth_2780)	Lachnospiraceae	Clostridiales	Clostridia	Firmicutes	Terrabacteria group	Bacteria
418240	0.0028668975606203724	UNCLASSIFIED-(final_consensus_75_depth_2677)	Blautia	Lachnospiraceae	Clostridiales	Clostridia	Firmicutes	Terrabacteria group	Bacteria
418240	0.002836911332866405	UNCLASSIFIED-(final_consensus_76_depth_2649)	Blautia	Lachnospiraceae	Clostridiales	Clostridia	Firmicutes	Terrabacteria group	Bacteria
40520	0.002741597966077009	UNCLASSIFIED-(final_consensus_77_depth_2560)	Blautia	Lachnospiraceae	Clostridiales	Clostridia	Firmicutes	Terrabacteria group	Bacteria
1469948	0.0026880511308020674	UNCLASSIFIED-(final_consensus_80_depth_2510)	UNCLASSIFIED-(final_consensus_80_depth_2510)	Lachnospiraceae	Clostridiales	Clostridia	Firmicutes	Terrabacteria group	Bacteria
745368	0.002656993966342601	Gemmiger formicilis	Gemmiger	Ruminococcaceae	Clostridiales	Clostridia	Firmicutes	Terrabacteria group	Bacteria
674529	0.0026484264726986105	UNCLASSIFIED-(final_consensus_81_depth_2473)	Bacteroides	Bacteroidaceae	Bacteroidales	Bacteroidia	Bacteroidetes	FCB group	Bacteria
338188	0.002602376194362161	Bacteroides finegoldii	Bacteroides	Bacteroidaceae	Bacteroidales	Bacteroidia	Bacteroidetes	FCB group	Bacteria
351091	0.002594879637423669	UNCLASSIFIED-(final_consensus_83_depth_2423)	UNCLASSIFIED-(final_consensus_83_depth_2423)	Oscillospiraceae	Clostridiales	Clostridia	Firmicutes	Terrabacteria group	Bacteria
2109692	0.002556325916025711	UNCLASSIFIED-(final_consensus_84_depth_2387)		Erysipelotrichaceae	Erysipelotrichales	Erysipelotrichia	Firmicutes	Terrabacteria group	Bacteria
39485	0.0025477584223817205	UNCLASSIFIED-(final_consensus_85_depth_2379)	UNCLASSIFIED-(final_consensus_85_depth_2379)	Lachnospiraceae	Clostridiales	Clostridia	Firmicutes	Terrabacteria group	Bacteria
253257	0.0025327653085047367	UNCLASSIFIED-(final_consensus_86_depth_2365)	UNCLASSIFIED-(final_consensus_86_depth_2365)	Lachnospiraceae	Clostridiales	Clostridia	Firmicutes	Terrabacteria group	Bacteria
214851	0.0025134884478057577	UNCLASSIFIED-(final_consensus_87_depth_2347)	Subdoligranulum	Ruminococcaceae	Clostridiales	Clostridia	Firmicutes	Terrabacteria group	Bacteria
253257	0.0025027790807507695	UNCLASSIFIED-(final_consensus_89_depth_2337)	UNCLASSIFIED-(final_consensus_89_depth_2337)	Lachnospiraceae	Clostridiales	Clostridia	Firmicutes	Terrabacteria group	Bacteria
33038	0.0024888569035792845	[Ruminococcus] gnavus	Mediterraneibacter	Lachnospiraceae	Clostridiales	Clostridia	Firmicutes	Terrabacteria group	Bacteria
328814	0.0024331681948933453	Alistipes shahii	Alistipes	Rikenellaceae	Bacteroidales	Bacteroidia	Bacteroidetes	FCB group	Bacteria
291644	0.0023999691570228817	Bacteroides salyersiae	Bacteroides	Bacteroidaceae	Bacteroidales	Bacteroidia	Bacteroidetes	FCB group	Bacteria
387661	0.002377479486207406	Parabacteroides johnsonii	Parabacteroides	Tannerellaceae	Bacteroidales	Bacteroidia	Bacteroidetes	FCB group	Bacteria
89014	0.0023046557902334855	UNCLASSIFIED-(final_consensus_95_depth_2152)	Blautia	Lachnospiraceae	Clostridiales	Clostridia	Firmicutes	Terrabacteria group	Bacteria
2507162	0.0021675758919296353	UNCLASSIFIED-(final_consensus_101_depth_2024)	UNCLASSIFIED-(final_consensus_101_depth_2024)	Ruminococcaceae	Clostridiales	Clostridia	Firmicutes	Terrabacteria group	Bacteria
2109691	0.0021397315375866655	UNCLASSIFIED-(final_consensus_103_depth_1998)	UNCLASSIFIED-(final_consensus_103_depth_1998)	Lachnospiraceae	Clostridiales	Clostridia	Firmicutes	Terrabacteria group	Bacteria
39485	0.0021215256135931853	UNCLASSIFIED-(final_consensus_105_depth_1981)	Lachnospira	Lachnospiraceae	Clostridiales	Clostridia	Firmicutes	Terrabacteria group	Bacteria
39497	0.0021140290566546934	UNCLASSIFIED-(final_consensus_106_depth_1974)	UNCLASSIFIED-(final_consensus_106_depth_1974)	Eubacteriaceae	Clostridiales	Clostridia	Firmicutes	Terrabacteria group	Bacteria
1796618	0.002096894069366712	UNCLASSIFIED-(final_consensus_107_depth_1958)	UNCLASSIFIED-(final_consensus_107_depth_1958)	Lachnospiraceae	Clostridiales	Clostridia	Firmicutes	Terrabacteria group	Bacteria
853	0.0020893975124282203	UNCLASSIFIED-(final_consensus_108_depth_1951)	Faecalibacterium	Ruminococcaceae	Clostridiales	Clostridia	Firmicutes	Terrabacteria group	Bacteria
2528203	0.002058340347968754	Bacteroides sp. A1C1	Bacteroides	Bacteroidaceae	Bacteroidales	Bacteroidia	Bacteroidetes	FCB group	Bacteria
89014	0.0020165738164543	UNCLASSIFIED-(final_consensus_115_depth_1883)	Blautia	Lachnospiraceae	Clostridiales	Clostridia	Firmicutes	Terrabacteria group	Bacteria
33025	0.0020122900696323046	Phascolarctobacterium faecium	Phascolarctobacterium	Acidaminococcaceae	Acidaminococcales	Negativicutes	Firmicutes	Terrabacteria group	Bacteria
592978	0.002009077259515808	UNCLASSIFIED-(final_consensus_118_depth_1876)	Mediterraneibacter	Lachnospiraceae	Clostridiales	Clostridia	Firmicutes	Terrabacteria group	Bacteria
33025	0.0020015807025773164	UNCLASSIFIED-(final_consensus_120_depth_1869)	Phascolarctobacterium	Acidaminococcaceae	Acidaminococcales	Negativicutes	Firmicutes	Terrabacteria group	Bacteria
28118	0.0019865875887003326	Odoribacter splanchnicus	Odoribacter	Odoribacteraceae	Bacteroidales	Bacteroidia	Bacteroidetes	FCB group	Bacteria
214851	0.0019566013609463653	UNCLASSIFIED-(final_consensus_123_depth_1827)	Subdoligranulum	Ruminococcaceae	Clostridiales	Clostridia	Firmicutes	Terrabacteria group	Bacteria
40520	0.0019405373103638828	UNCLASSIFIED-(final_consensus_126_depth_1812)	Blautia	Lachnospiraceae	Clostridiales	Clostridia	Firmicutes	Terrabacteria group	Bacteria
853	0.0019051963990824215	UNCLASSIFIED-(final_consensus_127_depth_1779)	Faecalibacterium	Ruminococcaceae	Clostridiales	Clostridia	Firmicutes	Terrabacteria group	Bacteria
2109691	0.0018848486016779435	UNCLASSIFIED-(final_consensus_128_depth_1760)	UNCLASSIFIED-(final_consensus_128_depth_1760)	Lachnospiraceae	Clostridiales	Clostridia	Firmicutes	Terrabacteria group	Bacteria
46503	0.001844153006868988	Parabacteroides merdae	Parabacteroides	Tannerellaceae	Bacteroidales	Bacteroidia	Bacteroidetes	FCB group	Bacteria
253257	0.001768116500778571	UNCLASSIFIED-(final_consensus_136_depth_1651)	UNCLASSIFIED-(final_consensus_136_depth_1651)	Lachnospiraceae	Clostridiales	Clostridia	Firmicutes	Terrabacteria group	Bacteria
418240	0.0017317046527916106	UNCLASSIFIED-(final_consensus_137_depth_1617)	Blautia	Lachnospiraceae	Clostridiales	Clostridia	Firmicutes	Terrabacteria group	Bacteria
39485	0.0016717321972836761	UNCLASSIFIED-(final_consensus_143_depth_1561)	UNCLASSIFIED-(final_consensus_143_depth_1561)	Lachnospiraceae	Clostridiales	Clostridia	Firmicutes	Terrabacteria group	Bacteria
853	0.0016588809568176901	UNCLASSIFIED-(final_consensus_146_depth_1549)	Faecalibacterium	Ruminococcaceae	Clostridiales	Clostridia	Firmicutes	Terrabacteria group	Bacteria
40520	0.0016588809568176901	UNCLASSIFIED-(final_consensus_145_depth_1549)	Blautia	Lachnospiraceae	Clostridiales	Clostridia	Firmicutes	Terrabacteria group	Bacteria
626933	0.0016085469316592447	Odoribacter laneus	Odoribacter	Odoribacteraceae	Bacteroidales	Bacteroidia	Bacteroidetes	FCB group	Bacteria
871664	0.0016021213114262522	UNCLASSIFIED-(final_consensus_153_depth_1496)	UNCLASSIFIED-(final_consensus_153_depth_1496)	Lachnospiraceae	Clostridiales	Clostridia	Firmicutes	Terrabacteria group	Bacteria
39497	0.0016021213114262522	UNCLASSIFIED-(final_consensus_154_depth_1496)	UNCLASSIFIED-(final_consensus_154_depth_1496)	Eubacteriaceae	Clostridiales	Clostridia	Firmicutes	Terrabacteria group	Bacteria
823	0.0015732060203777836	UNCLASSIFIED-(final_consensus_156_depth_1469)	Parabacteroides	Tannerellaceae	Bacteroidales	Bacteroidia	Bacteroidetes	FCB group	Bacteria
40520	0.0015271557420413339	UNCLASSIFIED-(final_consensus_160_depth_1426)	Blautia	Lachnospiraceae	Clostridiales	Clostridia	Firmicutes	Terrabacteria group	Bacteria
418240	0.0015175173116918443	UNCLASSIFIED-(final_consensus_161_depth_1417)	Blautia	Lachnospiraceae	Clostridiales	Clostridia	Firmicutes	Terrabacteria group	Bacteria
2479767	0.0015068079446368561	UNCLASSIFIED-(final_consensus_162_depth_1407)	UNCLASSIFIED-(final_consensus_162_depth_1407)	Lachnospiraceae	Clostridiales	Clostridia	Firmicutes	Terrabacteria group	Bacteria
29375	0.0014896729573488747	UNCLASSIFIED-(final_consensus_163_depth_1391)	UNCLASSIFIED-(final_consensus_163_depth_1391)	Lachnospiraceae	Clostridiales	Clostridia	Firmicutes	Terrabacteria group	Bacteria
418240	0.001474679843471891	UNCLASSIFIED-(final_consensus_164_depth_1377)	Blautia	Lachnospiraceae	Clostridiales	Clostridia	Firmicutes	Terrabacteria group	Bacteria
89014	0.001468254223238898	UNCLASSIFIED-(final_consensus_165_depth_1371)	Blautia	Lachnospiraceae	Clostridiales	Clostridia	Firmicutes	Terrabacteria group	Bacteria
39497	0.0014639704764169029	UNCLASSIFIED-(final_consensus_167_depth_1367)	UNCLASSIFIED-(final_consensus_167_depth_1367)	Eubacteriaceae	Clostridiales	Clostridia	Firmicutes	Terrabacteria group	Bacteria
853	0.0014639704764169029	UNCLASSIFIED-(final_consensus_166_depth_1367)	Faecalibacterium	Ruminococcaceae	Clostridiales	Clostridia	Firmicutes	Terrabacteria group	Bacteria
1912855	0.001456473919478411	UNCLASSIFIED-(final_consensus_168_depth_1360)	Faecalimonas	Lachnospiraceae	Clostridiales	Clostridia	Firmicutes	Terrabacteria group	Bacteria
89014	0.001450048299245418	UNCLASSIFIED-(final_consensus_169_depth_1354)	Blautia	Lachnospiraceae	Clostridiales	Clostridia	Firmicutes	Terrabacteria group	Bacteria
1981510	0.0014446936157179238	Monoglobus pectinilyticus	Monoglobus		Clostridiales	Clostridia	Firmicutes	Terrabacteria group	Bacteria
418240	0.0014232748816079472	UNCLASSIFIED-(final_consensus_172_depth_1329)	Blautia	Lachnospiraceae	Clostridiales	Clostridia	Firmicutes	Terrabacteria group	Bacteria
2109691	0.0014093527044364625	UNCLASSIFIED-(final_consensus_174_depth_1316)	UNCLASSIFIED-(final_consensus_174_depth_1316)	Lachnospiraceae	Clostridiales	Clostridia	Firmicutes	Terrabacteria group	Bacteria
84030	0.001386863033620987	UNCLASSIFIED-(final_consensus_176_depth_1295)	UNCLASSIFIED-(final_consensus_176_depth_1295)	Lachnospiraceae	Clostridiales	Clostridia	Firmicutes	Terrabacteria group	Bacteria
418240	0.0013718699197440034	UNCLASSIFIED-(final_consensus_179_depth_1281)	Blautia	Lachnospiraceae	Clostridiales	Clostridia	Firmicutes	Terrabacteria group	Bacteria
301301	0.0013515221223395254	UNCLASSIFIED-(final_consensus_181_depth_1262)	Roseburia	Lachnospiraceae	Clostridiales	Clostridia	Firmicutes	Terrabacteria group	Bacteria
2093857	0.0013461674388120313	UNCLASSIFIED-(final_consensus_182_depth_1257)	UNCLASSIFIED-(final_consensus_182_depth_1257)	Oscillospiraceae	Clostridiales	Clostridia	Firmicutes	Terrabacteria group	Bacteria
40520	0.0013461674388120313	UNCLASSIFIED-(final_consensus_183_depth_1257)	Blautia	Lachnospiraceae	Clostridiales	Clostridia	Firmicutes	Terrabacteria group	Bacteria
487174	0.0013236777679965558	Barnesiella intestinihominis	Barnesiella	Barnesiellaceae	Bacteroidales	Bacteroidia	Bacteroidetes	FCB group	Bacteria
39486	0.0013236777679965558	UNCLASSIFIED-(final_consensus_186_depth_1236)	Dorea	Lachnospiraceae	Clostridiales	Clostridia	Firmicutes	Terrabacteria group	Bacteria
89014	0.0013065427807085746	UNCLASSIFIED-(final_consensus_190_depth_1220)	Blautia	Lachnospiraceae	Clostridiales	Clostridia	Firmicutes	Terrabacteria group	Bacteria
758823	0.0013054718440030757	UNCLASSIFIED-(final_consensus_191_depth_1219)	UNCLASSIFIED-(final_consensus_191_depth_1219)		Vampirovibrionales		Candidatus Melainabacteria	Terrabacteria group	Bacteria
40520	0.0013011880971810805	UNCLASSIFIED-(final_consensus_192_depth_1215)	Blautia	Lachnospiraceae	Clostridiales	Clostridia	Firmicutes	Terrabacteria group	Bacteria
853	0.0012797693630711038	UNCLASSIFIED-(final_consensus_197_depth_1195)	Faecalibacterium	Ruminococcaceae	Clostridiales	Clostridia	Firmicutes	Terrabacteria group	Bacteria
29361	0.0012637053124886213	UNCLASSIFIED-(final_consensus_199_depth_1180)	Tyzzerella	Lachnospiraceae	Clostridiales	Clostridia	Firmicutes	Terrabacteria group	Bacteria
84032	0.0012433575150841436	UNCLASSIFIED-(final_consensus_202_depth_1161)	UNCLASSIFIED-(final_consensus_202_depth_1161)	Hungateiclostridiaceae	Clostridiales	Clostridia	Firmicutes	Terrabacteria group	Bacteria
29361	0.0012305062746181576	UNCLASSIFIED-(final_consensus_203_depth_1149)	Tyzzerella	Lachnospiraceae	Clostridiales	Clostridia	Firmicutes	Terrabacteria group	Bacteria
1469948	0.0012294353379126587	UNCLASSIFIED-(final_consensus_204_depth_1148)	UNCLASSIFIED-(final_consensus_204_depth_1148)	Lachnospiraceae	Clostridiales	Clostridia	Firmicutes	Terrabacteria group	Bacteria
706562	0.0012251515910906632	Lactobacillus rogosae	Lactobacillus	Lactobacillaceae	Lactobacillales	Bacilli	Firmicutes	Terrabacteria group	Bacteria
2479767	0.001195165363336696	Blautia sp. SC05B48	Blautia	Lachnospiraceae	Clostridiales	Clostridia	Firmicutes	Terrabacteria group	Bacteria
853	0.0011780303760487148	UNCLASSIFIED-(final_consensus_208_depth_1100)	Faecalibacterium	Ruminococcaceae	Clostridiales	Clostridia	Firmicutes	Terrabacteria group	Bacteria
2479767	0.0011769594393432159	UNCLASSIFIED-(final_consensus_209_depth_1099)	Blautia	Lachnospiraceae	Clostridiales	Clostridia	Firmicutes	Terrabacteria group	Bacteria
1805714	0.0011737466292267194	UNCLASSIFIED-(final_consensus_210_depth_1096)	UNCLASSIFIED-(final_consensus_210_depth_1096)	Christensenellaceae	Clostridiales	Clostridia	Firmicutes	Terrabacteria group	Bacteria
1162980	0.0011716047558157218	UNCLASSIFIED-(final_consensus_211_depth_1094)	UNCLASSIFIED-(final_consensus_211_depth_1094)	Cohaesibacteraceae	Rhizobiales	Alphaproteobacteria	Proteobacteria		Bacteria
84032	0.0011641081988772299	UNCLASSIFIED-(final_consensus_212_depth_1087)	UNCLASSIFIED-(final_consensus_212_depth_1087)	Hungateiclostridiaceae	Clostridiales	Clostridia	Firmicutes	Terrabacteria group	Bacteria
33038	0.0011416185280617545	UNCLASSIFIED-(final_consensus_215_depth_1066)	UNCLASSIFIED-(final_consensus_215_depth_1066)	Lachnospiraceae	Clostridiales	Clostridia	Firmicutes	Terrabacteria group	Bacteria
853	0.001126625414184771	UNCLASSIFIED-(final_consensus_216_depth_1052)	Faecalibacterium	Ruminococcaceae	Clostridiales	Clostridia	Firmicutes	Terrabacteria group	Bacteria
40545	0.001124483540773773	Sutterella wadsworthensis	Sutterella	Sutterellaceae	Burkholderiales	Betaproteobacteria	Proteobacteria		Bacteria
328813	0.0011169869838352814	Alistipes onderdonkii	Alistipes	Rikenellaceae	Bacteroidales	Bacteroidia	Bacteroidetes	FCB group	Bacteria
84032	0.001112703237013286	UNCLASSIFIED-(final_consensus_219_depth_1039)	UNCLASSIFIED-(final_consensus_219_depth_1039)	Hungateiclostridiaceae	Clostridiales	Clostridia	Firmicutes	Terrabacteria group	Bacteria
915173	0.0011084194901912908	UNCLASSIFIED-(final_consensus_220_depth_1035)	UNCLASSIFIED-(final_consensus_220_depth_1035)	Erysipelotrichaceae	Erysipelotrichales	Erysipelotrichia	Firmicutes	Terrabacteria group	Bacteria
2584943	0.0011041357433692954	UNCLASSIFIED-(final_consensus_221_depth_1031)	Longibaculum	Erysipelotrichaceae	Erysipelotrichales	Erysipelotrichia	Firmicutes	Terrabacteria group	Bacteria
1796618	0.0010934263763143072	UNCLASSIFIED-(final_consensus_223_depth_1021)	UNCLASSIFIED-(final_consensus_223_depth_1021)	Lachnospiraceae	Clostridiales	Clostridia	Firmicutes	Terrabacteria group	Bacteria
2093857	0.0010891426294923118	UNCLASSIFIED-(final_consensus_224_depth_1017)	Dysosmobacter	Oscillospiraceae	Clostridiales	Clostridia	Firmicutes	Terrabacteria group	Bacteria
39497	0.0010859298193758153	UNCLASSIFIED-(final_consensus_225_depth_1014)	UNCLASSIFIED-(final_consensus_225_depth_1014)	Eubacteriaceae	Clostridiales	Clostridia	Firmicutes	Terrabacteria group	Bacteria
853	0.0010784332624373233	UNCLASSIFIED-(final_consensus_227_depth_1007)	Faecalibacterium	Ruminococcaceae	Clostridiales	Clostridia	Firmicutes	Terrabacteria group	Bacteria
853	0.0010741495156153281	UNCLASSIFIED-(final_consensus_230_depth_1003)	Faecalibacterium	Ruminococcaceae	Clostridiales	Clostridia	Firmicutes	Terrabacteria group	Bacteria
1981510	0.0010730785789098292	UNCLASSIFIED-(final_consensus_231_depth_1002)	UNCLASSIFIED-(final_consensus_231_depth_1002)		Clostridiales	Clostridia	Firmicutes	Terrabacteria group	Bacteria
2086585	0.0010666529586768362	UNCLASSIFIED-(final_consensus_233_depth_996)	UNCLASSIFIED-(final_consensus_233_depth_996)	Christensenellaceae	Clostridiales	Clostridia	Firmicutes	Terrabacteria group	Bacteria
1150298	0.0010548726549163491	UNCLASSIFIED-(final_consensus_237_depth_985)	Fusicatenibacter	Lachnospiraceae	Clostridiales	Clostridia	Firmicutes	Terrabacteria group	Bacteria
351091	0.0010527307815053515	UNCLASSIFIED-(final_consensus_239_depth_983)	UNCLASSIFIED-(final_consensus_239_depth_983)	Oscillospiraceae	Clostridiales	Clostridia	Firmicutes	Terrabacteria group	Bacteria
89014	0.0010516598447998526	UNCLASSIFIED-(final_consensus_240_depth_982)	Blautia	Lachnospiraceae	Clostridiales	Clostridia	Firmicutes	Terrabacteria group	Bacteria
40520	0.0010463051612723585	UNCLASSIFIED-(final_consensus_243_depth_977)	Blautia	Lachnospiraceae	Clostridiales	Clostridia	Firmicutes	Terrabacteria group	Bacteria
818	0.001043092351155862	Bacteroides thetaiotaomicron	Bacteroides	Bacteroidaceae	Bacteroidales	Bacteroidia	Bacteroidetes	FCB group	Bacteria
2093857	0.00103559579421737	UNCLASSIFIED-(final_consensus_247_depth_967)	UNCLASSIFIED-(final_consensus_247_depth_967)	Oscillospiraceae	Clostridiales	Clostridia	Firmicutes	Terrabacteria group	Bacteria
84032	0.00103559579421737	UNCLASSIFIED-(final_consensus_246_depth_967)	UNCLASSIFIED-(final_consensus_246_depth_967)	Hungateiclostridiaceae	Clostridiales	Clostridia	Firmicutes	Terrabacteria group	Bacteria
218538	0.0010280992372788784	Dialister invisus	Dialister	Veillonellaceae	Veillonellales	Negativicutes	Firmicutes	Terrabacteria group	Bacteria
1796618	0.0010248864271623819	UNCLASSIFIED-(final_consensus_249_depth_957)	UNCLASSIFIED-(final_consensus_249_depth_957)	Lachnospiraceae	Clostridiales	Clostridia	Firmicutes	Terrabacteria group	Bacteria
47678	0.0010206026803403865	Bacteroides caccae	Bacteroides	Bacteroidaceae	Bacteroidales	Bacteroidia	Bacteroidetes	FCB group	Bacteria
1681	0.0010184608069293889	Bifidobacterium bifidum	Bifidobacterium	Bifidobacteriaceae	Bifidobacteriales	Actinobacteria	Actinobacteria	Terrabacteria group	Bacteria
1796618	0.001010964249990897	UNCLASSIFIED-(final_consensus_252_depth_944)	UNCLASSIFIED-(final_consensus_252_depth_944)	Lachnospiraceae	Clostridiales	Clostridia	Firmicutes	Terrabacteria group	Bacteria
1852381	0.001010964249990897	UNCLASSIFIED-(final_consensus_253_depth_944)	Duodenibacillus	Sutterellaceae	Burkholderiales	Betaproteobacteria	Proteobacteria		Bacteria
853	0.0010077514398744004	UNCLASSIFIED-(final_consensus_254_depth_941)	Faecalibacterium	Ruminococcaceae	Clostridiales	Clostridia	Firmicutes	Terrabacteria group	Bacteria
1776382	0.0010066805031689018	UNCLASSIFIED-(final_consensus_255_depth_940)	UNCLASSIFIED-(final_consensus_255_depth_940)	Ruminococcaceae	Clostridiales	Clostridia	Firmicutes	Terrabacteria group	Bacteria
39488	0.0009970420728194122	UNCLASSIFIED-(final_consensus_258_depth_931)	Anaerobutyricum	Lachnospiraceae	Clostridiales	Clostridia	Firmicutes	Terrabacteria group	Bacteria
39482	0.0009766942754149345	UNCLASSIFIED-(final_consensus_259_depth_912)	Faecalicatena	Lachnospiraceae	Clostridiales	Clostridia	Firmicutes	Terrabacteria group	Bacteria
1712675	0.0009745524020039368	Turicibacter sp. H121	Turicibacter	Erysipelotrichaceae	Erysipelotrichales	Erysipelotrichia	Firmicutes	Terrabacteria group	Bacteria
33043	0.0009702686551819415	Coprococcus eutactus	Coprococcus	Lachnospiraceae	Clostridiales	Clostridia	Firmicutes	Terrabacteria group	Bacteria
261299	0.0009691977184764426	Intestinibacter bartlettii	Intestinibacter	Peptostreptococcaceae	Clostridiales	Clostridia	Firmicutes	Terrabacteria group	Bacteria
290055	0.0009617011615379508	UNCLASSIFIED-(final_consensus_262_depth_898)	Faecalicatena	Lachnospiraceae	Clostridiales	Clostridia	Firmicutes	Terrabacteria group	Bacteria
2479767	0.0009617011615379508	UNCLASSIFIED-(final_consensus_263_depth_898)	Blautia	Lachnospiraceae	Clostridiales	Clostridia	Firmicutes	Terrabacteria group	Bacteria
649756	0.0009467080476609672	UNCLASSIFIED-(final_consensus_264_depth_884)	Anaerostipes	Lachnospiraceae	Clostridiales	Clostridia	Firmicutes	Terrabacteria group	Bacteria
2109692	0.0009456371109554683	UNCLASSIFIED-(final_consensus_265_depth_883)		Erysipelotrichaceae	Erysipelotrichales	Erysipelotrichia	Firmicutes	Terrabacteria group	Bacteria
1673717	0.0009381405540169765	UNCLASSIFIED-(final_consensus_267_depth_876)	UNCLASSIFIED-(final_consensus_267_depth_876)	Ruminococcaceae	Clostridiales	Clostridia	Firmicutes	Terrabacteria group	Bacteria
1912855	0.0009338568071949812	UNCLASSIFIED-(final_consensus_268_depth_872)	Faecalimonas	Lachnospiraceae	Clostridiales	Clostridia	Firmicutes	Terrabacteria group	Bacteria
301301	0.000928502123667487	UNCLASSIFIED-(final_consensus_271_depth_867)	UNCLASSIFIED-(final_consensus_271_depth_867)	Lachnospiraceae	Clostridiales	Clostridia	Firmicutes	Terrabacteria group	Bacteria
1776382	0.0009102961996740068	UNCLASSIFIED-(final_consensus_273_depth_850)	UNCLASSIFIED-(final_consensus_273_depth_850)	Ruminococcaceae	Clostridiales	Clostridia	Firmicutes	Terrabacteria group	Bacteria
853	0.0009102961996740068	UNCLASSIFIED-(final_consensus_274_depth_850)	Faecalibacterium	Ruminococcaceae	Clostridiales	Clostridia	Firmicutes	Terrabacteria group	Bacteria
2086585	0.0008824518453310373	UNCLASSIFIED-(final_consensus_280_depth_824)	UNCLASSIFIED-(final_consensus_280_depth_824)	Christensenellaceae	Clostridiales	Clostridia	Firmicutes	Terrabacteria group	Bacteria
2093857	0.0008792390352145408	UNCLASSIFIED-(final_consensus_283_depth_821)	UNCLASSIFIED-(final_consensus_283_depth_821)	Oscillospiraceae	Clostridiales	Clostridia	Firmicutes	Terrabacteria group	Bacteria
44749	0.0008685296681595525	UNCLASSIFIED-(final_consensus_284_depth_811)	UNCLASSIFIED-(final_consensus_284_depth_811)	Ruminococcaceae	Clostridiales	Clostridia	Firmicutes	Terrabacteria group	Bacteria
853	0.000865316858043056	UNCLASSIFIED-(final_consensus_286_depth_808)	Faecalibacterium	Ruminococcaceae	Clostridiales	Clostridia	Firmicutes	Terrabacteria group	Bacteria
1796618	0.0008631749846320583	UNCLASSIFIED-(final_consensus_287_depth_806)	UNCLASSIFIED-(final_consensus_287_depth_806)	Lachnospiraceae	Clostridiales	Clostridia	Firmicutes	Terrabacteria group	Bacteria
48256	0.0008621040479265595	UNCLASSIFIED-(final_consensus_288_depth_805)	UNCLASSIFIED-(final_consensus_288_depth_805)	Hungateiclostridiaceae	Clostridiales	Clostridia	Firmicutes	Terrabacteria group	Bacteria
915173	0.0008599621745155618	UNCLASSIFIED-(final_consensus_289_depth_803)	UNCLASSIFIED-(final_consensus_289_depth_803)	Erysipelotrichaceae	Erysipelotrichales	Erysipelotrichia	Firmicutes	Terrabacteria group	Bacteria
871665	0.0008599621745155618	UNCLASSIFIED-(final_consensus_290_depth_803)	Blautia	Lachnospiraceae	Clostridiales	Clostridia	Firmicutes	Terrabacteria group	Bacteria
2093857	0.0008567493643990652	UNCLASSIFIED-(final_consensus_292_depth_800)	UNCLASSIFIED-(final_consensus_292_depth_800)	Oscillospiraceae	Clostridiales	Clostridia	Firmicutes	Terrabacteria group	Bacteria
853	0.0008503237441660723	UNCLASSIFIED-(final_consensus_294_depth_794)	Faecalibacterium	Ruminococcaceae	Clostridiales	Clostridia	Firmicutes	Terrabacteria group	Bacteria
214851	0.0008299759467615945	UNCLASSIFIED-(final_consensus_298_depth_775)	Subdoligranulum	Ruminococcaceae	Clostridiales	Clostridia	Firmicutes	Terrabacteria group	Bacteria
351091	0.0008289050100560956	UNCLASSIFIED-(final_consensus_299_depth_774)	UNCLASSIFIED-(final_consensus_299_depth_774)	Oscillospiraceae	Clostridiales	Clostridia	Firmicutes	Terrabacteria group	Bacteria
33038	0.0008246212632341003	UNCLASSIFIED-(final_consensus_302_depth_770)	UNCLASSIFIED-(final_consensus_302_depth_770)	Lachnospiraceae	Clostridiales	Clostridia	Firmicutes	Terrabacteria group	Bacteria
39497	0.0008181956430011073	UNCLASSIFIED-(final_consensus_304_depth_764)	UNCLASSIFIED-(final_consensus_304_depth_764)	Eubacteriaceae	Clostridiales	Clostridia	Firmicutes	Terrabacteria group	Bacteria
39488	0.0008171247062956085	UNCLASSIFIED-(final_consensus_306_depth_763)	Anaerobutyricum	Lachnospiraceae	Clostridiales	Clostridia	Firmicutes	Terrabacteria group	Bacteria
39488	0.0008171247062956085	UNCLASSIFIED-(final_consensus_305_depth_763)	Anaerobutyricum	Lachnospiraceae	Clostridiales	Clostridia	Firmicutes	Terrabacteria group	Bacteria
84030	0.0008053444025351214	UNCLASSIFIED-(final_consensus_309_depth_752)	UNCLASSIFIED-(final_consensus_309_depth_752)	Lachnospiraceae	Clostridiales	Clostridia	Firmicutes	Terrabacteria group	Bacteria
2479767	0.0008042734658296226	UNCLASSIFIED-(final_consensus_310_depth_751)	Blautia	Lachnospiraceae	Clostridiales	Clostridia	Firmicutes	Terrabacteria group	Bacteria
2093857	0.0008042734658296226	UNCLASSIFIED-(final_consensus_311_depth_751)	UNCLASSIFIED-(final_consensus_311_depth_751)	Oscillospiraceae	Clostridiales	Clostridia	Firmicutes	Terrabacteria group	Bacteria
39486	0.0008010606557131261	UNCLASSIFIED-(final_consensus_313_depth_748)	Dorea	Lachnospiraceae	Clostridiales	Clostridia	Firmicutes	Terrabacteria group	Bacteria
853	0.0007989187823021284	UNCLASSIFIED-(final_consensus_315_depth_746)	Faecalibacterium	Ruminococcaceae	Clostridiales	Clostridia	Firmicutes	Terrabacteria group	Bacteria
39488	0.0007978478455966296	UNCLASSIFIED-(final_consensus_316_depth_745)	Anaerobutyricum	Lachnospiraceae	Clostridiales	Clostridia	Firmicutes	Terrabacteria group	Bacteria
216816	0.0007849966051306436	Bifidobacterium longum	Bifidobacterium	Bifidobacteriaceae	Bifidobacteriales	Actinobacteria	Actinobacteria	Terrabacteria group	Bacteria
2086585	0.0007796419216031495	UNCLASSIFIED-(final_consensus_319_depth_728)	UNCLASSIFIED-(final_consensus_319_depth_728)	Christensenellaceae	Clostridiales	Clostridia	Firmicutes	Terrabacteria group	Bacteria
1263547	0.000775358174781154	UNCLASSIFIED-(final_consensus_325_depth_724)	Oscillibacter	Oscillospiraceae	Clostridiales	Clostridia	Firmicutes	Terrabacteria group	Bacteria
1981510	0.0007732163013701564	UNCLASSIFIED-(final_consensus_326_depth_722)	UNCLASSIFIED-(final_consensus_326_depth_722)		Clostridiales	Clostridia	Firmicutes	Terrabacteria group	Bacteria
89014	0.0007710744279591587	UNCLASSIFIED-(final_consensus_327_depth_720)	Blautia	Lachnospiraceae	Clostridiales	Clostridia	Firmicutes	Terrabacteria group	Bacteria
1796618	0.0007710744279591587	UNCLASSIFIED-(final_consensus_328_depth_720)	UNCLASSIFIED-(final_consensus_328_depth_720)	Lachnospiraceae	Clostridiales	Clostridia	Firmicutes	Terrabacteria group	Bacteria
39488	0.0007689325545481611	UNCLASSIFIED-(final_consensus_329_depth_718)	Anaerobutyricum	Lachnospiraceae	Clostridiales	Clostridia	Firmicutes	Terrabacteria group	Bacteria
301301	0.0007507266305546809	UNCLASSIFIED-(final_consensus_334_depth_701)	Roseburia	Lachnospiraceae	Clostridiales	Clostridia	Firmicutes	Terrabacteria group	Bacteria
39485	0.0007485847571436833	UNCLASSIFIED-(final_consensus_335_depth_699)	UNCLASSIFIED-(final_consensus_335_depth_699)	Lachnospiraceae	Clostridiales	Clostridia	Firmicutes	Terrabacteria group	Bacteria
817	0.0007464428837326857	Bacteroides fragilis	Bacteroides	Bacteroidaceae	Bacteroidales	Bacteroidia	Bacteroidetes	FCB group	Bacteria
1304	0.0007453719470271868	Streptococcus salivarius	Streptococcus	Streptococcaceae	Lactobacillales	Bacilli	Firmicutes	Terrabacteria group	Bacteria
44749	0.0007421591369106903	UNCLASSIFIED-(final_consensus_338_depth_693)	UNCLASSIFIED-(final_consensus_338_depth_693)	Ruminococcaceae	Clostridiales	Clostridia	Firmicutes	Terrabacteria group	Bacteria
29552	0.0007325207065612008	UNCLASSIFIED-(final_consensus_341_depth_684)	UNCLASSIFIED-(final_consensus_341_depth_684)	Acholeplasmataceae	Acholeplasmatales	Mollicutes	Tenericutes	Terrabacteria group	Bacteria
39488	0.0007325207065612008	UNCLASSIFIED-(final_consensus_342_depth_684)	Anaerobutyricum	Lachnospiraceae	Clostridiales	Clostridia	Firmicutes	Terrabacteria group	Bacteria
44749	0.0007303788331502032	UNCLASSIFIED-(final_consensus_344_depth_682)	UNCLASSIFIED-(final_consensus_344_depth_682)	Ruminococcaceae	Clostridiales	Clostridia	Firmicutes	Terrabacteria group	Bacteria
29552	0.0007111019724512242	UNCLASSIFIED-(final_consensus_346_depth_664)	UNCLASSIFIED-(final_consensus_346_depth_664)	Acholeplasmataceae	Acholeplasmatales	Mollicutes	Tenericutes	Terrabacteria group	Bacteria
2479767	0.0007111019724512242	UNCLASSIFIED-(final_consensus_348_depth_664)	Blautia	Lachnospiraceae	Clostridiales	Clostridia	Firmicutes	Terrabacteria group	Bacteria
33038	0.0007046763522182313	UNCLASSIFIED-(final_consensus_352_depth_658)	UNCLASSIFIED-(final_consensus_352_depth_658)	Lachnospiraceae	Clostridiales	Clostridia	Firmicutes	Terrabacteria group	Bacteria
301301	0.0006939669851632428	UNCLASSIFIED-(final_consensus_355_depth_648)	UNCLASSIFIED-(final_consensus_355_depth_648)	Lachnospiraceae	Clostridiales	Clostridia	Firmicutes	Terrabacteria group	Bacteria
2479767	0.000686470428224751	UNCLASSIFIED-(final_consensus_357_depth_641)	UNCLASSIFIED-(final_consensus_357_depth_641)	Lachnospiraceae	Clostridiales	Clostridia	Firmicutes	Terrabacteria group	Bacteria
674529	0.0006618388839982779	UNCLASSIFIED-(final_consensus_366_depth_618)	Bacteroides	Bacteroidaceae	Bacteroidales	Bacteroidia	Bacteroidetes	FCB group	Bacteria
208479	0.0006586260738817815	UNCLASSIFIED-(final_consensus_367_depth_615)	Enterocloster	Lachnospiraceae	Clostridiales	Clostridia	Firmicutes	Terrabacteria group	Bacteria
29361	0.0006436329600047978	UNCLASSIFIED-(final_consensus_372_depth_601)	Tyzzerella	Lachnospiraceae	Clostridiales	Clostridia	Firmicutes	Terrabacteria group	Bacteria
871665	0.0006436329600047978	UNCLASSIFIED-(final_consensus_371_depth_601)	Blautia	Lachnospiraceae	Clostridiales	Clostridia	Firmicutes	Terrabacteria group	Bacteria
1907662	0.0006307817195388119	UNCLASSIFIED-(final_consensus_376_depth_589)	UNCLASSIFIED-(final_consensus_376_depth_589)	Eggerthellaceae	Eggerthellales	Coriobacteriia	Actinobacteria	Terrabacteria group	Bacteria
360807	0.0006275689094223153	UNCLASSIFIED-(final_consensus_379_depth_586)	Roseburia	Lachnospiraceae	Clostridiales	Clostridia	Firmicutes	Terrabacteria group	Bacteria
39482	0.0006275689094223153	Faecalicatena contorta	Faecalicatena	Lachnospiraceae	Clostridiales	Clostridia	Firmicutes	Terrabacteria group	Bacteria
1805714	0.0006254270360113176	UNCLASSIFIED-(final_consensus_380_depth_584)	UNCLASSIFIED-(final_consensus_380_depth_584)	Christensenellaceae	Clostridiales	Clostridia	Firmicutes	Terrabacteria group	Bacteria
116085	0.0006254270360113176	UNCLASSIFIED-(final_consensus_381_depth_584)	Coprococcus	Lachnospiraceae	Clostridiales	Clostridia	Firmicutes	Terrabacteria group	Bacteria
853	0.0006254270360113176	UNCLASSIFIED-(final_consensus_382_depth_584)	Faecalibacterium	Ruminococcaceae	Clostridiales	Clostridia	Firmicutes	Terrabacteria group	Bacteria
2358141	0.0006179304790728258	Anaerotignum faecicola	Anaerotignum	Lachnospiraceae	Clostridiales	Clostridia	Firmicutes	Terrabacteria group	Bacteria
39488	0.0006061501753123387	UNCLASSIFIED-(final_consensus_386_depth_566)	Anaerobutyricum	Lachnospiraceae	Clostridiales	Clostridia	Firmicutes	Terrabacteria group	Bacteria
84030	0.0006029373651958422	UNCLASSIFIED-(final_consensus_388_depth_563)	UNCLASSIFIED-(final_consensus_388_depth_563)	Lachnospiraceae	Clostridiales	Clostridia	Firmicutes	Terrabacteria group	Bacteria
39488	0.0006018664284903434	UNCLASSIFIED-(final_consensus_389_depth_562)	Anaerobutyricum	Lachnospiraceae	Clostridiales	Clostridia	Firmicutes	Terrabacteria group	Bacteria
29356	0.0006007954917848445	UNCLASSIFIED-(final_consensus_391_depth_561)	Clostridium	Clostridiaceae	Clostridiales	Clostridia	Firmicutes	Terrabacteria group	Bacteria
2109692	0.0006007954917848445	UNCLASSIFIED-(final_consensus_392_depth_561)		Erysipelotrichaceae	Erysipelotrichales	Erysipelotrichia	Firmicutes	Terrabacteria group	Bacteria
2479767	0.0005997245550793457	UNCLASSIFIED-(final_consensus_393_depth_560)	Blautia	Lachnospiraceae	Clostridiales	Clostridia	Firmicutes	Terrabacteria group	Bacteria
758823	0.0005997245550793457	UNCLASSIFIED-(final_consensus_394_depth_560)	UNCLASSIFIED-(final_consensus_394_depth_560)		Vampirovibrionales		Candidatus Melainabacteria	Terrabacteria group	Bacteria
208479	0.0005943698715518515	UNCLASSIFIED-(final_consensus_395_depth_555)	UNCLASSIFIED-(final_consensus_395_depth_555)	Lachnospiraceae	Clostridiales	Clostridia	Firmicutes	Terrabacteria group	Bacteria
1870986	0.0005890151880243574	UNCLASSIFIED-(final_consensus_398_depth_550)	UNCLASSIFIED-(final_consensus_398_depth_550)		Clostridiales	Clostridia	Firmicutes	Terrabacteria group	Bacteria
2479767	0.0005890151880243574	UNCLASSIFIED-(final_consensus_397_depth_550)	Blautia	Lachnospiraceae	Clostridiales	Clostridia	Firmicutes	Terrabacteria group	Bacteria
1871035	0.0005879442513188586	Negativibacillus massiliensis	Negativibacillus	Ruminococcaceae	Clostridiales	Clostridia	Firmicutes	Terrabacteria group	Bacteria
84030	0.0005868733146133597	UNCLASSIFIED-(final_consensus_400_depth_548)	UNCLASSIFIED-(final_consensus_400_depth_548)	Lachnospiraceae	Clostridiales	Clostridia	Firmicutes	Terrabacteria group	Bacteria
2479767	0.0005804476943803668	UNCLASSIFIED-(final_consensus_401_depth_542)	Blautia	Lachnospiraceae	Clostridiales	Clostridia	Firmicutes	Terrabacteria group	Bacteria
208479	0.0005804476943803668	UNCLASSIFIED-(final_consensus_402_depth_542)	Enterocloster	Lachnospiraceae	Clostridiales	Clostridia	Firmicutes	Terrabacteria group	Bacteria
301301	0.0005793767576748679	UNCLASSIFIED-(final_consensus_404_depth_541)	UNCLASSIFIED-(final_consensus_404_depth_541)	Lachnospiraceae	Clostridiales	Clostridia	Firmicutes	Terrabacteria group	Bacteria
418240	0.0005783058209693691	UNCLASSIFIED-(final_consensus_405_depth_540)	Blautia	Lachnospiraceae	Clostridiales	Clostridia	Firmicutes	Terrabacteria group	Bacteria
418240	0.0005750930108528726	UNCLASSIFIED-(final_consensus_406_depth_537)	Blautia	Lachnospiraceae	Clostridiales	Clostridia	Firmicutes	Terrabacteria group	Bacteria
33038	0.0005718802007363761	UNCLASSIFIED-(final_consensus_407_depth_534)	UNCLASSIFIED-(final_consensus_407_depth_534)	Lachnospiraceae	Clostridiales	Clostridia	Firmicutes	Terrabacteria group	Bacteria
33025	0.0005697383273253784	UNCLASSIFIED-(final_consensus_408_depth_532)	Phascolarctobacterium	Acidaminococcaceae	Acidaminococcales	Negativicutes	Firmicutes	Terrabacteria group	Bacteria
2479767	0.0005483195932154017	UNCLASSIFIED-(final_consensus_414_depth_512)	Blautia	Lachnospiraceae	Clostridiales	Clostridia	Firmicutes	Terrabacteria group	Bacteria
853	0.0005461777198044041	UNCLASSIFIED-(final_consensus_416_depth_510)	Faecalibacterium	Ruminococcaceae	Clostridiales	Clostridia	Firmicutes	Terrabacteria group	Bacteria
39490	0.0005418939729824088	UNCLASSIFIED-(final_consensus_421_depth_506)	Eubacterium	Eubacteriaceae	Clostridiales	Clostridia	Firmicutes	Terrabacteria group	Bacteria
1150298	0.0005418939729824088	UNCLASSIFIED-(final_consensus_420_depth_506)	Fusicatenibacter	Lachnospiraceae	Clostridiales	Clostridia	Firmicutes	Terrabacteria group	Bacteria
2479767	0.0005386811628659123	UNCLASSIFIED-(final_consensus_422_depth_503)	Blautia	Lachnospiraceae	Clostridiales	Clostridia	Firmicutes	Terrabacteria group	Bacteria
39490	0.0005290427325164228	UNCLASSIFIED-(final_consensus_426_depth_494)	Eubacterium	Eubacteriaceae	Clostridiales	Clostridia	Firmicutes	Terrabacteria group	Bacteria
28052	0.0005172624287559357	UNCLASSIFIED-(final_consensus_431_depth_483)	Lachnospira	Lachnospiraceae	Clostridiales	Clostridia	Firmicutes	Terrabacteria group	Bacteria
40520	0.0005119077452284415	UNCLASSIFIED-(final_consensus_432_depth_478)	Blautia	Lachnospiraceae	Clostridiales	Clostridia	Firmicutes	Terrabacteria group	Bacteria
33039	0.0005065530617009474	[Ruminococcus] torques	Mediterraneibacter	Lachnospiraceae	Clostridiales	Clostridia	Firmicutes	Terrabacteria group	Bacteria
1550024	0.0005033402515844509	Ruthenibacterium lactatiformans	Ruthenibacterium	Ruminococcaceae	Clostridiales	Clostridia	Firmicutes	Terrabacteria group	Bacteria
351091	0.0004947727579404602	UNCLASSIFIED-(final_consensus_438_depth_462)	UNCLASSIFIED-(final_consensus_438_depth_462)	Oscillospiraceae	Clostridiales	Clostridia	Firmicutes	Terrabacteria group	Bacteria
351091	0.0004904890111184649	UNCLASSIFIED-(final_consensus_440_depth_458)	Oscillibacter	Oscillospiraceae	Clostridiales	Clostridia	Firmicutes	Terrabacteria group	Bacteria
33038	0.0004894180744129661	UNCLASSIFIED-(final_consensus_442_depth_457)	UNCLASSIFIED-(final_consensus_442_depth_457)	Lachnospiraceae	Clostridiales	Clostridia	Firmicutes	Terrabacteria group	Bacteria
2610895	0.0004883471377074673	UNCLASSIFIED-(final_consensus_444_depth_456)	Flintibacter		Clostridiales	Clostridia	Firmicutes	Terrabacteria group	Bacteria
755731	0.00048192151747447425	UNCLASSIFIED-(final_consensus_447_depth_450)	UNCLASSIFIED-(final_consensus_447_depth_450)	Clostridiaceae	Clostridiales	Clostridia	Firmicutes	Terrabacteria group	Bacteria
755731	0.00048192151747447425	UNCLASSIFIED-(final_consensus_448_depth_450)	UNCLASSIFIED-(final_consensus_448_depth_450)	Clostridiaceae	Clostridiales	Clostridia	Firmicutes	Terrabacteria group	Bacteria
39486	0.0004808505807689754	UNCLASSIFIED-(final_consensus_449_depth_449)	Dorea	Lachnospiraceae	Clostridiales	Clostridia	Firmicutes	Terrabacteria group	Bacteria
84030	0.00047977964406347654	UNCLASSIFIED-(final_consensus_450_depth_448)	UNCLASSIFIED-(final_consensus_450_depth_448)	Lachnospiraceae	Clostridiales	Clostridia	Firmicutes	Terrabacteria group	Bacteria
360807	0.00047549589724148124	UNCLASSIFIED-(final_consensus_452_depth_444)	Roseburia	Lachnospiraceae	Clostridiales	Clostridia	Firmicutes	Terrabacteria group	Bacteria
2093857	0.0004744249605359824	UNCLASSIFIED-(final_consensus_453_depth_443)	UNCLASSIFIED-(final_consensus_453_depth_443)	Oscillospiraceae	Clostridiales	Clostridia	Firmicutes	Terrabacteria group	Bacteria
40520	0.0004733540238304836	UNCLASSIFIED-(final_consensus_455_depth_442)	Blautia	Lachnospiraceae	Clostridiales	Clostridia	Firmicutes	Terrabacteria group	Bacteria
2479767	0.00047228308712498474	UNCLASSIFIED-(final_consensus_456_depth_441)	UNCLASSIFIED-(final_consensus_456_depth_441)	Lachnospiraceae	Clostridiales	Clostridia	Firmicutes	Terrabacteria group	Bacteria
758823	0.00047228308712498474	UNCLASSIFIED-(final_consensus_458_depth_441)	UNCLASSIFIED-(final_consensus_458_depth_441)		Vampirovibrionales		Candidatus Melainabacteria	Terrabacteria group	Bacteria
1796628	0.00047228308712498474	Longibaculum muris	Longibaculum	Erysipelotrichaceae	Erysipelotrichales	Erysipelotrichia	Firmicutes	Terrabacteria group	Bacteria
2479767	0.0004712121504194859	UNCLASSIFIED-(final_consensus_459_depth_440)	UNCLASSIFIED-(final_consensus_459_depth_440)	Lachnospiraceae	Clostridiales	Clostridia	Firmicutes	Terrabacteria group	Bacteria
2093856	0.0004615737200699964	Butyricimonas faecalis	Butyricimonas	Odoribacteraceae	Bacteroidales	Bacteroidia	Bacteroidetes	FCB group	Bacteria
1796615	0.00046050278336449757	Blautia caecimuris	Blautia	Lachnospiraceae	Clostridiales	Clostridia	Firmicutes	Terrabacteria group	Bacteria
853	0.00045621903654250226	UNCLASSIFIED-(final_consensus_465_depth_426)	Faecalibacterium	Ruminococcaceae	Clostridiales	Clostridia	Firmicutes	Terrabacteria group	Bacteria
1834196	0.00045621903654250226	UNCLASSIFIED-(final_consensus_464_depth_426)	UNCLASSIFIED-(final_consensus_464_depth_426)	Lachnospiraceae	Clostridiales	Clostridia	Firmicutes	Terrabacteria group	Bacteria
39492	0.0004540771631315046	UNCLASSIFIED-(final_consensus_467_depth_424)	UNCLASSIFIED-(final_consensus_467_depth_424)	Ruminococcaceae	Clostridiales	Clostridia	Firmicutes	Terrabacteria group	Bacteria
2479767	0.00045300622642600576	UNCLASSIFIED-(final_consensus_468_depth_423)	Blautia	Lachnospiraceae	Clostridiales	Clostridia	Firmicutes	Terrabacteria group	Bacteria
2109690	0.00045193528972050696	Lachnospiraceae bacterium Choco86		Lachnospiraceae	Clostridiales	Clostridia	Firmicutes	Terrabacteria group	Bacteria
2479767	0.0004508643530150081	UNCLASSIFIED-(final_consensus_470_depth_421)	Blautia	Lachnospiraceae	Clostridiales	Clostridia	Firmicutes	Terrabacteria group	Bacteria
2086585	0.00044979341630950925	UNCLASSIFIED-(final_consensus_471_depth_420)	UNCLASSIFIED-(final_consensus_471_depth_420)	Christensenellaceae	Clostridiales	Clostridia	Firmicutes	Terrabacteria group	Bacteria
39488	0.0004476515428985116	UNCLASSIFIED-(final_consensus_473_depth_418)	Anaerobutyricum	Lachnospiraceae	Clostridiales	Clostridia	Firmicutes	Terrabacteria group	Bacteria
253239	0.00044550966948751395	UNCLASSIFIED-(final_consensus_474_depth_416)	UNCLASSIFIED-(final_consensus_474_depth_416)	Ruminococcaceae	Clostridiales	Clostridia	Firmicutes	Terrabacteria group	Bacteria
46228	0.0004444387327820151	[Ruminococcus] lactaris	Mediterraneibacter	Lachnospiraceae	Clostridiales	Clostridia	Firmicutes	Terrabacteria group	Bacteria
39496	0.00044229685937101744	Eubacterium ventriosum	Eubacterium	Eubacteriaceae	Clostridiales	Clostridia	Firmicutes	Terrabacteria group	Bacteria
253257	0.00043908404925452094	UNCLASSIFIED-(final_consensus_477_depth_410)	Lacrimispora	Lachnospiraceae	Clostridiales	Clostridia	Firmicutes	Terrabacteria group	Bacteria
28052	0.00043908404925452094	UNCLASSIFIED-(final_consensus_478_depth_410)	Lachnospira	Lachnospiraceae	Clostridiales	Clostridia	Firmicutes	Terrabacteria group	Bacteria
39488	0.0004337293657270268	UNCLASSIFIED-(final_consensus_481_depth_405)	Anaerobutyricum	Lachnospiraceae	Clostridiales	Clostridia	Firmicutes	Terrabacteria group	Bacteria
39486	0.0004337293657270268	UNCLASSIFIED-(final_consensus_479_depth_405)	Dorea	Lachnospiraceae	Clostridiales	Clostridia	Firmicutes	Terrabacteria group	Bacteria
2479767	0.00043158749231602913	UNCLASSIFIED-(final_consensus_483_depth_403)	UNCLASSIFIED-(final_consensus_483_depth_403)	Lachnospiraceae	Clostridiales	Clostridia	Firmicutes	Terrabacteria group	Bacteria
1535	0.00043051655561053033	[Clostridium] leptum		Ruminococcaceae	Clostridiales	Clostridia	Firmicutes	Terrabacteria group	Bacteria
418240	0.0004294456189050315	UNCLASSIFIED-(final_consensus_486_depth_401)	Blautia	Lachnospiraceae	Clostridiales	Clostridia	Firmicutes	Terrabacteria group	Bacteria
84030	0.0004294456189050315	UNCLASSIFIED-(final_consensus_487_depth_401)	Lacrimispora	Lachnospiraceae	Clostridiales	Clostridia	Firmicutes	Terrabacteria group	Bacteria
360807	0.00042301999867203847	UNCLASSIFIED-(final_consensus_489_depth_395)	Roseburia	Lachnospiraceae	Clostridiales	Clostridia	Firmicutes	Terrabacteria group	Bacteria
2093857	0.0004165943784390455	UNCLASSIFIED-(final_consensus_491_depth_389)	UNCLASSIFIED-(final_consensus_491_depth_389)	Oscillospiraceae	Clostridiales	Clostridia	Firmicutes	Terrabacteria group	Bacteria
40520	0.00041231063161705015	UNCLASSIFIED-(final_consensus_493_depth_385)	Blautia	Lachnospiraceae	Clostridiales	Clostridia	Firmicutes	Terrabacteria group	Bacteria
360807	0.00041123969491155135	UNCLASSIFIED-(final_consensus_494_depth_384)	Roseburia	Lachnospiraceae	Clostridiales	Clostridia	Firmicutes	Terrabacteria group	Bacteria
2479767	0.0004101687582060525	UNCLASSIFIED-(final_consensus_495_depth_383)	UNCLASSIFIED-(final_consensus_495_depth_383)	Lachnospiraceae	Clostridiales	Clostridia	Firmicutes	Terrabacteria group	Bacteria
39486	0.00040909782150055365	UNCLASSIFIED-(final_consensus_496_depth_382)	Dorea	Lachnospiraceae	Clostridiales	Clostridia	Firmicutes	Terrabacteria group	Bacteria
40520	0.00040802688479505485	UNCLASSIFIED-(final_consensus_499_depth_381)	Blautia	Lachnospiraceae	Clostridiales	Clostridia	Firmicutes	Terrabacteria group	Bacteria
208479	0.00040802688479505485	UNCLASSIFIED-(final_consensus_498_depth_381)	UNCLASSIFIED-(final_consensus_498_depth_381)	Lachnospiraceae	Clostridiales	Clostridia	Firmicutes	Terrabacteria group	Bacteria
39497	0.0004037431379730595	UNCLASSIFIED-(final_consensus_501_depth_377)	UNCLASSIFIED-(final_consensus_501_depth_377)	Eubacteriaceae	Clostridiales	Clostridia	Firmicutes	Terrabacteria group	Bacteria
28052	0.00040160126456206184	UNCLASSIFIED-(final_consensus_503_depth_375)	Lachnospira	Lachnospiraceae	Clostridiales	Clostridia	Firmicutes	Terrabacteria group	Bacteria
290055	0.00040160126456206184	UNCLASSIFIED-(final_consensus_502_depth_375)	UNCLASSIFIED-(final_consensus_502_depth_375)	Lachnospiraceae	Clostridiales	Clostridia	Firmicutes	Terrabacteria group	Bacteria
351091	0.00040053032785656304	UNCLASSIFIED-(final_consensus_504_depth_374)	UNCLASSIFIED-(final_consensus_504_depth_374)	Oscillospiraceae	Clostridiales	Clostridia	Firmicutes	Terrabacteria group	Bacteria
39488	0.0003962465810345677	UNCLASSIFIED-(final_consensus_506_depth_370)	Anaerobutyricum	Lachnospiraceae	Clostridiales	Clostridia	Firmicutes	Terrabacteria group	Bacteria
39490	0.0003951756443290689	UNCLASSIFIED-(final_consensus_507_depth_369)	Eubacterium	Eubacteriaceae	Clostridiales	Clostridia	Firmicutes	Terrabacteria group	Bacteria
40520	0.00039410470762357003	UNCLASSIFIED-(final_consensus_508_depth_368)	Blautia	Lachnospiraceae	Clostridiales	Clostridia	Firmicutes	Terrabacteria group	Bacteria
116085	0.0003887500240960759	UNCLASSIFIED-(final_consensus_513_depth_363)	Coprococcus	Lachnospiraceae	Clostridiales	Clostridia	Firmicutes	Terrabacteria group	Bacteria
89014	0.0003887500240960759	UNCLASSIFIED-(final_consensus_514_depth_363)	Blautia	Lachnospiraceae	Clostridiales	Clostridia	Firmicutes	Terrabacteria group	Bacteria
592978	0.0003887500240960759	UNCLASSIFIED-(final_consensus_515_depth_363)	Mediterraneibacter	Lachnospiraceae	Clostridiales	Clostridia	Firmicutes	Terrabacteria group	Bacteria
2479767	0.0003833953405685817	UNCLASSIFIED-(final_consensus_517_depth_358)	UNCLASSIFIED-(final_consensus_517_depth_358)	Lachnospiraceae	Clostridiales	Clostridia	Firmicutes	Terrabacteria group	Bacteria
84030	0.00038125346715758406	UNCLASSIFIED-(final_consensus_519_depth_356)	UNCLASSIFIED-(final_consensus_519_depth_356)	Lachnospiraceae	Clostridiales	Clostridia	Firmicutes	Terrabacteria group	Bacteria
44749	0.0003791115937465864	UNCLASSIFIED-(final_consensus_522_depth_354)	UNCLASSIFIED-(final_consensus_522_depth_354)	Ruminococcaceae	Clostridiales	Clostridia	Firmicutes	Terrabacteria group	Bacteria
154288	0.0003758987836300899	Turicibacter sanguinis	Turicibacter	Erysipelotrichaceae	Erysipelotrichales	Erysipelotrichia	Firmicutes	Terrabacteria group	Bacteria
2093857	0.00037054410010259575	UNCLASSIFIED-(final_consensus_524_depth_346)	UNCLASSIFIED-(final_consensus_524_depth_346)	Oscillospiraceae	Clostridiales	Clostridia	Firmicutes	Terrabacteria group	Bacteria
360807	0.00036733128998609924	UNCLASSIFIED-(final_consensus_525_depth_343)	Roseburia	Lachnospiraceae	Clostridiales	Clostridia	Firmicutes	Terrabacteria group	Bacteria
2479767	0.0003651894165751016	UNCLASSIFIED-(final_consensus_526_depth_341)	Blautia	Lachnospiraceae	Clostridiales	Clostridia	Firmicutes	Terrabacteria group	Bacteria
39485	0.0003619766064586051	UNCLASSIFIED-(final_consensus_528_depth_338)	Lachnospira	Lachnospiraceae	Clostridiales	Clostridia	Firmicutes	Terrabacteria group	Bacteria
536633	0.00035662192293111093	UNCLASSIFIED-(final_consensus_533_depth_333)	Blautia	Lachnospiraceae	Clostridiales	Clostridia	Firmicutes	Terrabacteria group	Bacteria
1796636	0.0003555509862256121	UNCLASSIFIED-(final_consensus_534_depth_332)	Frisingicoccus	Lachnospiraceae	Clostridiales	Clostridia	Firmicutes	Terrabacteria group	Bacteria
1796636	0.0003555509862256121	UNCLASSIFIED-(final_consensus_535_depth_332)	Frisingicoccus	Lachnospiraceae	Clostridiales	Clostridia	Firmicutes	Terrabacteria group	Bacteria
2479767	0.0003491253659926191	UNCLASSIFIED-(final_consensus_538_depth_326)	Blautia	Lachnospiraceae	Clostridiales	Clostridia	Firmicutes	Terrabacteria group	Bacteria
39485	0.0003491253659926191	UNCLASSIFIED-(final_consensus_537_depth_326)	Lachnospira	Lachnospiraceae	Clostridiales	Clostridia	Firmicutes	Terrabacteria group	Bacteria
39486	0.00034805442928712027	UNCLASSIFIED-(final_consensus_539_depth_325)	Dorea	Lachnospiraceae	Clostridiales	Clostridia	Firmicutes	Terrabacteria group	Bacteria
39485	0.00034055787234862846	UNCLASSIFIED-(final_consensus_541_depth_318)	Lachnospira	Lachnospiraceae	Clostridiales	Clostridia	Firmicutes	Terrabacteria group	Bacteria
1337051	0.0003394869356431296	UNCLASSIFIED-(final_consensus_542_depth_317)	UNCLASSIFIED-(final_consensus_542_depth_317)	Lachnospiraceae	Clostridiales	Clostridia	Firmicutes	Terrabacteria group	Bacteria
1263547	0.0003394869356431296	UNCLASSIFIED-(final_consensus_545_depth_317)	Oscillibacter	Oscillospiraceae	Clostridiales	Clostridia	Firmicutes	Terrabacteria group	Bacteria
29375	0.0003394869356431296	UNCLASSIFIED-(final_consensus_544_depth_317)	Lacrimispora	Lachnospiraceae	Clostridiales	Clostridia	Firmicutes	Terrabacteria group	Bacteria
301301	0.0003384159989376308	UNCLASSIFIED-(final_consensus_546_depth_316)	Roseburia	Lachnospiraceae	Clostridiales	Clostridia	Firmicutes	Terrabacteria group	Bacteria
2109691	0.00033734506223213195	UNCLASSIFIED-(final_consensus_548_depth_315)		Lachnospiraceae	Clostridiales	Clostridia	Firmicutes	Terrabacteria group	Bacteria
39486	0.0003319903787046378	UNCLASSIFIED-(final_consensus_551_depth_310)	Dorea	Lachnospiraceae	Clostridiales	Clostridia	Firmicutes	Terrabacteria group	Bacteria
208479	0.00033091944199913894	UNCLASSIFIED-(final_consensus_552_depth_309)	UNCLASSIFIED-(final_consensus_552_depth_309)	Lachnospiraceae	Clostridiales	Clostridia	Firmicutes	Terrabacteria group	Bacteria
40520	0.00032984850529364014	UNCLASSIFIED-(final_consensus_553_depth_308)	Blautia	Lachnospiraceae	Clostridiales	Clostridia	Firmicutes	Terrabacteria group	Bacteria
342942	0.00032984850529364014	Mediterraneibacter glycyrrhizinilyticus	Mediterraneibacter	Lachnospiraceae	Clostridiales	Clostridia	Firmicutes	Terrabacteria group	Bacteria
649756	0.00032342288506064713	UNCLASSIFIED-(final_consensus_555_depth_302)	UNCLASSIFIED-(final_consensus_555_depth_302)	Lachnospiraceae	Clostridiales	Clostridia	Firmicutes	Terrabacteria group	Bacteria
1796636	0.00032342288506064713	UNCLASSIFIED-(final_consensus_556_depth_302)	Frisingicoccus	Lachnospiraceae	Clostridiales	Clostridia	Firmicutes	Terrabacteria group	Bacteria
29348	0.00032342288506064713	[Clostridium] spiroforme	Erysipelatoclostridium	Erysipelotrichaceae	Erysipelotrichales	Erysipelotrichia	Firmicutes	Terrabacteria group	Bacteria
292800	0.0003223519483551483	Flavonifractor plautii	Flavonifractor	Ruminococcaceae	Clostridiales	Clostridia	Firmicutes	Terrabacteria group	Bacteria
2109687	0.00031913913823865183	Oscillibacter sp. PEA192	Oscillibacter	Oscillospiraceae	Clostridiales	Clostridia	Firmicutes	Terrabacteria group	Bacteria
84030	0.0003169972648276542	UNCLASSIFIED-(final_consensus_562_depth_296)	UNCLASSIFIED-(final_consensus_562_depth_296)	Lachnospiraceae	Clostridiales	Clostridia	Firmicutes	Terrabacteria group	Bacteria
853	0.0003159263281221553	UNCLASSIFIED-(final_consensus_565_depth_295)	Faecalibacterium	Ruminococcaceae	Clostridiales	Clostridia	Firmicutes	Terrabacteria group	Bacteria
208479	0.0003159263281221553	UNCLASSIFIED-(final_consensus_564_depth_295)	UNCLASSIFIED-(final_consensus_564_depth_295)	Lachnospiraceae	Clostridiales	Clostridia	Firmicutes	Terrabacteria group	Bacteria
39490	0.0003159263281221553	UNCLASSIFIED-(final_consensus_566_depth_295)	Eubacterium	Eubacteriaceae	Clostridiales	Clostridia	Firmicutes	Terrabacteria group	Bacteria
2479767	0.0003127135180056588	UNCLASSIFIED-(final_consensus_569_depth_292)	Blautia	Lachnospiraceae	Clostridiales	Clostridia	Firmicutes	Terrabacteria group	Bacteria
360807	0.00030735883447816466	UNCLASSIFIED-(final_consensus_572_depth_287)	Roseburia	Lachnospiraceae	Clostridiales	Clostridia	Firmicutes	Terrabacteria group	Bacteria
1796636	0.00030628789777266586	UNCLASSIFIED-(final_consensus_575_depth_286)	Frisingicoccus	Lachnospiraceae	Clostridiales	Clostridia	Firmicutes	Terrabacteria group	Bacteria
2479767	0.00030414602436166816	UNCLASSIFIED-(final_consensus_577_depth_284)	Blautia	Lachnospiraceae	Clostridiales	Clostridia	Firmicutes	Terrabacteria group	Bacteria
40520	0.00030414602436166816	UNCLASSIFIED-(final_consensus_578_depth_284)	Blautia	Lachnospiraceae	Clostridiales	Clostridia	Firmicutes	Terrabacteria group	Bacteria
208479	0.00030307508765616936	UNCLASSIFIED-(final_consensus_579_depth_283)	UNCLASSIFIED-(final_consensus_579_depth_283)	Lachnospiraceae	Clostridiales	Clostridia	Firmicutes	Terrabacteria group	Bacteria
40520	0.0003009332142451717	UNCLASSIFIED-(final_consensus_580_depth_281)	Blautia	Lachnospiraceae	Clostridiales	Clostridia	Firmicutes	Terrabacteria group	Bacteria
1348613	0.00029986227753967285	UNCLASSIFIED-(final_consensus_581_depth_280)	UNCLASSIFIED-(final_consensus_581_depth_280)	Vallitaleaceae	Clostridiales	Clostridia	Firmicutes	Terrabacteria group	Bacteria
2109691	0.00029986227753967285	UNCLASSIFIED-(final_consensus_582_depth_280)	UNCLASSIFIED-(final_consensus_582_depth_280)	Lachnospiraceae	Clostridiales	Clostridia	Firmicutes	Terrabacteria group	Bacteria
592978	0.0002977204041286752	UNCLASSIFIED-(final_consensus_584_depth_278)	Mediterraneibacter	Lachnospiraceae	Clostridiales	Clostridia	Firmicutes	Terrabacteria group	Bacteria
29364	0.0002977204041286752	UNCLASSIFIED-(final_consensus_583_depth_278)	UNCLASSIFIED-(final_consensus_583_depth_278)	Lachnospiraceae	Clostridiales	Clostridia	Firmicutes	Terrabacteria group	Bacteria
2585118	0.00029343665730667984	Alistipes communis	Alistipes	Rikenellaceae	Bacteroidales	Bacteroidia	Bacteroidetes	FCB group	Bacteria
1796636	0.00029236572060118104	UNCLASSIFIED-(final_consensus_590_depth_273)	Frisingicoccus	Lachnospiraceae	Clostridiales	Clostridia	Firmicutes	Terrabacteria group	Bacteria
1470347	0.0002880819737791857	Alistipes ihumii	Alistipes	Rikenellaceae	Bacteroidales	Bacteroidia	Bacteroidetes	FCB group	Bacteria
208479	0.00028594010036818803	UNCLASSIFIED-(final_consensus_595_depth_267)	UNCLASSIFIED-(final_consensus_595_depth_267)	Lachnospiraceae	Clostridiales	Clostridia	Firmicutes	Terrabacteria group	Bacteria
53443	0.0002837982269571904	Blautia hydrogenotrophica	Blautia	Lachnospiraceae	Clostridiales	Clostridia	Firmicutes	Terrabacteria group	Bacteria
168384	0.00028165635354619273	UNCLASSIFIED-(final_consensus_600_depth_263)	Marvinbryantia	Lachnospiraceae	Clostridiales	Clostridia	Firmicutes	Terrabacteria group	Bacteria
290055	0.00028165635354619273	UNCLASSIFIED-(final_consensus_598_depth_263)	UNCLASSIFIED-(final_consensus_598_depth_263)	Lachnospiraceae	Clostridiales	Clostridia	Firmicutes	Terrabacteria group	Bacteria
301301	0.00028165635354619273	UNCLASSIFIED-(final_consensus_599_depth_263)	UNCLASSIFIED-(final_consensus_599_depth_263)	Lachnospiraceae	Clostridiales	Clostridia	Firmicutes	Terrabacteria group	Bacteria
1541	0.0002816563535461927	Terrisporobacter mayombei	Terrisporobacter	Peptostreptococcaceae	Clostridiales	Clostridia	Firmicutes	Terrabacteria group	Bacteria
562	0.000279514480135195	Escherichia coli	Escherichia	Enterobacteriaceae	Enterobacterales	Gammaproteobacteria	Proteobacteria		Bacteria
2109690	0.0002784435434296962	UNCLASSIFIED-(final_consensus_602_depth_260)		Lachnospiraceae	Clostridiales	Clostridia	Firmicutes	Terrabacteria group	Bacteria
44749	0.00027737260672419737	UNCLASSIFIED-(final_consensus_605_depth_259)	UNCLASSIFIED-(final_consensus_605_depth_259)	Ruminococcaceae	Clostridiales	Clostridia	Firmicutes	Terrabacteria group	Bacteria
39490	0.00027737260672419737	UNCLASSIFIED-(final_consensus_603_depth_259)	Eubacterium	Eubacteriaceae	Clostridiales	Clostridia	Firmicutes	Terrabacteria group	Bacteria
1337051	0.00027737260672419737	UNCLASSIFIED-(final_consensus_604_depth_259)	UNCLASSIFIED-(final_consensus_604_depth_259)	Lachnospiraceae	Clostridiales	Clostridia	Firmicutes	Terrabacteria group	Bacteria
745368	0.0002763016700186986	UNCLASSIFIED-(final_consensus_606_depth_258)	Gemmiger	Ruminococcaceae	Clostridiales	Clostridia	Firmicutes	Terrabacteria group	Bacteria
216947	0.0002752307333131997	UNCLASSIFIED-(final_consensus_607_depth_257)	UNCLASSIFIED-(final_consensus_607_depth_257)	Spiroplasmataceae	Entomoplasmatales	Mollicutes	Tenericutes	Terrabacteria group	Bacteria
544645	0.00026880511308020676	Butyricimonas virosa	Butyricimonas	Odoribacteraceae	Bacteroidales	Bacteroidia	Bacteroidetes	FCB group	Bacteria
253257	0.0002677341763747079	UNCLASSIFIED-(final_consensus_613_depth_250)	UNCLASSIFIED-(final_consensus_613_depth_250)	Lachnospiraceae	Clostridiales	Clostridia	Firmicutes	Terrabacteria group	Bacteria
84030	0.0002677341763747079	UNCLASSIFIED-(final_consensus_614_depth_250)	UNCLASSIFIED-(final_consensus_614_depth_250)	Lachnospiraceae	Clostridiales	Clostridia	Firmicutes	Terrabacteria group	Bacteria
1805714	0.00026559230296371026	UNCLASSIFIED-(final_consensus_616_depth_248)	UNCLASSIFIED-(final_consensus_616_depth_248)	Christensenellaceae	Clostridiales	Clostridia	Firmicutes	Terrabacteria group	Bacteria
61171	0.00026452136625821146	Holdemania filiformis	Holdemania	Erysipelotrichaceae	Erysipelotrichales	Erysipelotrichia	Firmicutes	Terrabacteria group	Bacteria
360807	0.00026345042955271255	UNCLASSIFIED-(final_consensus_617_depth_246)	Roseburia	Lachnospiraceae	Clostridiales	Clostridia	Firmicutes	Terrabacteria group	Bacteria
84030	0.00026237949284721375	UNCLASSIFIED-(final_consensus_618_depth_245)	UNCLASSIFIED-(final_consensus_618_depth_245)	Lachnospiraceae	Clostridiales	Clostridia	Firmicutes	Terrabacteria group	Bacteria
2479767	0.0002580957460252184	UNCLASSIFIED-(final_consensus_619_depth_241)	Blautia	Lachnospiraceae	Clostridiales	Clostridia	Firmicutes	Terrabacteria group	Bacteria
84030	0.0002570248093197196	UNCLASSIFIED-(final_consensus_620_depth_240)	UNCLASSIFIED-(final_consensus_620_depth_240)	Lachnospiraceae	Clostridiales	Clostridia	Firmicutes	Terrabacteria group	Bacteria
39490	0.0002538119992032231	UNCLASSIFIED-(final_consensus_622_depth_237)	Eubacterium	Eubacteriaceae	Clostridiales	Clostridia	Firmicutes	Terrabacteria group	Bacteria
84030	0.00025167012579222544	UNCLASSIFIED-(final_consensus_623_depth_235)	UNCLASSIFIED-(final_consensus_623_depth_235)	Lachnospiraceae	Clostridiales	Clostridia	Firmicutes	Terrabacteria group	Bacteria
84030	0.0002505991890867266	UNCLASSIFIED-(final_consensus_624_depth_234)	UNCLASSIFIED-(final_consensus_624_depth_234)	Lachnospiraceae	Clostridiales	Clostridia	Firmicutes	Terrabacteria group	Bacteria
341225	0.0002495282523812278	UNCLASSIFIED-(final_consensus_626_depth_233)	UNCLASSIFIED-(final_consensus_626_depth_233)	Erysipelotrichaceae	Erysipelotrichales	Erysipelotrichia	Firmicutes	Terrabacteria group	Bacteria
2479767	0.0002463154422647313	UNCLASSIFIED-(final_consensus_627_depth_230)	Blautia	Lachnospiraceae	Clostridiales	Clostridia	Firmicutes	Terrabacteria group	Bacteria
154046	0.00024417356885373363	UNCLASSIFIED-(final_consensus_631_depth_228)	Hungatella	Clostridiaceae	Clostridiales	Clostridia	Firmicutes	Terrabacteria group	Bacteria
1834196	0.00024417356885373363	UNCLASSIFIED-(final_consensus_630_depth_228)	UNCLASSIFIED-(final_consensus_630_depth_228)	Lachnospiraceae	Clostridiales	Clostridia	Firmicutes	Terrabacteria group	Bacteria
2479767	0.00024417356885373363	UNCLASSIFIED-(final_consensus_629_depth_228)	UNCLASSIFIED-(final_consensus_629_depth_228)	Lachnospiraceae	Clostridiales	Clostridia	Firmicutes	Terrabacteria group	Bacteria
29375	0.00024310263214823478	UNCLASSIFIED-(final_consensus_632_depth_227)	Lacrimispora	Lachnospiraceae	Clostridiales	Clostridia	Firmicutes	Terrabacteria group	Bacteria
2479767	0.00024310263214823478	UNCLASSIFIED-(final_consensus_633_depth_227)	Blautia	Lachnospiraceae	Clostridiales	Clostridia	Firmicutes	Terrabacteria group	Bacteria
1541	0.00024310263214823478	UNCLASSIFIED-(final_consensus_634_depth_227)	Terrisporobacter	Peptostreptococcaceae	Clostridiales	Clostridia	Firmicutes	Terrabacteria group	Bacteria
253257	0.00024203169544273595	UNCLASSIFIED-(final_consensus_635_depth_226)	UNCLASSIFIED-(final_consensus_635_depth_226)	Lachnospiraceae	Clostridiales	Clostridia	Firmicutes	Terrabacteria group	Bacteria
208479	0.00024096075873723713	UNCLASSIFIED-(final_consensus_637_depth_225)	Enterocloster	Lachnospiraceae	Clostridiales	Clostridia	Firmicutes	Terrabacteria group	Bacteria
180332	0.00024096075873723713	UNCLASSIFIED-(final_consensus_636_depth_225)	UNCLASSIFIED-(final_consensus_636_depth_225)	Lachnospiraceae	Clostridiales	Clostridia	Firmicutes	Terrabacteria group	Bacteria
33038	0.00023988982203173827	UNCLASSIFIED-(final_consensus_638_depth_224)	UNCLASSIFIED-(final_consensus_638_depth_224)	Lachnospiraceae	Clostridiales	Clostridia	Firmicutes	Terrabacteria group	Bacteria
39488	0.00023774794862074062	UNCLASSIFIED-(final_consensus_640_depth_222)	Anaerobutyricum	Lachnospiraceae	Clostridiales	Clostridia	Firmicutes	Terrabacteria group	Bacteria
33038	0.0002366770119152418	UNCLASSIFIED-(final_consensus_641_depth_221)	Mediterraneibacter	Lachnospiraceae	Clostridiales	Clostridia	Firmicutes	Terrabacteria group	Bacteria
2093857	0.00023453513850424411	UNCLASSIFIED-(final_consensus_644_depth_219)	Dysosmobacter	Oscillospiraceae	Clostridiales	Clostridia	Firmicutes	Terrabacteria group	Bacteria
39486	0.0002334642017987453	UNCLASSIFIED-(final_consensus_645_depth_218)	Dorea	Lachnospiraceae	Clostridiales	Clostridia	Firmicutes	Terrabacteria group	Bacteria
1732	0.0002334642017987453	UNCLASSIFIED-(final_consensus_647_depth_218)	UNCLASSIFIED-(final_consensus_647_depth_218)	Eubacteriaceae	Clostridiales	Clostridia	Firmicutes	Terrabacteria group	Bacteria
2094242	0.00023239326509324646	UNCLASSIFIED-(final_consensus_651_depth_217)	UNCLASSIFIED-(final_consensus_651_depth_217)		Victivallales	Lentisphaeria	Lentisphaerae	PVC group	Bacteria
253257	0.00023239326509324646	UNCLASSIFIED-(final_consensus_650_depth_217)	Lacrimispora	Lachnospiraceae	Clostridiales	Clostridia	Firmicutes	Terrabacteria group	Bacteria
1535	0.00023239326509324646	UNCLASSIFIED-(final_consensus_648_depth_217)		Ruminococcaceae	Clostridiales	Clostridia	Firmicutes	Terrabacteria group	Bacteria
39488	0.00023025139168224878	UNCLASSIFIED-(final_consensus_653_depth_215)	Anaerobutyricum	Lachnospiraceae	Clostridiales	Clostridia	Firmicutes	Terrabacteria group	Bacteria
853	0.00023025139168224878	UNCLASSIFIED-(final_consensus_654_depth_215)	Faecalibacterium	Ruminococcaceae	Clostridiales	Clostridia	Firmicutes	Terrabacteria group	Bacteria
168384	0.00023025139168224878	UNCLASSIFIED-(final_consensus_655_depth_215)	Marvinbryantia	Lachnospiraceae	Clostridiales	Clostridia	Firmicutes	Terrabacteria group	Bacteria
154046	0.00022918045497674996	UNCLASSIFIED-(final_consensus_656_depth_214)	UNCLASSIFIED-(final_consensus_656_depth_214)	Clostridiaceae	Clostridiales	Clostridia	Firmicutes	Terrabacteria group	Bacteria
292800	0.00022918045497674996	UNCLASSIFIED-(final_consensus_657_depth_214)	Flavonifractor	Ruminococcaceae	Clostridiales	Clostridia	Firmicutes	Terrabacteria group	Bacteria
216945	0.0002270385815657523	UNCLASSIFIED-(final_consensus_659_depth_212)	UNCLASSIFIED-(final_consensus_659_depth_212)	Spiroplasmataceae	Entomoplasmatales	Mollicutes	Tenericutes	Terrabacteria group	Bacteria
253257	0.0002270385815657523	UNCLASSIFIED-(final_consensus_658_depth_212)	UNCLASSIFIED-(final_consensus_658_depth_212)	Lachnospiraceae	Clostridiales	Clostridia	Firmicutes	Terrabacteria group	Bacteria
2093857	0.00022596764486025348	UNCLASSIFIED-(final_consensus_661_depth_211)	Dysosmobacter	Oscillospiraceae	Clostridiales	Clostridia	Firmicutes	Terrabacteria group	Bacteria
301301	0.00022596764486025348	UNCLASSIFIED-(final_consensus_660_depth_211)	UNCLASSIFIED-(final_consensus_660_depth_211)	Lachnospiraceae	Clostridiales	Clostridia	Firmicutes	Terrabacteria group	Bacteria
301301	0.0002238257714492558	UNCLASSIFIED-(final_consensus_663_depth_209)	Roseburia	Lachnospiraceae	Clostridiales	Clostridia	Firmicutes	Terrabacteria group	Bacteria
758823	0.0002238257714492558	UNCLASSIFIED-(final_consensus_664_depth_209)	UNCLASSIFIED-(final_consensus_664_depth_209)		Vampirovibrionales		Candidatus Melainabacteria	Terrabacteria group	Bacteria
853	0.00022275483474375697	UNCLASSIFIED-(final_consensus_666_depth_208)	Faecalibacterium	Ruminococcaceae	Clostridiales	Clostridia	Firmicutes	Terrabacteria group	Bacteria
1776382	0.00022275483474375697	UNCLASSIFIED-(final_consensus_665_depth_208)	UNCLASSIFIED-(final_consensus_665_depth_208)	Ruminococcaceae	Clostridiales	Clostridia	Firmicutes	Terrabacteria group	Bacteria
84030	0.00021740015121626282	UNCLASSIFIED-(final_consensus_668_depth_203)	UNCLASSIFIED-(final_consensus_668_depth_203)	Lachnospiraceae	Clostridiales	Clostridia	Firmicutes	Terrabacteria group	Bacteria
2093857	0.00021740015121626282	UNCLASSIFIED-(final_consensus_667_depth_203)	Dysosmobacter	Oscillospiraceae	Clostridiales	Clostridia	Firmicutes	Terrabacteria group	Bacteria
214856	0.00021740015121626282	Alistipes finegoldii	Alistipes	Rikenellaceae	Bacteroidales	Bacteroidia	Bacteroidetes	FCB group	Bacteria
2060726	0.000216329214510764	UNCLASSIFIED-(final_consensus_669_depth_202)	UNCLASSIFIED-(final_consensus_669_depth_202)	Rhizobiaceae	Rhizobiales	Alphaproteobacteria	Proteobacteria		Bacteria
116085	0.000216329214510764	UNCLASSIFIED-(final_consensus_670_depth_202)	Coprococcus	Lachnospiraceae	Clostridiales	Clostridia	Firmicutes	Terrabacteria group	Bacteria
853	0.000216329214510764	UNCLASSIFIED-(final_consensus_671_depth_202)	Faecalibacterium	Ruminococcaceae	Clostridiales	Clostridia	Firmicutes	Terrabacteria group	Bacteria
2479767	0.0002131164043942675	UNCLASSIFIED-(final_consensus_673_depth_199)	UNCLASSIFIED-(final_consensus_673_depth_199)	Lachnospiraceae	Clostridiales	Clostridia	Firmicutes	Terrabacteria group	Bacteria
1720294	0.0002131164043942675	Eisenbergiella massiliensis	Eisenbergiella	Lachnospiraceae	Clostridiales	Clostridia	Firmicutes	Terrabacteria group	Bacteria
351091	0.00021204546768876866	UNCLASSIFIED-(final_consensus_675_depth_198)	UNCLASSIFIED-(final_consensus_675_depth_198)	Oscillospiraceae	Clostridiales	Clostridia	Firmicutes	Terrabacteria group	Bacteria
1870986	0.00021204546768876866	Colidextribacter massiliensis	Colidextribacter		Clostridiales	Clostridia	Firmicutes	Terrabacteria group	Bacteria
84032	0.00021097453098326983	UNCLASSIFIED-(final_consensus_677_depth_197)	UNCLASSIFIED-(final_consensus_677_depth_197)	Hungateiclostridiaceae	Clostridiales	Clostridia	Firmicutes	Terrabacteria group	Bacteria
39488	0.000209903594277771	UNCLASSIFIED-(final_consensus_680_depth_196)	Anaerobutyricum	Lachnospiraceae	Clostridiales	Clostridia	Firmicutes	Terrabacteria group	Bacteria
853	0.00020776172086677333	UNCLASSIFIED-(final_consensus_681_depth_194)	Faecalibacterium	Ruminococcaceae	Clostridiales	Clostridia	Firmicutes	Terrabacteria group	Bacteria
84030	0.00020776172086677333	UNCLASSIFIED-(final_consensus_682_depth_194)	UNCLASSIFIED-(final_consensus_682_depth_194)	Lachnospiraceae	Clostridiales	Clostridia	Firmicutes	Terrabacteria group	Bacteria
290055	0.0002066907841612745	UNCLASSIFIED-(final_consensus_686_depth_193)	Faecalicatena	Lachnospiraceae	Clostridiales	Clostridia	Firmicutes	Terrabacteria group	Bacteria
39492	0.0002066907841612745	UNCLASSIFIED-(final_consensus_685_depth_193)	UNCLASSIFIED-(final_consensus_685_depth_193)	Ruminococcaceae	Clostridiales	Clostridia	Firmicutes	Terrabacteria group	Bacteria
216945	0.00020561984745577568	UNCLASSIFIED-(final_consensus_687_depth_192)	UNCLASSIFIED-(final_consensus_687_depth_192)	Spiroplasmataceae	Entomoplasmatales	Mollicutes	Tenericutes	Terrabacteria group	Bacteria
253257	0.00020454891075027682	UNCLASSIFIED-(final_consensus_689_depth_191)	UNCLASSIFIED-(final_consensus_689_depth_191)	Lachnospiraceae	Clostridiales	Clostridia	Firmicutes	Terrabacteria group	Bacteria
29361	0.000203477974044778	UNCLASSIFIED-(final_consensus_692_depth_190)	Tyzzerella	Lachnospiraceae	Clostridiales	Clostridia	Firmicutes	Terrabacteria group	Bacteria
33038	0.000203477974044778	UNCLASSIFIED-(final_consensus_691_depth_190)	Mediterraneibacter	Lachnospiraceae	Clostridiales	Clostridia	Firmicutes	Terrabacteria group	Bacteria
39486	0.000203477974044778	UNCLASSIFIED-(final_consensus_693_depth_190)	Dorea	Lachnospiraceae	Clostridiales	Clostridia	Firmicutes	Terrabacteria group	Bacteria
39486	0.00020240703733927917	UNCLASSIFIED-(final_consensus_696_depth_189)	Dorea	Lachnospiraceae	Clostridiales	Clostridia	Firmicutes	Terrabacteria group	Bacteria
33038	0.00020133610063378035	UNCLASSIFIED-(final_consensus_698_depth_188)	Mediterraneibacter	Lachnospiraceae	Clostridiales	Clostridia	Firmicutes	Terrabacteria group	Bacteria
39490	0.00020133610063378035	UNCLASSIFIED-(final_consensus_697_depth_188)	Eubacterium	Eubacteriaceae	Clostridiales	Clostridia	Firmicutes	Terrabacteria group	Bacteria
84030	0.00020133610063378035	UNCLASSIFIED-(final_consensus_699_depth_188)	UNCLASSIFIED-(final_consensus_699_depth_188)	Lachnospiraceae	Clostridiales	Clostridia	Firmicutes	Terrabacteria group	Bacteria
1871035	0.00020026516392828152	UNCLASSIFIED-(final_consensus_700_depth_187)	Negativibacillus	Ruminococcaceae	Clostridiales	Clostridia	Firmicutes	Terrabacteria group	Bacteria
29353	0.00019705235381178502	UNCLASSIFIED-(final_consensus_702_depth_184)	UNCLASSIFIED-(final_consensus_702_depth_184)	Hungateiclostridiaceae	Clostridiales	Clostridia	Firmicutes	Terrabacteria group	Bacteria
208479	0.0001959814171062862	UNCLASSIFIED-(final_consensus_705_depth_183)	UNCLASSIFIED-(final_consensus_705_depth_183)	Lachnospiraceae	Clostridiales	Clostridia	Firmicutes	Terrabacteria group	Bacteria
154046	0.0001959814171062862	UNCLASSIFIED-(final_consensus_708_depth_183)	UNCLASSIFIED-(final_consensus_708_depth_183)	Clostridiaceae	Clostridiales	Clostridia	Firmicutes	Terrabacteria group	Bacteria
1308	0.00019491048040078736	Streptococcus thermophilus	Streptococcus	Streptococcaceae	Lactobacillales	Bacilli	Firmicutes	Terrabacteria group	Bacteria
89014	0.00019491048040078736	UNCLASSIFIED-(final_consensus_709_depth_182)	Blautia	Lachnospiraceae	Clostridiales	Clostridia	Firmicutes	Terrabacteria group	Bacteria
116085	0.0001938395436952885	UNCLASSIFIED-(final_consensus_712_depth_181)	Coprococcus	Lachnospiraceae	Clostridiales	Clostridia	Firmicutes	Terrabacteria group	Bacteria
39497	0.0001938395436952885	UNCLASSIFIED-(final_consensus_713_depth_181)	UNCLASSIFIED-(final_consensus_713_depth_181)	Eubacteriaceae	Clostridiales	Clostridia	Firmicutes	Terrabacteria group	Bacteria
1263547	0.00019169767028429086	UNCLASSIFIED-(final_consensus_715_depth_179)	Oscillibacter	Oscillospiraceae	Clostridiales	Clostridia	Firmicutes	Terrabacteria group	Bacteria
253257	0.00019169767028429086	UNCLASSIFIED-(final_consensus_717_depth_179)	Lacrimispora	Lachnospiraceae	Clostridiales	Clostridia	Firmicutes	Terrabacteria group	Bacteria
1981510	0.00019169767028429086	UNCLASSIFIED-(final_consensus_716_depth_179)	UNCLASSIFIED-(final_consensus_716_depth_179)		Clostridiales	Clostridia	Firmicutes	Terrabacteria group	Bacteria
2479767	0.00019169767028429086	UNCLASSIFIED-(final_consensus_719_depth_179)	Blautia	Lachnospiraceae	Clostridiales	Clostridia	Firmicutes	Terrabacteria group	Bacteria
2610895	0.0001895557968732932	UNCLASSIFIED-(final_consensus_720_depth_177)	Flintibacter		Clostridiales	Clostridia	Firmicutes	Terrabacteria group	Bacteria
2479767	0.00018848486016779435	UNCLASSIFIED-(final_consensus_721_depth_176)	UNCLASSIFIED-(final_consensus_721_depth_176)	Lachnospiraceae	Clostridiales	Clostridia	Firmicutes	Terrabacteria group	Bacteria
592978	0.00018848486016779435	UNCLASSIFIED-(final_consensus_722_depth_176)	Mediterraneibacter	Lachnospiraceae	Clostridiales	Clostridia	Firmicutes	Terrabacteria group	Bacteria
84030	0.00018741392346229553	UNCLASSIFIED-(final_consensus_725_depth_175)	UNCLASSIFIED-(final_consensus_725_depth_175)	Lachnospiraceae	Clostridiales	Clostridia	Firmicutes	Terrabacteria group	Bacteria
208479	0.0001863429867567967	UNCLASSIFIED-(final_consensus_726_depth_174)	UNCLASSIFIED-(final_consensus_726_depth_174)	Lachnospiraceae	Clostridiales	Clostridia	Firmicutes	Terrabacteria group	Bacteria
1852367	0.0001863429867567967	UNCLASSIFIED-(final_consensus_729_depth_174)	UNCLASSIFIED-(final_consensus_729_depth_174)	Clostridiales Family XIII. Incertae Sedis	Clostridiales	Clostridia	Firmicutes	Terrabacteria group	Bacteria
871325	0.0001863429867567967	UNCLASSIFIED-(final_consensus_728_depth_174)	Bacteroides	Bacteroidaceae	Bacteroidales	Bacteroidia	Bacteroidetes	FCB group	Bacteria
208479	0.0001863429867567967	UNCLASSIFIED-(final_consensus_727_depth_174)	Enterocloster	Lachnospiraceae	Clostridiales	Clostridia	Firmicutes	Terrabacteria group	Bacteria
2610895	0.00018420111334579905	UNCLASSIFIED-(final_consensus_730_depth_172)	Flintibacter		Clostridiales	Clostridia	Firmicutes	Terrabacteria group	Bacteria
1337051	0.00018098830322930254	UNCLASSIFIED-(final_consensus_731_depth_169)	UNCLASSIFIED-(final_consensus_731_depth_169)	Lachnospiraceae	Clostridiales	Clostridia	Firmicutes	Terrabacteria group	Bacteria
84030	0.0001788464298183049	UNCLASSIFIED-(final_consensus_734_depth_167)	UNCLASSIFIED-(final_consensus_734_depth_167)	Lachnospiraceae	Clostridiales	Clostridia	Firmicutes	Terrabacteria group	Bacteria
253257	0.00017777549311280604	UNCLASSIFIED-(final_consensus_736_depth_166)	UNCLASSIFIED-(final_consensus_736_depth_166)	Lachnospiraceae	Clostridiales	Clostridia	Firmicutes	Terrabacteria group	Bacteria
2093857	0.00017777549311280604	UNCLASSIFIED-(final_consensus_735_depth_166)	UNCLASSIFIED-(final_consensus_735_depth_166)	Oscillospiraceae	Clostridiales	Clostridia	Firmicutes	Terrabacteria group	Bacteria
29375	0.0001767045564073072	UNCLASSIFIED-(final_consensus_738_depth_165)	Lacrimispora	Lachnospiraceae	Clostridiales	Clostridia	Firmicutes	Terrabacteria group	Bacteria
1541	0.0001756336197018084	UNCLASSIFIED-(final_consensus_739_depth_164)	Terrisporobacter	Peptostreptococcaceae	Clostridiales	Clostridia	Firmicutes	Terrabacteria group	Bacteria
208479	0.0001756336197018084	UNCLASSIFIED-(final_consensus_741_depth_164)	Enterocloster	Lachnospiraceae	Clostridiales	Clostridia	Firmicutes	Terrabacteria group	Bacteria
192	0.0001756336197018084	UNCLASSIFIED-(final_consensus_740_depth_164)	UNCLASSIFIED-(final_consensus_740_depth_164)	Rhodospirillaceae	Rhodospirillales	Alphaproteobacteria	Proteobacteria		Bacteria
29348	0.00017456268299630956	UNCLASSIFIED-(final_consensus_744_depth_163)	UNCLASSIFIED-(final_consensus_744_depth_163)	Erysipelotrichaceae	Erysipelotrichales	Erysipelotrichia	Firmicutes	Terrabacteria group	Bacteria
2479767	0.00017456268299630956	UNCLASSIFIED-(final_consensus_742_depth_163)	Blautia	Lachnospiraceae	Clostridiales	Clostridia	Firmicutes	Terrabacteria group	Bacteria
29353	0.00017456268299630956	UNCLASSIFIED-(final_consensus_743_depth_163)	UNCLASSIFIED-(final_consensus_743_depth_163)	Hungateiclostridiaceae	Clostridiales	Clostridia	Firmicutes	Terrabacteria group	Bacteria
1358	0.00017242080958531188	Lactococcus lactis	Lactococcus	Streptococcaceae	Lactobacillales	Bacilli	Firmicutes	Terrabacteria group	Bacteria
1337051	0.00017134987287981306	UNCLASSIFIED-(final_consensus_747_depth_160)	UNCLASSIFIED-(final_consensus_747_depth_160)	Lachnospiraceae	Clostridiales	Clostridia	Firmicutes	Terrabacteria group	Bacteria
1297617	0.00017134987287981306	UNCLASSIFIED-(final_consensus_746_depth_160)	UNCLASSIFIED-(final_consensus_746_depth_160)		Clostridiales	Clostridia	Firmicutes	Terrabacteria group	Bacteria
154046	0.00017027893617431423	UNCLASSIFIED-(final_consensus_749_depth_159)	UNCLASSIFIED-(final_consensus_749_depth_159)	Clostridiaceae	Clostridiales	Clostridia	Firmicutes	Terrabacteria group	Bacteria
2086585	0.0001692079994688154	UNCLASSIFIED-(final_consensus_750_depth_158)	UNCLASSIFIED-(final_consensus_750_depth_158)	Christensenellaceae	Clostridiales	Clostridia	Firmicutes	Terrabacteria group	Bacteria
1870988	0.0001692079994688154	UNCLASSIFIED-(final_consensus_752_depth_158)	Pseudoflavonifractor	Ruminococcaceae	Clostridiales	Clostridia	Firmicutes	Terrabacteria group	Bacteria
253257	0.00016813706276331655	UNCLASSIFIED-(final_consensus_753_depth_157)	Lacrimispora	Lachnospiraceae	Clostridiales	Clostridia	Firmicutes	Terrabacteria group	Bacteria
1907662	0.00016706612605781772	UNCLASSIFIED-(final_consensus_754_depth_156)	UNCLASSIFIED-(final_consensus_754_depth_156)	Eggerthellaceae	Eggerthellales	Coriobacteriia	Actinobacteria	Terrabacteria group	Bacteria
328812	0.0001659951893523189	UNCLASSIFIED-(final_consensus_757_depth_155)	Parabacteroides	Tannerellaceae	Bacteroidales	Bacteroidia	Bacteroidetes	FCB group	Bacteria
2507162	0.0001659951893523189	UNCLASSIFIED-(final_consensus_756_depth_155)	UNCLASSIFIED-(final_consensus_756_depth_155)	Ruminococcaceae	Clostridiales	Clostridia	Firmicutes	Terrabacteria group	Bacteria
1907662	0.0001659951893523189	UNCLASSIFIED-(final_consensus_755_depth_155)	UNCLASSIFIED-(final_consensus_755_depth_155)	Eggerthellaceae	Eggerthellales	Coriobacteriia	Actinobacteria	Terrabacteria group	Bacteria
487174	0.00016385331594132125	UNCLASSIFIED-(final_consensus_758_depth_153)	Barnesiella	Barnesiellaceae	Bacteroidales	Bacteroidia	Bacteroidetes	FCB group	Bacteria
84030	0.0001627823792358224	UNCLASSIFIED-(final_consensus_762_depth_152)	UNCLASSIFIED-(final_consensus_762_depth_152)	Lachnospiraceae	Clostridiales	Clostridia	Firmicutes	Terrabacteria group	Bacteria
301302	0.0001627823792358224	UNCLASSIFIED-(final_consensus_761_depth_152)	Roseburia	Lachnospiraceae	Clostridiales	Clostridia	Firmicutes	Terrabacteria group	Bacteria
84030	0.00016064050582482474	UNCLASSIFIED-(final_consensus_765_depth_150)	UNCLASSIFIED-(final_consensus_765_depth_150)	Lachnospiraceae	Clostridiales	Clostridia	Firmicutes	Terrabacteria group	Bacteria
29375	0.0001584986324138271	UNCLASSIFIED-(final_consensus_766_depth_148)	Lacrimispora	Lachnospiraceae	Clostridiales	Clostridia	Firmicutes	Terrabacteria group	Bacteria
2479767	0.0001584986324138271	UNCLASSIFIED-(final_consensus_767_depth_148)	Blautia	Lachnospiraceae	Clostridiales	Clostridia	Firmicutes	Terrabacteria group	Bacteria
39488	0.00015742769570832824	UNCLASSIFIED-(final_consensus_771_depth_147)	Anaerobutyricum	Lachnospiraceae	Clostridiales	Clostridia	Firmicutes	Terrabacteria group	Bacteria
351091	0.00015742769570832824	UNCLASSIFIED-(final_consensus_769_depth_147)	UNCLASSIFIED-(final_consensus_769_depth_147)	Oscillospiraceae	Clostridiales	Clostridia	Firmicutes	Terrabacteria group	Bacteria
2479767	0.00015742769570832824	UNCLASSIFIED-(final_consensus_770_depth_147)	Blautia	Lachnospiraceae	Clostridiales	Clostridia	Firmicutes	Terrabacteria group	Bacteria
1981510	0.0001563567590028294	UNCLASSIFIED-(final_consensus_775_depth_146)	UNCLASSIFIED-(final_consensus_775_depth_146)		Clostridiales	Clostridia	Firmicutes	Terrabacteria group	Bacteria
29353	0.0001563567590028294	UNCLASSIFIED-(final_consensus_772_depth_146)	UNCLASSIFIED-(final_consensus_772_depth_146)	Hungateiclostridiaceae	Clostridiales	Clostridia	Firmicutes	Terrabacteria group	Bacteria
2093857	0.0001563567590028294	UNCLASSIFIED-(final_consensus_774_depth_146)	UNCLASSIFIED-(final_consensus_774_depth_146)	Oscillospiraceae	Clostridiales	Clostridia	Firmicutes	Terrabacteria group	Bacteria
2025493	0.00015528582229733058	UNCLASSIFIED-(final_consensus_776_depth_145)	UNCLASSIFIED-(final_consensus_776_depth_145)	Lachnospiraceae	Clostridiales	Clostridia	Firmicutes	Terrabacteria group	Bacteria
1337051	0.00015528582229733058	UNCLASSIFIED-(final_consensus_777_depth_145)	UNCLASSIFIED-(final_consensus_777_depth_145)	Lachnospiraceae	Clostridiales	Clostridia	Firmicutes	Terrabacteria group	Bacteria
84030	0.00015421488559183176	UNCLASSIFIED-(final_consensus_779_depth_144)	UNCLASSIFIED-(final_consensus_779_depth_144)	Lachnospiraceae	Clostridiales	Clostridia	Firmicutes	Terrabacteria group	Bacteria
208479	0.00015421488559183176	Enterocloster bolteae	Enterocloster	Lachnospiraceae	Clostridiales	Clostridia	Firmicutes	Terrabacteria group	Bacteria
1981510	0.00015421488559183176	UNCLASSIFIED-(final_consensus_780_depth_144)	UNCLASSIFIED-(final_consensus_780_depth_144)		Clostridiales	Clostridia	Firmicutes	Terrabacteria group	Bacteria
2610895	0.00015314394888633293	UNCLASSIFIED-(final_consensus_781_depth_143)	Flintibacter		Clostridiales	Clostridia	Firmicutes	Terrabacteria group	Bacteria
39488	0.00015207301218083408	UNCLASSIFIED-(final_consensus_783_depth_142)	Anaerobutyricum	Lachnospiraceae	Clostridiales	Clostridia	Firmicutes	Terrabacteria group	Bacteria
1234680	0.00014993113876983643	Streptococcus rubneri	Streptococcus	Streptococcaceae	Lactobacillales	Bacilli	Firmicutes	Terrabacteria group	Bacteria
84030	0.00014778926535883877	UNCLASSIFIED-(final_consensus_789_depth_138)	UNCLASSIFIED-(final_consensus_789_depth_138)	Lachnospiraceae	Clostridiales	Clostridia	Firmicutes	Terrabacteria group	Bacteria
29364	0.00014778926535883877	UNCLASSIFIED-(final_consensus_792_depth_138)	UNCLASSIFIED-(final_consensus_792_depth_138)	Lachnospiraceae	Clostridiales	Clostridia	Firmicutes	Terrabacteria group	Bacteria
1263547	0.00014778926535883877	UNCLASSIFIED-(final_consensus_790_depth_138)	Oscillibacter	Oscillospiraceae	Clostridiales	Clostridia	Firmicutes	Terrabacteria group	Bacteria
29375	0.00014778926535883877	UNCLASSIFIED-(final_consensus_793_depth_138)	UNCLASSIFIED-(final_consensus_793_depth_138)	Lachnospiraceae	Clostridiales	Clostridia	Firmicutes	Terrabacteria group	Bacteria
328812	0.00014778926535883877	UNCLASSIFIED-(final_consensus_791_depth_138)	Parabacteroides	Tannerellaceae	Bacteroidales	Bacteroidia	Bacteroidetes	FCB group	Bacteria
1907662	0.00014671832865333992	UNCLASSIFIED-(final_consensus_794_depth_137)	UNCLASSIFIED-(final_consensus_794_depth_137)	Eggerthellaceae	Eggerthellales	Coriobacteriia	Actinobacteria	Terrabacteria group	Bacteria
154046	0.0001456473919478411	UNCLASSIFIED-(final_consensus_795_depth_136)	UNCLASSIFIED-(final_consensus_795_depth_136)	Clostridiaceae	Clostridiales	Clostridia	Firmicutes	Terrabacteria group	Bacteria
871665	0.0001456473919478411	UNCLASSIFIED-(final_consensus_796_depth_136)	Blautia	Lachnospiraceae	Clostridiales	Clostridia	Firmicutes	Terrabacteria group	Bacteria
1414720	0.00014457645524234227	UNCLASSIFIED-(final_consensus_799_depth_135)	Clostridium	Clostridiaceae	Clostridiales	Clostridia	Firmicutes	Terrabacteria group	Bacteria
2109688	0.00014350551853684344	UNCLASSIFIED-(final_consensus_801_depth_134)			Clostridiales	Clostridia	Firmicutes	Terrabacteria group	Bacteria
29546	0.00014350551853684344	UNCLASSIFIED-(final_consensus_800_depth_134)	UNCLASSIFIED-(final_consensus_800_depth_134)	Desulfovibrionaceae	Desulfovibrionales	Deltaproteobacteria	Proteobacteria		Bacteria
169435	0.0001424345818313446	UNCLASSIFIED-(final_consensus_803_depth_133)	Anaerotruncus	Ruminococcaceae	Clostridiales	Clostridia	Firmicutes	Terrabacteria group	Bacteria
1907662	0.0001424345818313446	UNCLASSIFIED-(final_consensus_802_depth_133)	UNCLASSIFIED-(final_consensus_802_depth_133)	Eggerthellaceae	Eggerthellales	Coriobacteriia	Actinobacteria	Terrabacteria group	Bacteria
1907662	0.00014136364512584576	UNCLASSIFIED-(final_consensus_804_depth_132)	UNCLASSIFIED-(final_consensus_804_depth_132)	Eggerthellaceae	Eggerthellales	Coriobacteriia	Actinobacteria	Terrabacteria group	Bacteria
28052	0.00014136364512584576	UNCLASSIFIED-(final_consensus_805_depth_132)	Lachnospira	Lachnospiraceae	Clostridiales	Clostridia	Firmicutes	Terrabacteria group	Bacteria
31971	0.00014029270842034694	UNCLASSIFIED-(final_consensus_809_depth_131)	UNCLASSIFIED-(final_consensus_809_depth_131)	Erysipelotrichaceae	Erysipelotrichales	Erysipelotrichia	Firmicutes	Terrabacteria group	Bacteria
384636	0.00014029270842034694	UNCLASSIFIED-(final_consensus_812_depth_131)	UNCLASSIFIED-(final_consensus_812_depth_131)	Clostridiaceae	Clostridiales	Clostridia	Firmicutes	Terrabacteria group	Bacteria
592978	0.00014029270842034694	UNCLASSIFIED-(final_consensus_808_depth_131)	Mediterraneibacter	Lachnospiraceae	Clostridiales	Clostridia	Firmicutes	Terrabacteria group	Bacteria
2109691	0.00014029270842034694	UNCLASSIFIED-(final_consensus_810_depth_131)		Lachnospiraceae	Clostridiales	Clostridia	Firmicutes	Terrabacteria group	Bacteria
84030	0.00014029270842034694	UNCLASSIFIED-(final_consensus_811_depth_131)	UNCLASSIFIED-(final_consensus_811_depth_131)	Lachnospiraceae	Clostridiales	Clostridia	Firmicutes	Terrabacteria group	Bacteria
29361	0.00014029270842034694	UNCLASSIFIED-(final_consensus_807_depth_131)	Tyzzerella	Lachnospiraceae	Clostridiales	Clostridia	Firmicutes	Terrabacteria group	Bacteria
39490	0.0001392217717148481	UNCLASSIFIED-(final_consensus_814_depth_130)	Eubacterium	Eubacteriaceae	Clostridiales	Clostridia	Firmicutes	Terrabacteria group	Bacteria
39488	0.0001392217717148481	UNCLASSIFIED-(final_consensus_815_depth_130)	Anaerobutyricum	Lachnospiraceae	Clostridiales	Clostridia	Firmicutes	Terrabacteria group	Bacteria
39482	0.0001381508350093493	UNCLASSIFIED-(final_consensus_817_depth_129)	UNCLASSIFIED-(final_consensus_817_depth_129)	Lachnospiraceae	Clostridiales	Clostridia	Firmicutes	Terrabacteria group	Bacteria
1834196	0.0001381508350093493	UNCLASSIFIED-(final_consensus_816_depth_129)	UNCLASSIFIED-(final_consensus_816_depth_129)	Lachnospiraceae	Clostridiales	Clostridia	Firmicutes	Terrabacteria group	Bacteria
1754012	0.00013707989830385043	UNCLASSIFIED-(final_consensus_818_depth_128)	UNCLASSIFIED-(final_consensus_818_depth_128)	Erysipelotrichaceae	Erysipelotrichales	Erysipelotrichia	Firmicutes	Terrabacteria group	Bacteria
29375	0.0001360089615983516	UNCLASSIFIED-(final_consensus_820_depth_127)	UNCLASSIFIED-(final_consensus_820_depth_127)	Lachnospiraceae	Clostridiales	Clostridia	Firmicutes	Terrabacteria group	Bacteria
351091	0.0001360089615983516	UNCLASSIFIED-(final_consensus_819_depth_127)	UNCLASSIFIED-(final_consensus_819_depth_127)	Oscillospiraceae	Clostridiales	Clostridia	Firmicutes	Terrabacteria group	Bacteria
626937	0.00013279615148185513	UNCLASSIFIED-(final_consensus_827_depth_124)	UNCLASSIFIED-(final_consensus_827_depth_124)	Christensenellaceae	Clostridiales	Clostridia	Firmicutes	Terrabacteria group	Bacteria
84030	0.00013279615148185513	UNCLASSIFIED-(final_consensus_826_depth_124)	UNCLASSIFIED-(final_consensus_826_depth_124)	Lachnospiraceae	Clostridiales	Clostridia	Firmicutes	Terrabacteria group	Bacteria
1870988	0.00013279615148185513	UNCLASSIFIED-(final_consensus_828_depth_124)	Pseudoflavonifractor	Ruminococcaceae	Clostridiales	Clostridia	Firmicutes	Terrabacteria group	Bacteria
1432052	0.00013279615148185513	UNCLASSIFIED-(final_consensus_823_depth_124)	UNCLASSIFIED-(final_consensus_823_depth_124)	Lachnospiraceae	Clostridiales	Clostridia	Firmicutes	Terrabacteria group	Bacteria
29375	0.00013172521477635628	UNCLASSIFIED-(final_consensus_832_depth_123)	UNCLASSIFIED-(final_consensus_832_depth_123)	Lachnospiraceae	Clostridiales	Clostridia	Firmicutes	Terrabacteria group	Bacteria
2038680	0.00013172521477635628	UNCLASSIFIED-(final_consensus_830_depth_123)	UNCLASSIFIED-(final_consensus_830_depth_123)	Ruminococcaceae	Clostridiales	Clostridia	Firmicutes	Terrabacteria group	Bacteria
1337051	0.00013172521477635628	UNCLASSIFIED-(final_consensus_831_depth_123)	UNCLASSIFIED-(final_consensus_831_depth_123)	Lachnospiraceae	Clostridiales	Clostridia	Firmicutes	Terrabacteria group	Bacteria
1337051	0.00013172521477635628	UNCLASSIFIED-(final_consensus_833_depth_123)	UNCLASSIFIED-(final_consensus_833_depth_123)	Lachnospiraceae	Clostridiales	Clostridia	Firmicutes	Terrabacteria group	Bacteria
84030	0.00013065427807085745	UNCLASSIFIED-(final_consensus_834_depth_122)	UNCLASSIFIED-(final_consensus_834_depth_122)	Lachnospiraceae	Clostridiales	Clostridia	Firmicutes	Terrabacteria group	Bacteria
116085	0.00012958334136535862	UNCLASSIFIED-(final_consensus_837_depth_121)	Coprococcus	Lachnospiraceae	Clostridiales	Clostridia	Firmicutes	Terrabacteria group	Bacteria
33035	0.00012958334136535862	UNCLASSIFIED-(final_consensus_836_depth_121)	Blautia	Lachnospiraceae	Clostridiales	Clostridia	Firmicutes	Terrabacteria group	Bacteria
1776391	0.0001285124046598598	UNCLASSIFIED-(final_consensus_839_depth_120)	Romboutsia	Peptostreptococcaceae	Clostridiales	Clostridia	Firmicutes	Terrabacteria group	Bacteria
1099853	0.00012744146795436097	UNCLASSIFIED-(final_consensus_840_depth_119)	UNCLASSIFIED-(final_consensus_840_depth_119)	Barnesiellaceae	Bacteroidales	Bacteroidia	Bacteroidetes	FCB group	Bacteria
1776382	0.00012637053124886212	Neglecta timonensis	Neglecta	Ruminococcaceae	Clostridiales	Clostridia	Firmicutes	Terrabacteria group	Bacteria
2610895	0.00012637053124886212	UNCLASSIFIED-(final_consensus_842_depth_118)	Flintibacter		Clostridiales	Clostridia	Firmicutes	Terrabacteria group	Bacteria
89014	0.00012637053124886212	UNCLASSIFIED-(final_consensus_843_depth_118)	Blautia	Lachnospiraceae	Clostridiales	Clostridia	Firmicutes	Terrabacteria group	Bacteria
2093857	0.0001252995945433633	UNCLASSIFIED-(final_consensus_844_depth_117)	Dysosmobacter	Oscillospiraceae	Clostridiales	Clostridia	Firmicutes	Terrabacteria group	Bacteria
74426	0.00012422865783786447	Collinsella aerofaciens	Collinsella	Coriobacteriaceae	Coriobacteriales	Coriobacteriia	Actinobacteria	Terrabacteria group	Bacteria
1871035	0.00012422865783786447	UNCLASSIFIED-(final_consensus_845_depth_116)	Negativibacillus	Ruminococcaceae	Clostridiales	Clostridia	Firmicutes	Terrabacteria group	Bacteria
39496	0.00012422865783786447	UNCLASSIFIED-(final_consensus_847_depth_116)	Eubacterium	Eubacteriaceae	Clostridiales	Clostridia	Firmicutes	Terrabacteria group	Bacteria
253257	0.00012315772113236564	UNCLASSIFIED-(final_consensus_849_depth_115)	UNCLASSIFIED-(final_consensus_849_depth_115)	Lachnospiraceae	Clostridiales	Clostridia	Firmicutes	Terrabacteria group	Bacteria
2610895	0.00012208678442686682	UNCLASSIFIED-(final_consensus_852_depth_114)	Flintibacter		Clostridiales	Clostridia	Firmicutes	Terrabacteria group	Bacteria
290055	0.00012208678442686682	UNCLASSIFIED-(final_consensus_851_depth_114)	Faecalicatena	Lachnospiraceae	Clostridiales	Clostridia	Firmicutes	Terrabacteria group	Bacteria
253257	0.00012101584772136798	UNCLASSIFIED-(final_consensus_853_depth_113)	Lacrimispora	Lachnospiraceae	Clostridiales	Clostridia	Firmicutes	Terrabacteria group	Bacteria
253257	0.00011994491101586914	UNCLASSIFIED-(final_consensus_855_depth_112)	UNCLASSIFIED-(final_consensus_855_depth_112)	Lachnospiraceae	Clostridiales	Clostridia	Firmicutes	Terrabacteria group	Bacteria
1289106	0.00011994491101586914	UNCLASSIFIED-(final_consensus_854_depth_112)	UNCLASSIFIED-(final_consensus_854_depth_112)	Bacillaceae	Bacillales	Bacilli	Firmicutes	Terrabacteria group	Bacteria
2109691	0.00011887397431037031	UNCLASSIFIED-(final_consensus_856_depth_111)	UNCLASSIFIED-(final_consensus_856_depth_111)	Lachnospiraceae	Clostridiales	Clostridia	Firmicutes	Terrabacteria group	Bacteria
351091	0.00011887397431037031	UNCLASSIFIED-(final_consensus_857_depth_111)	UNCLASSIFIED-(final_consensus_857_depth_111)	Oscillospiraceae	Clostridiales	Clostridia	Firmicutes	Terrabacteria group	Bacteria
84030	0.00011780303760487147	UNCLASSIFIED-(final_consensus_859_depth_110)	UNCLASSIFIED-(final_consensus_859_depth_110)	Lachnospiraceae	Clostridiales	Clostridia	Firmicutes	Terrabacteria group	Bacteria
1841867	0.00011673210089937264	UNCLASSIFIED-(final_consensus_860_depth_109)	UNCLASSIFIED-(final_consensus_860_depth_109)	Ruminococcaceae	Clostridiales	Clostridia	Firmicutes	Terrabacteria group	Bacteria
1870986	0.00011566116419387382	UNCLASSIFIED-(final_consensus_861_depth_108)	Colidextribacter		Clostridiales	Clostridia	Firmicutes	Terrabacteria group	Bacteria
2610895	0.00011566116419387382	UNCLASSIFIED-(final_consensus_862_depth_108)	UNCLASSIFIED-(final_consensus_862_depth_108)		Clostridiales	Clostridia	Firmicutes	Terrabacteria group	Bacteria
1796628	0.00011459022748837498	UNCLASSIFIED-(final_consensus_863_depth_107)	Longibaculum	Erysipelotrichaceae	Erysipelotrichales	Erysipelotrichia	Firmicutes	Terrabacteria group	Bacteria
29364	0.00011459022748837498	UNCLASSIFIED-(final_consensus_864_depth_107)	UNCLASSIFIED-(final_consensus_864_depth_107)	Lachnospiraceae	Clostridiales	Clostridia	Firmicutes	Terrabacteria group	Bacteria
301301	0.00011351929078287615	UNCLASSIFIED-(final_consensus_866_depth_106)	UNCLASSIFIED-(final_consensus_866_depth_106)	Lachnospiraceae	Clostridiales	Clostridia	Firmicutes	Terrabacteria group	Bacteria
1870988	0.00011351929078287615	UNCLASSIFIED-(final_consensus_869_depth_106)	Pseudoflavonifractor	Ruminococcaceae	Clostridiales	Clostridia	Firmicutes	Terrabacteria group	Bacteria
351091	0.00011351929078287615	UNCLASSIFIED-(final_consensus_868_depth_106)	UNCLASSIFIED-(final_consensus_868_depth_106)	Oscillospiraceae	Clostridiales	Clostridia	Firmicutes	Terrabacteria group	Bacteria
2358141	0.00011244835407737731	UNCLASSIFIED-(final_consensus_872_depth_105)	UNCLASSIFIED-(final_consensus_872_depth_105)	Lachnospiraceae	Clostridiales	Clostridia	Firmicutes	Terrabacteria group	Bacteria
351091	0.00011244835407737731	UNCLASSIFIED-(final_consensus_870_depth_105)	UNCLASSIFIED-(final_consensus_870_depth_105)	Oscillospiraceae	Clostridiales	Clostridia	Firmicutes	Terrabacteria group	Bacteria
1337094	0.00011244835407737731	UNCLASSIFIED-(final_consensus_871_depth_105)	UNCLASSIFIED-(final_consensus_871_depth_105)	Hungateiclostridiaceae	Clostridiales	Clostridia	Firmicutes	Terrabacteria group	Bacteria
83661	0.00011030648066637966	UNCLASSIFIED-(final_consensus_875_depth_103)	UNCLASSIFIED-(final_consensus_875_depth_103)	Peptococcaceae	Clostridiales	Clostridia	Firmicutes	Terrabacteria group	Bacteria
39482	0.00011030648066637966	UNCLASSIFIED-(final_consensus_873_depth_103)	Faecalicatena	Lachnospiraceae	Clostridiales	Clostridia	Firmicutes	Terrabacteria group	Bacteria
31971	0.00010923554396088082	UNCLASSIFIED-(final_consensus_877_depth_102)	UNCLASSIFIED-(final_consensus_877_depth_102)	Erysipelotrichaceae	Erysipelotrichales	Erysipelotrichia	Firmicutes	Terrabacteria group	Bacteria
253257	0.00010923554396088082	UNCLASSIFIED-(final_consensus_876_depth_102)	Lacrimispora	Lachnospiraceae	Clostridiales	Clostridia	Firmicutes	Terrabacteria group	Bacteria
1547	0.000108164607255382	Erysipelatoclostridium ramosum	Erysipelatoclostridium	Erysipelotrichaceae	Erysipelotrichales	Erysipelotrichia	Firmicutes	Terrabacteria group	Bacteria
270498	0.00010709367054988316	UNCLASSIFIED-(final_consensus_879_depth_100)	UNCLASSIFIED-(final_consensus_879_depth_100)	Catabacteriaceae	Clostridiales	Clostridia	Firmicutes	Terrabacteria group	Bacteria
84030	0.00010709367054988316	UNCLASSIFIED-(final_consensus_881_depth_100)	UNCLASSIFIED-(final_consensus_881_depth_100)	Lachnospiraceae	Clostridiales	Clostridia	Firmicutes	Terrabacteria group	Bacteria
871665	0.00010709367054988316	UNCLASSIFIED-(final_consensus_882_depth_100)	Blautia	Lachnospiraceae	Clostridiales	Clostridia	Firmicutes	Terrabacteria group	Bacteria
84030	0.00010602273384438433	UNCLASSIFIED-(final_consensus_887_depth_99)	UNCLASSIFIED-(final_consensus_887_depth_99)	Lachnospiraceae	Clostridiales	Clostridia	Firmicutes	Terrabacteria group	Bacteria
2093857	0.00010602273384438433	UNCLASSIFIED-(final_consensus_883_depth_99)	UNCLASSIFIED-(final_consensus_883_depth_99)	Oscillospiraceae	Clostridiales	Clostridia	Firmicutes	Terrabacteria group	Bacteria
433287	0.00010602273384438433	UNCLASSIFIED-(final_consensus_886_depth_99)	UNCLASSIFIED-(final_consensus_886_depth_99)	Lachnospiraceae	Clostridiales	Clostridia	Firmicutes	Terrabacteria group	Bacteria
39482	0.00010602273384438433	UNCLASSIFIED-(final_consensus_884_depth_99)	Faecalicatena	Lachnospiraceae	Clostridiales	Clostridia	Firmicutes	Terrabacteria group	Bacteria
154046	0.00010602273384438433	UNCLASSIFIED-(final_consensus_885_depth_99)	UNCLASSIFIED-(final_consensus_885_depth_99)	Clostridiaceae	Clostridiales	Clostridia	Firmicutes	Terrabacteria group	Bacteria
1673717	0.0001049517971388855	UNCLASSIFIED-(final_consensus_888_depth_98)	Anaeromassilibacillus	Ruminococcaceae	Clostridiales	Clostridia	Firmicutes	Terrabacteria group	Bacteria
1297617	0.00010388086043338666	UNCLASSIFIED-(final_consensus_890_depth_97)	Intestinimonas		Clostridiales	Clostridia	Firmicutes	Terrabacteria group	Bacteria
290055	0.00010280992372788784	UNCLASSIFIED-(final_consensus_892_depth_96)	Faecalicatena	Lachnospiraceae	Clostridiales	Clostridia	Firmicutes	Terrabacteria group	Bacteria
2358141	0.00010280992372788784	UNCLASSIFIED-(final_consensus_897_depth_96)	UNCLASSIFIED-(final_consensus_897_depth_96)	Lachnospiraceae	Clostridiales	Clostridia	Firmicutes	Terrabacteria group	Bacteria
2479767	0.00010280992372788784	UNCLASSIFIED-(final_consensus_896_depth_96)	Blautia	Lachnospiraceae	Clostridiales	Clostridia	Firmicutes	Terrabacteria group	Bacteria
1796636	0.00010280992372788784	UNCLASSIFIED-(final_consensus_893_depth_96)	UNCLASSIFIED-(final_consensus_893_depth_96)	Lachnospiraceae	Clostridiales	Clostridia	Firmicutes	Terrabacteria group	Bacteria
1337051	0.00010280992372788784	UNCLASSIFIED-(final_consensus_895_depth_96)	UNCLASSIFIED-(final_consensus_895_depth_96)	Lachnospiraceae	Clostridiales	Clostridia	Firmicutes	Terrabacteria group	Bacteria
2610895	0.000101738987022389	UNCLASSIFIED-(final_consensus_898_depth_95)	Flintibacter		Clostridiales	Clostridia	Firmicutes	Terrabacteria group	Bacteria
487174	0.00010066805031689017	UNCLASSIFIED-(final_consensus_900_depth_94)	Barnesiella	Barnesiellaceae	Bacteroidales	Bacteroidia	Bacteroidetes	FCB group	Bacteria
2094242	0.00009959711361139133	Victivallales bacterium CCUG 44730			Victivallales	Lentisphaeria	Lentisphaerae	PVC group	Bacteria
433296	0.00009959711361139133	UNCLASSIFIED-(final_consensus_903_depth_93)	UNCLASSIFIED-(final_consensus_903_depth_93)	Clostridiales Family XIII. Incertae Sedis	Clostridiales	Clostridia	Firmicutes	Terrabacteria group	Bacteria
44749	0.00009959711361139133	UNCLASSIFIED-(final_consensus_904_depth_93)	UNCLASSIFIED-(final_consensus_904_depth_93)	Ruminococcaceae	Clostridiales	Clostridia	Firmicutes	Terrabacteria group	Bacteria
847	0.00009852617690589251	Oxalobacter formigenes	Oxalobacter	Oxalobacteraceae	Burkholderiales	Betaproteobacteria	Proteobacteria		Bacteria
1776382	0.00009852617690589251	UNCLASSIFIED-(final_consensus_906_depth_92)	UNCLASSIFIED-(final_consensus_906_depth_92)	Ruminococcaceae	Clostridiales	Clostridia	Firmicutes	Terrabacteria group	Bacteria
1263547	0.00009852617690589251	UNCLASSIFIED-(final_consensus_905_depth_92)	Oscillibacter	Oscillospiraceae	Clostridiales	Clostridia	Firmicutes	Terrabacteria group	Bacteria
39482	0.00009852617690589251	UNCLASSIFIED-(final_consensus_907_depth_92)	Faecalicatena	Lachnospiraceae	Clostridiales	Clostridia	Firmicutes	Terrabacteria group	Bacteria
31971	0.00009745524020039368	UNCLASSIFIED-(final_consensus_912_depth_91)	UNCLASSIFIED-(final_consensus_912_depth_91)	Erysipelotrichaceae	Erysipelotrichales	Erysipelotrichia	Firmicutes	Terrabacteria group	Bacteria
1673717	0.00009745524020039368	UNCLASSIFIED-(final_consensus_913_depth_91)	Anaeromassilibacillus	Ruminococcaceae	Clostridiales	Clostridia	Firmicutes	Terrabacteria group	Bacteria
2093857	0.00009745524020039368	UNCLASSIFIED-(final_consensus_909_depth_91)	Dysosmobacter	Oscillospiraceae	Clostridiales	Clostridia	Firmicutes	Terrabacteria group	Bacteria
487174	0.00009745524020039368	UNCLASSIFIED-(final_consensus_910_depth_91)	Barnesiella	Barnesiellaceae	Bacteroidales	Bacteroidia	Bacteroidetes	FCB group	Bacteria
1535	0.00009745524020039368	UNCLASSIFIED-(final_consensus_911_depth_91)	UNCLASSIFIED-(final_consensus_911_depth_91)	Ruminococcaceae	Clostridiales	Clostridia	Firmicutes	Terrabacteria group	Bacteria
487174	0.00009638430349489484	UNCLASSIFIED-(final_consensus_915_depth_90)	Barnesiella	Barnesiellaceae	Bacteroidales	Bacteroidia	Bacteroidetes	FCB group	Bacteria
1796636	0.00009531336678939602	UNCLASSIFIED-(final_consensus_916_depth_89)	Frisingicoccus	Lachnospiraceae	Clostridiales	Clostridia	Firmicutes	Terrabacteria group	Bacteria
1732	0.00009424243008389718	UNCLASSIFIED-(final_consensus_918_depth_88)	UNCLASSIFIED-(final_consensus_918_depth_88)	Eubacteriaceae	Clostridiales	Clostridia	Firmicutes	Terrabacteria group	Bacteria
29375	0.00009424243008389718	UNCLASSIFIED-(final_consensus_917_depth_88)	Lacrimispora	Lachnospiraceae	Clostridiales	Clostridia	Firmicutes	Terrabacteria group	Bacteria
84030	0.00009317149337839835	UNCLASSIFIED-(final_consensus_924_depth_87)	UNCLASSIFIED-(final_consensus_924_depth_87)	Lachnospiraceae	Clostridiales	Clostridia	Firmicutes	Terrabacteria group	Bacteria
1805714	0.00009317149337839835	UNCLASSIFIED-(final_consensus_922_depth_87)	UNCLASSIFIED-(final_consensus_922_depth_87)	Christensenellaceae	Clostridiales	Clostridia	Firmicutes	Terrabacteria group	Bacteria
78535	0.00009317149337839835	Streptococcus viridans	Streptococcus	Streptococcaceae	Lactobacillales	Bacilli	Firmicutes	Terrabacteria group	Bacteria
571	0.00009317149337839835	Klebsiella oxytoca	Klebsiella	Enterobacteriaceae	Enterobacterales	Gammaproteobacteria	Proteobacteria		Bacteria
301301	0.00009210055667289952	UNCLASSIFIED-(final_consensus_926_depth_86)	Roseburia	Lachnospiraceae	Clostridiales	Clostridia	Firmicutes	Terrabacteria group	Bacteria
29546	0.00009210055667289952	UNCLASSIFIED-(final_consensus_925_depth_86)	UNCLASSIFIED-(final_consensus_925_depth_86)	Desulfovibrionaceae	Desulfovibrionales	Deltaproteobacteria	Proteobacteria		Bacteria
351091	0.00009210055667289952	UNCLASSIFIED-(final_consensus_928_depth_86)	Oscillibacter	Oscillospiraceae	Clostridiales	Clostridia	Firmicutes	Terrabacteria group	Bacteria
1852367	0.00009102961996740068	UNCLASSIFIED-(final_consensus_931_depth_85)	UNCLASSIFIED-(final_consensus_931_depth_85)	Clostridiales Family XIII. Incertae Sedis	Clostridiales	Clostridia	Firmicutes	Terrabacteria group	Bacteria
106588	0.00009102961996740068	Pseudoflavonifractor capillosus	Pseudoflavonifractor	Ruminococcaceae	Clostridiales	Clostridia	Firmicutes	Terrabacteria group	Bacteria
1263547	0.00009102961996740068	UNCLASSIFIED-(final_consensus_930_depth_85)	UNCLASSIFIED-(final_consensus_930_depth_85)	Oscillospiraceae	Clostridiales	Clostridia	Firmicutes	Terrabacteria group	Bacteria
2086585	0.00008995868326190186	UNCLASSIFIED-(final_consensus_932_depth_84)	UNCLASSIFIED-(final_consensus_932_depth_84)	Christensenellaceae	Clostridiales	Clostridia	Firmicutes	Terrabacteria group	Bacteria
1732	0.00008995868326190186	UNCLASSIFIED-(final_consensus_936_depth_84)	Eubacterium	Eubacteriaceae	Clostridiales	Clostridia	Firmicutes	Terrabacteria group	Bacteria
39482	0.00008995868326190186	UNCLASSIFIED-(final_consensus_933_depth_84)	Faecalicatena	Lachnospiraceae	Clostridiales	Clostridia	Firmicutes	Terrabacteria group	Bacteria
1796636	0.00008888774655640302	UNCLASSIFIED-(final_consensus_937_depth_83)	Frisingicoccus	Lachnospiraceae	Clostridiales	Clostridia	Firmicutes	Terrabacteria group	Bacteria
39482	0.0000878168098509042	UNCLASSIFIED-(final_consensus_939_depth_82)	UNCLASSIFIED-(final_consensus_939_depth_82)	Lachnospiraceae	Clostridiales	Clostridia	Firmicutes	Terrabacteria group	Bacteria
169435	0.0000878168098509042	UNCLASSIFIED-(final_consensus_941_depth_82)	UNCLASSIFIED-(final_consensus_941_depth_82)	Ruminococcaceae	Clostridiales	Clostridia	Firmicutes	Terrabacteria group	Bacteria
1297617	0.0000878168098509042	UNCLASSIFIED-(final_consensus_938_depth_82)	UNCLASSIFIED-(final_consensus_938_depth_82)		Clostridiales	Clostridia	Firmicutes	Terrabacteria group	Bacteria
1297617	0.00008674587314540535	UNCLASSIFIED-(final_consensus_942_depth_81)	UNCLASSIFIED-(final_consensus_942_depth_81)		Clostridiales	Clostridia	Firmicutes	Terrabacteria group	Bacteria
154046	0.00008674587314540535	UNCLASSIFIED-(final_consensus_944_depth_81)	UNCLASSIFIED-(final_consensus_944_depth_81)	Clostridiaceae	Clostridiales	Clostridia	Firmicutes	Terrabacteria group	Bacteria
1805714	0.0000846039997344077	UNCLASSIFIED-(final_consensus_948_depth_79)	UNCLASSIFIED-(final_consensus_948_depth_79)	Christensenellaceae	Clostridiales	Clostridia	Firmicutes	Terrabacteria group	Bacteria
2507162	0.0000846039997344077	UNCLASSIFIED-(final_consensus_947_depth_79)	UNCLASSIFIED-(final_consensus_947_depth_79)	Ruminococcaceae	Clostridiales	Clostridia	Firmicutes	Terrabacteria group	Bacteria
253257	0.0000846039997344077	UNCLASSIFIED-(final_consensus_946_depth_79)	Lacrimispora	Lachnospiraceae	Clostridiales	Clostridia	Firmicutes	Terrabacteria group	Bacteria
180332	0.00008353306302890886	UNCLASSIFIED-(final_consensus_949_depth_78)	UNCLASSIFIED-(final_consensus_949_depth_78)	Lachnospiraceae	Clostridiales	Clostridia	Firmicutes	Terrabacteria group	Bacteria
39482	0.00008353306302890886	UNCLASSIFIED-(final_consensus_952_depth_78)	UNCLASSIFIED-(final_consensus_952_depth_78)	Lachnospiraceae	Clostridiales	Clostridia	Firmicutes	Terrabacteria group	Bacteria
1796636	0.00008353306302890886	UNCLASSIFIED-(final_consensus_953_depth_78)	Frisingicoccus	Lachnospiraceae	Clostridiales	Clostridia	Firmicutes	Terrabacteria group	Bacteria
871665	0.00008353306302890886	UNCLASSIFIED-(final_consensus_950_depth_78)	Blautia	Lachnospiraceae	Clostridiales	Clostridia	Firmicutes	Terrabacteria group	Bacteria
84030	0.00008353306302890886	UNCLASSIFIED-(final_consensus_951_depth_78)	UNCLASSIFIED-(final_consensus_951_depth_78)	Lachnospiraceae	Clostridiales	Clostridia	Firmicutes	Terrabacteria group	Bacteria
1870988	0.00008246212632341004	UNCLASSIFIED-(final_consensus_957_depth_77)	Pseudoflavonifractor	Ruminococcaceae	Clostridiales	Clostridia	Firmicutes	Terrabacteria group	Bacteria
2093857	0.00008246212632341004	UNCLASSIFIED-(final_consensus_955_depth_77)	UNCLASSIFIED-(final_consensus_955_depth_77)	Oscillospiraceae	Clostridiales	Clostridia	Firmicutes	Terrabacteria group	Bacteria
626937	0.00008246212632341004	UNCLASSIFIED-(final_consensus_956_depth_77)	UNCLASSIFIED-(final_consensus_956_depth_77)	Christensenellaceae	Clostridiales	Clostridia	Firmicutes	Terrabacteria group	Bacteria
270498	0.00008246212632341004	UNCLASSIFIED-(final_consensus_954_depth_77)	UNCLASSIFIED-(final_consensus_954_depth_77)	Catabacteriaceae	Clostridiales	Clostridia	Firmicutes	Terrabacteria group	Bacteria
253257	0.00008246212632341004	UNCLASSIFIED-(final_consensus_958_depth_77)	UNCLASSIFIED-(final_consensus_958_depth_77)	Lachnospiraceae	Clostridiales	Clostridia	Firmicutes	Terrabacteria group	Bacteria
2086585	0.00008246212632341004	UNCLASSIFIED-(final_consensus_959_depth_77)	UNCLASSIFIED-(final_consensus_959_depth_77)	Christensenellaceae	Clostridiales	Clostridia	Firmicutes	Terrabacteria group	Bacteria
84030	0.0000813911896179112	UNCLASSIFIED-(final_consensus_960_depth_76)	UNCLASSIFIED-(final_consensus_960_depth_76)	Lachnospiraceae	Clostridiales	Clostridia	Firmicutes	Terrabacteria group	Bacteria
853	0.0000813911896179112	UNCLASSIFIED-(final_consensus_961_depth_76)	Faecalibacterium	Ruminococcaceae	Clostridiales	Clostridia	Firmicutes	Terrabacteria group	Bacteria
1805714	0.00008032025291241237	UNCLASSIFIED-(final_consensus_967_depth_75)	UNCLASSIFIED-(final_consensus_967_depth_75)	Christensenellaceae	Clostridiales	Clostridia	Firmicutes	Terrabacteria group	Bacteria
84030	0.00008032025291241237	UNCLASSIFIED-(final_consensus_963_depth_75)	UNCLASSIFIED-(final_consensus_963_depth_75)	Lachnospiraceae	Clostridiales	Clostridia	Firmicutes	Terrabacteria group	Bacteria
31971	0.00008032025291241237	UNCLASSIFIED-(final_consensus_966_depth_75)	UNCLASSIFIED-(final_consensus_966_depth_75)	Erysipelotrichaceae	Erysipelotrichales	Erysipelotrichia	Firmicutes	Terrabacteria group	Bacteria
2507162	0.00008032025291241237	UNCLASSIFIED-(final_consensus_965_depth_75)	UNCLASSIFIED-(final_consensus_965_depth_75)	Ruminococcaceae	Clostridiales	Clostridia	Firmicutes	Terrabacteria group	Bacteria
2093857	0.00008032025291241237	Dysosmobacter welbionis	Dysosmobacter	Oscillospiraceae	Clostridiales	Clostridia	Firmicutes	Terrabacteria group	Bacteria
89014	0.00007924931620691354	UNCLASSIFIED-(final_consensus_968_depth_74)	Blautia	Lachnospiraceae	Clostridiales	Clostridia	Firmicutes	Terrabacteria group	Bacteria
44749	0.00007924931620691354	UNCLASSIFIED-(final_consensus_970_depth_74)	UNCLASSIFIED-(final_consensus_970_depth_74)	Ruminococcaceae	Clostridiales	Clostridia	Firmicutes	Terrabacteria group	Bacteria
2109688	0.00007924931620691354	UNCLASSIFIED-(final_consensus_972_depth_74)	UNCLASSIFIED-(final_consensus_972_depth_74)		Clostridiales	Clostridia	Firmicutes	Terrabacteria group	Bacteria
84030	0.00007924931620691354	UNCLASSIFIED-(final_consensus_969_depth_74)	UNCLASSIFIED-(final_consensus_969_depth_74)	Lachnospiraceae	Clostridiales	Clostridia	Firmicutes	Terrabacteria group	Bacteria
1712675	0.00007924931620691354	UNCLASSIFIED-(final_consensus_973_depth_74)	UNCLASSIFIED-(final_consensus_973_depth_74)	Erysipelotrichaceae	Erysipelotrichales	Erysipelotrichia	Firmicutes	Terrabacteria group	Bacteria
1535	0.00007924931620691354	UNCLASSIFIED-(final_consensus_971_depth_74)	UNCLASSIFIED-(final_consensus_971_depth_74)	Ruminococcaceae	Clostridiales	Clostridia	Firmicutes	Terrabacteria group	Bacteria
84030	0.0000781783795014147	UNCLASSIFIED-(final_consensus_974_depth_73)	UNCLASSIFIED-(final_consensus_974_depth_73)	Lachnospiraceae	Clostridiales	Clostridia	Firmicutes	Terrabacteria group	Bacteria
166486	0.0000781783795014147	UNCLASSIFIED-(final_consensus_977_depth_73)	UNCLASSIFIED-(final_consensus_977_depth_73)	Lachnospiraceae	Clostridiales	Clostridia	Firmicutes	Terrabacteria group	Bacteria
1796636	0.0000781783795014147	UNCLASSIFIED-(final_consensus_976_depth_73)	Frisingicoccus	Lachnospiraceae	Clostridiales	Clostridia	Firmicutes	Terrabacteria group	Bacteria
301302	0.0000781783795014147	UNCLASSIFIED-(final_consensus_978_depth_73)	UNCLASSIFIED-(final_consensus_978_depth_73)	Lachnospiraceae	Clostridiales	Clostridia	Firmicutes	Terrabacteria group	Bacteria
446660	0.0000781783795014147	Adlercreutzia equolifaciens	Adlercreutzia	Eggerthellaceae	Eggerthellales	Coriobacteriia	Actinobacteria	Terrabacteria group	Bacteria
83661	0.00007710744279591588	UNCLASSIFIED-(final_consensus_979_depth_72)	UNCLASSIFIED-(final_consensus_979_depth_72)	Peptococcaceae	Clostridiales	Clostridia	Firmicutes	Terrabacteria group	Bacteria
1981510	0.00007710744279591588	UNCLASSIFIED-(final_consensus_981_depth_72)	UNCLASSIFIED-(final_consensus_981_depth_72)		Clostridiales	Clostridia	Firmicutes	Terrabacteria group	Bacteria
1796636	0.00007710744279591588	UNCLASSIFIED-(final_consensus_984_depth_72)	Frisingicoccus	Lachnospiraceae	Clostridiales	Clostridia	Firmicutes	Terrabacteria group	Bacteria
1907662	0.00007710744279591588	UNCLASSIFIED-(final_consensus_980_depth_72)	UNCLASSIFIED-(final_consensus_980_depth_72)	Eggerthellaceae	Eggerthellales	Coriobacteriia	Actinobacteria	Terrabacteria group	Bacteria
253257	0.00007710744279591588	UNCLASSIFIED-(final_consensus_983_depth_72)	UNCLASSIFIED-(final_consensus_983_depth_72)	Lachnospiraceae	Clostridiales	Clostridia	Firmicutes	Terrabacteria group	Bacteria
84030	0.00007710744279591588	UNCLASSIFIED-(final_consensus_982_depth_72)	UNCLASSIFIED-(final_consensus_982_depth_72)	Lachnospiraceae	Clostridiales	Clostridia	Firmicutes	Terrabacteria group	Bacteria
1732	0.00007603650609041704	UNCLASSIFIED-(final_consensus_985_depth_71)	Eubacterium	Eubacteriaceae	Clostridiales	Clostridia	Firmicutes	Terrabacteria group	Bacteria
1643805	0.00007603650609041704	UNCLASSIFIED-(final_consensus_987_depth_71)	UNCLASSIFIED-(final_consensus_987_depth_71)	Peptococcaceae	Clostridiales	Clostridia	Firmicutes	Terrabacteria group	Bacteria
84030	0.00007603650609041704	UNCLASSIFIED-(final_consensus_986_depth_71)	UNCLASSIFIED-(final_consensus_986_depth_71)	Lachnospiraceae	Clostridiales	Clostridia	Firmicutes	Terrabacteria group	Bacteria
253257	0.00007496556938491821	UNCLASSIFIED-(final_consensus_988_depth_70)	Lacrimispora	Lachnospiraceae	Clostridiales	Clostridia	Firmicutes	Terrabacteria group	Bacteria
1650663	0.00007496556938491821	UNCLASSIFIED-(final_consensus_989_depth_70)	UNCLASSIFIED-(final_consensus_989_depth_70)	Ruminococcaceae	Clostridiales	Clostridia	Firmicutes	Terrabacteria group	Bacteria
84030	0.00007389463267941939	UNCLASSIFIED-(final_consensus_990_depth_69)	UNCLASSIFIED-(final_consensus_990_depth_69)	Lachnospiraceae	Clostridiales	Clostridia	Firmicutes	Terrabacteria group	Bacteria
1852367	0.00007389463267941939	UNCLASSIFIED-(final_consensus_991_depth_69)	UNCLASSIFIED-(final_consensus_991_depth_69)	Clostridiales Family XIII. Incertae Sedis	Clostridiales	Clostridia	Firmicutes	Terrabacteria group	Bacteria
160404	0.00007389463267941939	Anaerotignum lactatifermentans	Anaerotignum	Lachnospiraceae	Clostridiales	Clostridia	Firmicutes	Terrabacteria group	Bacteria
2610895	0.00007282369597392055	Flintibacter sp. KGMB00164	Flintibacter		Clostridiales	Clostridia	Firmicutes	Terrabacteria group	Bacteria
214851	0.00007282369597392055	UNCLASSIFIED-(final_consensus_999_depth_68)	UNCLASSIFIED-(final_consensus_999_depth_68)	Ruminococcaceae	Clostridiales	Clostridia	Firmicutes	Terrabacteria group	Bacteria
35830	0.00007282369597392055	UNCLASSIFIED-(final_consensus_997_depth_68)	UNCLASSIFIED-(final_consensus_997_depth_68)	Hungateiclostridiaceae	Clostridiales	Clostridia	Firmicutes	Terrabacteria group	Bacteria
2610895	0.00007282369597392055	UNCLASSIFIED-(final_consensus_994_depth_68)	Flintibacter		Clostridiales	Clostridia	Firmicutes	Terrabacteria group	Bacteria
169435	0.00007282369597392055	UNCLASSIFIED-(final_consensus_998_depth_68)	UNCLASSIFIED-(final_consensus_998_depth_68)	Ruminococcaceae	Clostridiales	Clostridia	Firmicutes	Terrabacteria group	Bacteria
1796636	0.00007282369597392055	UNCLASSIFIED-(final_consensus_996_depth_68)	Frisingicoccus	Lachnospiraceae	Clostridiales	Clostridia	Firmicutes	Terrabacteria group	Bacteria
1870986	0.00007282369597392055	UNCLASSIFIED-(final_consensus_995_depth_68)	UNCLASSIFIED-(final_consensus_995_depth_68)		Clostridiales	Clostridia	Firmicutes	Terrabacteria group	Bacteria
180332	0.00007175275926842172	UNCLASSIFIED-(final_consensus_1001_depth_67)	UNCLASSIFIED-(final_consensus_1001_depth_67)	Lachnospiraceae	Clostridiales	Clostridia	Firmicutes	Terrabacteria group	Bacteria
2109692	0.00007175275926842172	UNCLASSIFIED-(final_consensus_1004_depth_67)	UNCLASSIFIED-(final_consensus_1004_depth_67)	Erysipelotrichaceae	Erysipelotrichales	Erysipelotrichia	Firmicutes	Terrabacteria group	Bacteria
1917870	0.00007175275926842172	Lachnoclostridium pacaense	Lachnoclostridium	Lachnospiraceae	Clostridiales	Clostridia	Firmicutes	Terrabacteria group	Bacteria
1348613	0.00007175275926842172	UNCLASSIFIED-(final_consensus_1005_depth_67)	UNCLASSIFIED-(final_consensus_1005_depth_67)	Vallitaleaceae	Clostridiales	Clostridia	Firmicutes	Terrabacteria group	Bacteria
1776384	0.00007175275926842172	UNCLASSIFIED-(final_consensus_1002_depth_67)	UNCLASSIFIED-(final_consensus_1002_depth_67)	Clostridiales Family XIII. Incertae Sedis	Clostridiales	Clostridia	Firmicutes	Terrabacteria group	Bacteria
1841867	0.00007175275926842172	UNCLASSIFIED-(final_consensus_1006_depth_67)	UNCLASSIFIED-(final_consensus_1006_depth_67)	Ruminococcaceae	Clostridiales	Clostridia	Firmicutes	Terrabacteria group	Bacteria
253257	0.00007068182256292288	UNCLASSIFIED-(final_consensus_1009_depth_66)	Lacrimispora	Lachnospiraceae	Clostridiales	Clostridia	Firmicutes	Terrabacteria group	Bacteria
1337051	0.00007068182256292288	UNCLASSIFIED-(final_consensus_1007_depth_66)	UNCLASSIFIED-(final_consensus_1007_depth_66)	Lachnospiraceae	Clostridiales	Clostridia	Firmicutes	Terrabacteria group	Bacteria
39496	0.00007068182256292288	UNCLASSIFIED-(final_consensus_1008_depth_66)	Eubacterium	Eubacteriaceae	Clostridiales	Clostridia	Firmicutes	Terrabacteria group	Bacteria
2610895	0.00007068182256292288	UNCLASSIFIED-(final_consensus_1010_depth_66)	Flintibacter		Clostridiales	Clostridia	Firmicutes	Terrabacteria group	Bacteria
44749	0.00006961088585742406	UNCLASSIFIED-(final_consensus_1012_depth_65)	UNCLASSIFIED-(final_consensus_1012_depth_65)	Ruminococcaceae	Clostridiales	Clostridia	Firmicutes	Terrabacteria group	Bacteria
270498	0.00006853994915192522	UNCLASSIFIED-(final_consensus_1015_depth_64)	UNCLASSIFIED-(final_consensus_1015_depth_64)	Catabacteriaceae	Clostridiales	Clostridia	Firmicutes	Terrabacteria group	Bacteria
2610895	0.00006853994915192522	UNCLASSIFIED-(final_consensus_1016_depth_64)	Flintibacter		Clostridiales	Clostridia	Firmicutes	Terrabacteria group	Bacteria
729	0.00006853994915192522	Haemophilus parainfluenzae	Haemophilus	Pasteurellaceae	Pasteurellales	Gammaproteobacteria	Proteobacteria		Bacteria
84030	0.00006853994915192522	UNCLASSIFIED-(final_consensus_1013_depth_64)	UNCLASSIFIED-(final_consensus_1013_depth_64)	Lachnospiraceae	Clostridiales	Clostridia	Firmicutes	Terrabacteria group	Bacteria
169435	0.00006746901244642639	UNCLASSIFIED-(final_consensus_1017_depth_63)	UNCLASSIFIED-(final_consensus_1017_depth_63)	Ruminococcaceae	Clostridiales	Clostridia	Firmicutes	Terrabacteria group	Bacteria
1337051	0.00006746901244642639	UNCLASSIFIED-(final_consensus_1019_depth_63)	Murimonas	Lachnospiraceae	Clostridiales	Clostridia	Firmicutes	Terrabacteria group	Bacteria
29364	0.00006746901244642639	UNCLASSIFIED-(final_consensus_1024_depth_63)	UNCLASSIFIED-(final_consensus_1024_depth_63)	Lachnospiraceae	Clostridiales	Clostridia	Firmicutes	Terrabacteria group	Bacteria
433296	0.00006746901244642639	UNCLASSIFIED-(final_consensus_1018_depth_63)	UNCLASSIFIED-(final_consensus_1018_depth_63)	Clostridiales Family XIII. Incertae Sedis	Clostridiales	Clostridia	Firmicutes	Terrabacteria group	Bacteria
1289106	0.00006746901244642639	UNCLASSIFIED-(final_consensus_1020_depth_63)	UNCLASSIFIED-(final_consensus_1020_depth_63)	Bacillaceae	Bacillales	Bacilli	Firmicutes	Terrabacteria group	Bacteria
1849041	0.00006746901244642639	UNCLASSIFIED-(final_consensus_1022_depth_63)	UNCLASSIFIED-(final_consensus_1022_depth_63)	Ruminococcaceae	Clostridiales	Clostridia	Firmicutes	Terrabacteria group	Bacteria
1981510	0.00006746901244642639	UNCLASSIFIED-(final_consensus_1021_depth_63)	UNCLASSIFIED-(final_consensus_1021_depth_63)		Clostridiales	Clostridia	Firmicutes	Terrabacteria group	Bacteria
1628085	0.00006639807574092756	UNCLASSIFIED-(final_consensus_1030_depth_62)	Agathobaculum	Ruminococcaceae	Clostridiales	Clostridia	Firmicutes	Terrabacteria group	Bacteria
84030	0.00006639807574092756	UNCLASSIFIED-(final_consensus_1028_depth_62)	UNCLASSIFIED-(final_consensus_1028_depth_62)	Lachnospiraceae	Clostridiales	Clostridia	Firmicutes	Terrabacteria group	Bacteria
35830	0.00006639807574092756	UNCLASSIFIED-(final_consensus_1025_depth_62)	UNCLASSIFIED-(final_consensus_1025_depth_62)	Hungateiclostridiaceae	Clostridiales	Clostridia	Firmicutes	Terrabacteria group	Bacteria
1871035	0.00006639807574092756	UNCLASSIFIED-(final_consensus_1029_depth_62)	Negativibacillus	Ruminococcaceae	Clostridiales	Clostridia	Firmicutes	Terrabacteria group	Bacteria
1871029	0.00006639807574092756	UNCLASSIFIED-(final_consensus_1026_depth_62)	UNCLASSIFIED-(final_consensus_1026_depth_62)	Eubacteriaceae	Clostridiales	Clostridia	Firmicutes	Terrabacteria group	Bacteria
2507162	0.00006639807574092756	UNCLASSIFIED-(final_consensus_1027_depth_62)	UNCLASSIFIED-(final_consensus_1027_depth_62)	Ruminococcaceae	Clostridiales	Clostridia	Firmicutes	Terrabacteria group	Bacteria
208479	0.00006532713903542873	UNCLASSIFIED-(final_consensus_1032_depth_61)	Enterocloster	Lachnospiraceae	Clostridiales	Clostridia	Firmicutes	Terrabacteria group	Bacteria
301302	0.00006532713903542873	UNCLASSIFIED-(final_consensus_1033_depth_61)	UNCLASSIFIED-(final_consensus_1033_depth_61)	Lachnospiraceae	Clostridiales	Clostridia	Firmicutes	Terrabacteria group	Bacteria
351091	0.0000642562023299299	UNCLASSIFIED-(final_consensus_1034_depth_60)	UNCLASSIFIED-(final_consensus_1034_depth_60)	Oscillospiraceae	Clostridiales	Clostridia	Firmicutes	Terrabacteria group	Bacteria
169435	0.0000642562023299299	UNCLASSIFIED-(final_consensus_1036_depth_60)	UNCLASSIFIED-(final_consensus_1036_depth_60)	Ruminococcaceae	Clostridiales	Clostridia	Firmicutes	Terrabacteria group	Bacteria
1337051	0.0000642562023299299	UNCLASSIFIED-(final_consensus_1035_depth_60)	UNCLASSIFIED-(final_consensus_1035_depth_60)	Lachnospiraceae	Clostridiales	Clostridia	Firmicutes	Terrabacteria group	Bacteria
301302	0.00006318526562443106	UNCLASSIFIED-(final_consensus_1039_depth_59)	UNCLASSIFIED-(final_consensus_1039_depth_59)	Lachnospiraceae	Clostridiales	Clostridia	Firmicutes	Terrabacteria group	Bacteria
1501391	0.00006318526562443106	Alistipes inops	Alistipes	Rikenellaceae	Bacteroidales	Bacteroidia	Bacteroidetes	FCB group	Bacteria
84030	0.00006318526562443106	UNCLASSIFIED-(final_consensus_1043_depth_59)	UNCLASSIFIED-(final_consensus_1043_depth_59)	Lachnospiraceae	Clostridiales	Clostridia	Firmicutes	Terrabacteria group	Bacteria
29354	0.00006318526562443106	UNCLASSIFIED-(final_consensus_1040_depth_59)	UNCLASSIFIED-(final_consensus_1040_depth_59)	Lachnospiraceae	Clostridiales	Clostridia	Firmicutes	Terrabacteria group	Bacteria
544645	0.00006318526562443106	UNCLASSIFIED-(final_consensus_1041_depth_59)	Butyricimonas	Odoribacteraceae	Bacteroidales	Bacteroidia	Bacteroidetes	FCB group	Bacteria
351091	0.00006318526562443106	UNCLASSIFIED-(final_consensus_1038_depth_59)	UNCLASSIFIED-(final_consensus_1038_depth_59)	Oscillospiraceae	Clostridiales	Clostridia	Firmicutes	Terrabacteria group	Bacteria
154046	0.00006211432891893223	UNCLASSIFIED-(final_consensus_1045_depth_58)	UNCLASSIFIED-(final_consensus_1045_depth_58)	Clostridiaceae	Clostridiales	Clostridia	Firmicutes	Terrabacteria group	Bacteria
1841867	0.00006211432891893223	UNCLASSIFIED-(final_consensus_1044_depth_58)	UNCLASSIFIED-(final_consensus_1044_depth_58)	Ruminococcaceae	Clostridiales	Clostridia	Firmicutes	Terrabacteria group	Bacteria
1805714	0.00006211432891893223	UNCLASSIFIED-(final_consensus_1048_depth_58)	UNCLASSIFIED-(final_consensus_1048_depth_58)	Christensenellaceae	Clostridiales	Clostridia	Firmicutes	Terrabacteria group	Bacteria
1805714	0.00006211432891893223	UNCLASSIFIED-(final_consensus_1046_depth_58)	UNCLASSIFIED-(final_consensus_1046_depth_58)	Christensenellaceae	Clostridiales	Clostridia	Firmicutes	Terrabacteria group	Bacteria
2086585	0.00006104339221343341	UNCLASSIFIED-(final_consensus_1049_depth_57)	UNCLASSIFIED-(final_consensus_1049_depth_57)	Christensenellaceae	Clostridiales	Clostridia	Firmicutes	Terrabacteria group	Bacteria
1297617	0.00005997245550793457	UNCLASSIFIED-(final_consensus_1053_depth_56)	Intestinimonas		Clostridiales	Clostridia	Firmicutes	Terrabacteria group	Bacteria
1870986	0.00005997245550793457	UNCLASSIFIED-(final_consensus_1050_depth_56)	UNCLASSIFIED-(final_consensus_1050_depth_56)		Clostridiales	Clostridia	Firmicutes	Terrabacteria group	Bacteria
84030	0.00005997245550793457	UNCLASSIFIED-(final_consensus_1051_depth_56)	UNCLASSIFIED-(final_consensus_1051_depth_56)	Lachnospiraceae	Clostridiales	Clostridia	Firmicutes	Terrabacteria group	Bacteria
301302	0.00005997245550793457	UNCLASSIFIED-(final_consensus_1052_depth_56)	Roseburia	Lachnospiraceae	Clostridiales	Clostridia	Firmicutes	Terrabacteria group	Bacteria
301302	0.000058901518802435735	UNCLASSIFIED-(final_consensus_1055_depth_55)	Roseburia	Lachnospiraceae	Clostridiales	Clostridia	Firmicutes	Terrabacteria group	Bacteria
1732	0.000058901518802435735	UNCLASSIFIED-(final_consensus_1058_depth_55)	Eubacterium	Eubacteriaceae	Clostridiales	Clostridia	Firmicutes	Terrabacteria group	Bacteria
84030	0.000058901518802435735	UNCLASSIFIED-(final_consensus_1057_depth_55)	UNCLASSIFIED-(final_consensus_1057_depth_55)	Lachnospiraceae	Clostridiales	Clostridia	Firmicutes	Terrabacteria group	Bacteria
84030	0.000058901518802435735	UNCLASSIFIED-(final_consensus_1054_depth_55)	UNCLASSIFIED-(final_consensus_1054_depth_55)	Lachnospiraceae	Clostridiales	Clostridia	Firmicutes	Terrabacteria group	Bacteria
1805714	0.000058901518802435735	UNCLASSIFIED-(final_consensus_1059_depth_55)	UNCLASSIFIED-(final_consensus_1059_depth_55)	Christensenellaceae	Clostridiales	Clostridia	Firmicutes	Terrabacteria group	Bacteria
47246	0.000058901518802435735	UNCLASSIFIED-(final_consensus_1056_depth_55)	UNCLASSIFIED-(final_consensus_1056_depth_55)	Ruminococcaceae	Clostridiales	Clostridia	Firmicutes	Terrabacteria group	Bacteria
1816678	0.00005783058209693691	UNCLASSIFIED-(final_consensus_1065_depth_54)	UNCLASSIFIED-(final_consensus_1065_depth_54)	Christensenellaceae	Clostridiales	Clostridia	Firmicutes	Terrabacteria group	Bacteria
1796636	0.00005783058209693691	UNCLASSIFIED-(final_consensus_1062_depth_54)	Frisingicoccus	Lachnospiraceae	Clostridiales	Clostridia	Firmicutes	Terrabacteria group	Bacteria
29546	0.00005783058209693691	UNCLASSIFIED-(final_consensus_1060_depth_54)	UNCLASSIFIED-(final_consensus_1060_depth_54)	Desulfovibrionaceae	Desulfovibrionales	Deltaproteobacteria	Proteobacteria		Bacteria
1465754	0.00005783058209693691	Alistipes timonensis	Alistipes	Rikenellaceae	Bacteroidales	Bacteroidia	Bacteroidetes	FCB group	Bacteria
1805714	0.00005783058209693691	UNCLASSIFIED-(final_consensus_1063_depth_54)	UNCLASSIFIED-(final_consensus_1063_depth_54)	Christensenellaceae	Clostridiales	Clostridia	Firmicutes	Terrabacteria group	Bacteria
301302	0.000056759645391438076	UNCLASSIFIED-(final_consensus_1073_depth_53)	UNCLASSIFIED-(final_consensus_1073_depth_53)	Lachnospiraceae	Clostridiales	Clostridia	Firmicutes	Terrabacteria group	Bacteria
84030	0.000056759645391438076	UNCLASSIFIED-(final_consensus_1068_depth_53)	UNCLASSIFIED-(final_consensus_1068_depth_53)	Lachnospiraceae	Clostridiales	Clostridia	Firmicutes	Terrabacteria group	Bacteria
2507162	0.000056759645391438076	UNCLASSIFIED-(final_consensus_1074_depth_53)	UNCLASSIFIED-(final_consensus_1074_depth_53)	Ruminococcaceae	Clostridiales	Clostridia	Firmicutes	Terrabacteria group	Bacteria
40520	0.000056759645391438076	UNCLASSIFIED-(final_consensus_1072_depth_53)	Blautia	Lachnospiraceae	Clostridiales	Clostridia	Firmicutes	Terrabacteria group	Bacteria
2610895	0.000056759645391438076	UNCLASSIFIED-(final_consensus_1075_depth_53)	Flintibacter		Clostridiales	Clostridia	Firmicutes	Terrabacteria group	Bacteria
39496	0.000056759645391438076	UNCLASSIFIED-(final_consensus_1067_depth_53)	Eubacterium	Eubacteriaceae	Clostridiales	Clostridia	Firmicutes	Terrabacteria group	Bacteria
1686296	0.000056759645391438076	UNCLASSIFIED-(final_consensus_1066_depth_53)	Gabonia	Porphyromonadaceae	Bacteroidales	Bacteroidia	Bacteroidetes	FCB group	Bacteria
1917870	0.000056759645391438076	UNCLASSIFIED-(final_consensus_1071_depth_53)	Lachnoclostridium	Lachnospiraceae	Clostridiales	Clostridia	Firmicutes	Terrabacteria group	Bacteria
1263547	0.000056759645391438076	UNCLASSIFIED-(final_consensus_1069_depth_53)	UNCLASSIFIED-(final_consensus_1069_depth_53)	Oscillospiraceae	Clostridiales	Clostridia	Firmicutes	Terrabacteria group	Bacteria
626932	0.000056759645391438076	Alistipes indistinctus	Alistipes	Rikenellaceae	Bacteroidales	Bacteroidia	Bacteroidetes	FCB group	Bacteria
351091	0.000055688708685939244	UNCLASSIFIED-(final_consensus_1082_depth_52)	UNCLASSIFIED-(final_consensus_1082_depth_52)	Oscillospiraceae	Clostridiales	Clostridia	Firmicutes	Terrabacteria group	Bacteria
84030	0.000055688708685939244	UNCLASSIFIED-(final_consensus_1080_depth_52)	UNCLASSIFIED-(final_consensus_1080_depth_52)	Lachnospiraceae	Clostridiales	Clostridia	Firmicutes	Terrabacteria group	Bacteria
84030	0.000055688708685939244	UNCLASSIFIED-(final_consensus_1081_depth_52)	UNCLASSIFIED-(final_consensus_1081_depth_52)	Lachnospiraceae	Clostridiales	Clostridia	Firmicutes	Terrabacteria group	Bacteria
169435	0.000055688708685939244	UNCLASSIFIED-(final_consensus_1076_depth_52)	UNCLASSIFIED-(final_consensus_1076_depth_52)	Ruminococcaceae	Clostridiales	Clostridia	Firmicutes	Terrabacteria group	Bacteria
2610895	0.000055688708685939244	UNCLASSIFIED-(final_consensus_1078_depth_52)	UNCLASSIFIED-(final_consensus_1078_depth_52)		Clostridiales	Clostridia	Firmicutes	Terrabacteria group	Bacteria
301301	0.000055688708685939244	UNCLASSIFIED-(final_consensus_1077_depth_52)	UNCLASSIFIED-(final_consensus_1077_depth_52)	Lachnospiraceae	Clostridiales	Clostridia	Firmicutes	Terrabacteria group	Bacteria
270498	0.00005461777198044041	UNCLASSIFIED-(final_consensus_1083_depth_51)	UNCLASSIFIED-(final_consensus_1083_depth_51)	Catabacteriaceae	Clostridiales	Clostridia	Firmicutes	Terrabacteria group	Bacteria
208479	0.00005461777198044041	UNCLASSIFIED-(final_consensus_1084_depth_51)	Enterocloster	Lachnospiraceae	Clostridiales	Clostridia	Firmicutes	Terrabacteria group	Bacteria
39496	0.00005461777198044041	UNCLASSIFIED-(final_consensus_1088_depth_51)	Eubacterium	Eubacteriaceae	Clostridiales	Clostridia	Firmicutes	Terrabacteria group	Bacteria
35830	0.00005461777198044041	UNCLASSIFIED-(final_consensus_1086_depth_51)	UNCLASSIFIED-(final_consensus_1086_depth_51)	Hungateiclostridiaceae	Clostridiales	Clostridia	Firmicutes	Terrabacteria group	Bacteria
1870988	0.00005461777198044041	UNCLASSIFIED-(final_consensus_1087_depth_51)	Pseudoflavonifractor	Ruminococcaceae	Clostridiales	Clostridia	Firmicutes	Terrabacteria group	Bacteria
84032	0.00005354683527494158	UNCLASSIFIED-(final_consensus_1092_depth_50)	UNCLASSIFIED-(final_consensus_1092_depth_50)	Hungateiclostridiaceae	Clostridiales	Clostridia	Firmicutes	Terrabacteria group	Bacteria
29375	0.00005354683527494158	UNCLASSIFIED-(final_consensus_1089_depth_50)	UNCLASSIFIED-(final_consensus_1089_depth_50)	Lachnospiraceae	Clostridiales	Clostridia	Firmicutes	Terrabacteria group	Bacteria
2610895	0.00005354683527494158	UNCLASSIFIED-(final_consensus_1091_depth_50)	UNCLASSIFIED-(final_consensus_1091_depth_50)		Clostridiales	Clostridia	Firmicutes	Terrabacteria group	Bacteria
84030	0.00005247589856944275	UNCLASSIFIED-(final_consensus_1096_depth_49)	UNCLASSIFIED-(final_consensus_1096_depth_49)	Lachnospiraceae	Clostridiales	Clostridia	Firmicutes	Terrabacteria group	Bacteria
208479	0.00005247589856944275	UNCLASSIFIED-(final_consensus_1100_depth_49)	Enterocloster	Lachnospiraceae	Clostridiales	Clostridia	Firmicutes	Terrabacteria group	Bacteria
1432052	0.00005247589856944275	UNCLASSIFIED-(final_consensus_1098_depth_49)	UNCLASSIFIED-(final_consensus_1098_depth_49)	Lachnospiraceae	Clostridiales	Clostridia	Firmicutes	Terrabacteria group	Bacteria
84030	0.00005247589856944275	UNCLASSIFIED-(final_consensus_1095_depth_49)	UNCLASSIFIED-(final_consensus_1095_depth_49)	Lachnospiraceae	Clostridiales	Clostridia	Firmicutes	Terrabacteria group	Bacteria
1776382	0.00005247589856944275	UNCLASSIFIED-(final_consensus_1094_depth_49)	Neglecta	Ruminococcaceae	Clostridiales	Clostridia	Firmicutes	Terrabacteria group	Bacteria
1852367	0.00005247589856944275	UNCLASSIFIED-(final_consensus_1093_depth_49)	UNCLASSIFIED-(final_consensus_1093_depth_49)	Clostridiales Family XIII. Incertae Sedis	Clostridiales	Clostridia	Firmicutes	Terrabacteria group	Bacteria
1903261	0.00005247589856944275	UNCLASSIFIED-(final_consensus_1097_depth_49)	UNCLASSIFIED-(final_consensus_1097_depth_49)	Desulfovibrionaceae	Desulfovibrionales	Deltaproteobacteria	Proteobacteria		Bacteria
1337051	0.00005247589856944275	UNCLASSIFIED-(final_consensus_1101_depth_49)	Murimonas	Lachnospiraceae	Clostridiales	Clostridia	Firmicutes	Terrabacteria group	Bacteria
642589	0.00005247589856944275	UNCLASSIFIED-(final_consensus_1099_depth_49)	UNCLASSIFIED-(final_consensus_1099_depth_49)	Ruminococcaceae	Clostridiales	Clostridia	Firmicutes	Terrabacteria group	Bacteria
84030	0.00005140496186394392	UNCLASSIFIED-(final_consensus_1103_depth_48)	UNCLASSIFIED-(final_consensus_1103_depth_48)	Lachnospiraceae	Clostridiales	Clostridia	Firmicutes	Terrabacteria group	Bacteria
1870988	0.00005140496186394392	UNCLASSIFIED-(final_consensus_1102_depth_48)	Pseudoflavonifractor	Ruminococcaceae	Clostridiales	Clostridia	Firmicutes	Terrabacteria group	Bacteria
169435	0.000050334025158445087	UNCLASSIFIED-(final_consensus_1105_depth_47)	UNCLASSIFIED-(final_consensus_1105_depth_47)	Ruminococcaceae	Clostridiales	Clostridia	Firmicutes	Terrabacteria group	Bacteria
290055	0.000050334025158445087	UNCLASSIFIED-(final_consensus_1107_depth_47)	Faecalicatena	Lachnospiraceae	Clostridiales	Clostridia	Firmicutes	Terrabacteria group	Bacteria
270498	0.000050334025158445087	UNCLASSIFIED-(final_consensus_1104_depth_47)	UNCLASSIFIED-(final_consensus_1104_depth_47)	Catabacteriaceae	Clostridiales	Clostridia	Firmicutes	Terrabacteria group	Bacteria
29375	0.000050334025158445087	UNCLASSIFIED-(final_consensus_1106_depth_47)	Lacrimispora	Lachnospiraceae	Clostridiales	Clostridia	Firmicutes	Terrabacteria group	Bacteria
154046	0.000049263088452946254	UNCLASSIFIED-(final_consensus_1112_depth_46)	UNCLASSIFIED-(final_consensus_1112_depth_46)	Clostridiaceae	Clostridiales	Clostridia	Firmicutes	Terrabacteria group	Bacteria
1871029	0.000049263088452946254	UNCLASSIFIED-(final_consensus_1115_depth_46)	UNCLASSIFIED-(final_consensus_1115_depth_46)	Eubacteriaceae	Clostridiales	Clostridia	Firmicutes	Terrabacteria group	Bacteria
33035	0.000049263088452946254	UNCLASSIFIED-(final_consensus_1110_depth_46)	Blautia	Lachnospiraceae	Clostridiales	Clostridia	Firmicutes	Terrabacteria group	Bacteria
2109688	0.000049263088452946254	UNCLASSIFIED-(final_consensus_1109_depth_46)	UNCLASSIFIED-(final_consensus_1109_depth_46)		Clostridiales	Clostridia	Firmicutes	Terrabacteria group	Bacteria
270498	0.000049263088452946254	UNCLASSIFIED-(final_consensus_1111_depth_46)	UNCLASSIFIED-(final_consensus_1111_depth_46)	Catabacteriaceae	Clostridiales	Clostridia	Firmicutes	Terrabacteria group	Bacteria
1841867	0.000049263088452946254	Phocea massiliensis	Phocea	Ruminococcaceae	Clostridiales	Clostridia	Firmicutes	Terrabacteria group	Bacteria
2025493	0.000049263088452946254	UNCLASSIFIED-(final_consensus_1114_depth_46)	Blautia	Lachnospiraceae	Clostridiales	Clostridia	Firmicutes	Terrabacteria group	Bacteria
871665	0.00004819215174744742	UNCLASSIFIED-(final_consensus_1118_depth_45)	Blautia	Lachnospiraceae	Clostridiales	Clostridia	Firmicutes	Terrabacteria group	Bacteria
1414720	0.00004819215174744742	UNCLASSIFIED-(final_consensus_1120_depth_45)	Clostridium	Clostridiaceae	Clostridiales	Clostridia	Firmicutes	Terrabacteria group	Bacteria
2610895	0.00004819215174744742	UNCLASSIFIED-(final_consensus_1116_depth_45)	Flintibacter		Clostridiales	Clostridia	Firmicutes	Terrabacteria group	Bacteria
1732	0.00004819215174744742	UNCLASSIFIED-(final_consensus_1117_depth_45)	Eubacterium	Eubacteriaceae	Clostridiales	Clostridia	Firmicutes	Terrabacteria group	Bacteria
29375	0.00004819215174744742	UNCLASSIFIED-(final_consensus_1119_depth_45)	UNCLASSIFIED-(final_consensus_1119_depth_45)	Lachnospiraceae	Clostridiales	Clostridia	Firmicutes	Terrabacteria group	Bacteria
84032	0.00004712121504194859	UNCLASSIFIED-(final_consensus_1124_depth_44)	UNCLASSIFIED-(final_consensus_1124_depth_44)	Hungateiclostridiaceae	Clostridiales	Clostridia	Firmicutes	Terrabacteria group	Bacteria
2358141	0.00004712121504194859	UNCLASSIFIED-(final_consensus_1130_depth_44)	UNCLASSIFIED-(final_consensus_1130_depth_44)	Lachnospiraceae	Clostridiales	Clostridia	Firmicutes	Terrabacteria group	Bacteria
1535	0.00004712121504194859	UNCLASSIFIED-(final_consensus_1121_depth_44)		Ruminococcaceae	Clostridiales	Clostridia	Firmicutes	Terrabacteria group	Bacteria
351091	0.00004712121504194859	UNCLASSIFIED-(final_consensus_1125_depth_44)	UNCLASSIFIED-(final_consensus_1125_depth_44)	Oscillospiraceae	Clostridiales	Clostridia	Firmicutes	Terrabacteria group	Bacteria
1337094	0.00004712121504194859	UNCLASSIFIED-(final_consensus_1126_depth_44)	UNCLASSIFIED-(final_consensus_1126_depth_44)	Hungateiclostridiaceae	Clostridiales	Clostridia	Firmicutes	Terrabacteria group	Bacteria
39490	0.00004712121504194859	UNCLASSIFIED-(final_consensus_1129_depth_44)	Eubacterium	Eubacteriaceae	Clostridiales	Clostridia	Firmicutes	Terrabacteria group	Bacteria
292800	0.00004712121504194859	UNCLASSIFIED-(final_consensus_1128_depth_44)	Flavonifractor	Ruminococcaceae	Clostridiales	Clostridia	Firmicutes	Terrabacteria group	Bacteria
84030	0.00004712121504194859	UNCLASSIFIED-(final_consensus_1122_depth_44)	UNCLASSIFIED-(final_consensus_1122_depth_44)	Lachnospiraceae	Clostridiales	Clostridia	Firmicutes	Terrabacteria group	Bacteria
1472416	0.00004605027833644976	UNCLASSIFIED-(final_consensus_1135_depth_43)	Butyricimonas	Odoribacteraceae	Bacteroidales	Bacteroidia	Bacteroidetes	FCB group	Bacteria
1805714	0.00004605027833644976	UNCLASSIFIED-(final_consensus_1136_depth_43)	UNCLASSIFIED-(final_consensus_1136_depth_43)	Christensenellaceae	Clostridiales	Clostridia	Firmicutes	Terrabacteria group	Bacteria
755731	0.00004605027833644976	UNCLASSIFIED-(final_consensus_1137_depth_43)	UNCLASSIFIED-(final_consensus_1137_depth_43)	Clostridiaceae	Clostridiales	Clostridia	Firmicutes	Terrabacteria group	Bacteria
1597	0.00004605027833644976	Lactobacillus paracasei	Lactobacillus	Lactobacillaceae	Lactobacillales	Bacilli	Firmicutes	Terrabacteria group	Bacteria
1852367	0.00004605027833644976	UNCLASSIFIED-(final_consensus_1132_depth_43)	UNCLASSIFIED-(final_consensus_1132_depth_43)	Clostridiales Family XIII. Incertae Sedis	Clostridiales	Clostridia	Firmicutes	Terrabacteria group	Bacteria
253257	0.00004497934163095093	UNCLASSIFIED-(final_consensus_1138_depth_42)	Lacrimispora	Lachnospiraceae	Clostridiales	Clostridia	Firmicutes	Terrabacteria group	Bacteria
2610895	0.00004497934163095093	UNCLASSIFIED-(final_consensus_1144_depth_42)	UNCLASSIFIED-(final_consensus_1144_depth_42)		Clostridiales	Clostridia	Firmicutes	Terrabacteria group	Bacteria
2093857	0.00004497934163095093	UNCLASSIFIED-(final_consensus_1142_depth_42)	UNCLASSIFIED-(final_consensus_1142_depth_42)	Oscillospiraceae	Clostridiales	Clostridia	Firmicutes	Terrabacteria group	Bacteria
1263547	0.00004497934163095093	UNCLASSIFIED-(final_consensus_1140_depth_42)	UNCLASSIFIED-(final_consensus_1140_depth_42)	Oscillospiraceae	Clostridiales	Clostridia	Firmicutes	Terrabacteria group	Bacteria
2094242	0.00004497934163095093	UNCLASSIFIED-(final_consensus_1139_depth_42)	UNCLASSIFIED-(final_consensus_1139_depth_42)		Victivallales	Lentisphaeria	Lentisphaerae	PVC group	Bacteria
1871029	0.0000439084049254521	UNCLASSIFIED-(final_consensus_1146_depth_41)	UNCLASSIFIED-(final_consensus_1146_depth_41)	Eubacteriaceae	Clostridiales	Clostridia	Firmicutes	Terrabacteria group	Bacteria
2109691	0.0000439084049254521	UNCLASSIFIED-(final_consensus_1150_depth_41)		Lachnospiraceae	Clostridiales	Clostridia	Firmicutes	Terrabacteria group	Bacteria
2109692	0.0000439084049254521	UNCLASSIFIED-(final_consensus_1148_depth_41)	UNCLASSIFIED-(final_consensus_1148_depth_41)	Erysipelotrichaceae	Erysipelotrichales	Erysipelotrichia	Firmicutes	Terrabacteria group	Bacteria
1871035	0.0000439084049254521	UNCLASSIFIED-(final_consensus_1147_depth_41)	Negativibacillus	Ruminococcaceae	Clostridiales	Clostridia	Firmicutes	Terrabacteria group	Bacteria
1841857	0.0000439084049254521	UNCLASSIFIED-(final_consensus_1153_depth_41)	UNCLASSIFIED-(final_consensus_1153_depth_41)	Odoribacteraceae	Bacteroidales	Bacteroidia	Bacteroidetes	FCB group	Bacteria
169435	0.0000439084049254521	UNCLASSIFIED-(final_consensus_1151_depth_41)	UNCLASSIFIED-(final_consensus_1151_depth_41)	Ruminococcaceae	Clostridiales	Clostridia	Firmicutes	Terrabacteria group	Bacteria
208479	0.0000439084049254521	UNCLASSIFIED-(final_consensus_1149_depth_41)	UNCLASSIFIED-(final_consensus_1149_depth_41)	Lachnospiraceae	Clostridiales	Clostridia	Firmicutes	Terrabacteria group	Bacteria
1673717	0.000042837468219953264	UNCLASSIFIED-(final_consensus_1154_depth_40)	UNCLASSIFIED-(final_consensus_1154_depth_40)	Ruminococcaceae	Clostridiales	Clostridia	Firmicutes	Terrabacteria group	Bacteria
1852367	0.00004176653151445443	UNCLASSIFIED-(final_consensus_1156_depth_39)	UNCLASSIFIED-(final_consensus_1156_depth_39)	Clostridiales Family XIII. Incertae Sedis	Clostridiales	Clostridia	Firmicutes	Terrabacteria group	Bacteria
1776382	0.00004176653151445443	UNCLASSIFIED-(final_consensus_1157_depth_39)	Neglecta	Ruminococcaceae	Clostridiales	Clostridia	Firmicutes	Terrabacteria group	Bacteria
1852367	0.00004176653151445443	UNCLASSIFIED-(final_consensus_1158_depth_39)	UNCLASSIFIED-(final_consensus_1158_depth_39)	Clostridiales Family XIII. Incertae Sedis	Clostridiales	Clostridia	Firmicutes	Terrabacteria group	Bacteria
290055	0.0000406955948089556	UNCLASSIFIED-(final_consensus_1159_depth_38)	Faecalicatena	Lachnospiraceae	Clostridiales	Clostridia	Firmicutes	Terrabacteria group	Bacteria
35830	0.0000406955948089556	UNCLASSIFIED-(final_consensus_1161_depth_38)	UNCLASSIFIED-(final_consensus_1161_depth_38)	Hungateiclostridiaceae	Clostridiales	Clostridia	Firmicutes	Terrabacteria group	Bacteria
2507162	0.0000406955948089556	UNCLASSIFIED-(final_consensus_1162_depth_38)	UNCLASSIFIED-(final_consensus_1162_depth_38)	Ruminococcaceae	Clostridiales	Clostridia	Firmicutes	Terrabacteria group	Bacteria
1414720	0.0000406955948089556	UNCLASSIFIED-(final_consensus_1166_depth_38)	Clostridium	Clostridiaceae	Clostridiales	Clostridia	Firmicutes	Terrabacteria group	Bacteria
433296	0.0000406955948089556	UNCLASSIFIED-(final_consensus_1160_depth_38)	UNCLASSIFIED-(final_consensus_1160_depth_38)	Clostridiales Family XIII. Incertae Sedis	Clostridiales	Clostridia	Firmicutes	Terrabacteria group	Bacteria
1297617	0.0000406955948089556	UNCLASSIFIED-(final_consensus_1164_depth_38)	UNCLASSIFIED-(final_consensus_1164_depth_38)		Clostridiales	Clostridia	Firmicutes	Terrabacteria group	Bacteria
1263547	0.0000406955948089556	UNCLASSIFIED-(final_consensus_1165_depth_38)	UNCLASSIFIED-(final_consensus_1165_depth_38)	Oscillospiraceae	Clostridiales	Clostridia	Firmicutes	Terrabacteria group	Bacteria
84030	0.0000406955948089556	UNCLASSIFIED-(final_consensus_1163_depth_38)	UNCLASSIFIED-(final_consensus_1163_depth_38)	Lachnospiraceae	Clostridiales	Clostridia	Firmicutes	Terrabacteria group	Bacteria
876	0.00003962465810345677	Desulfovibrio desulfuricans	Desulfovibrio	Desulfovibrionaceae	Desulfovibrionales	Deltaproteobacteria	Proteobacteria		Bacteria
1903263	0.00003962465810345677	UNCLASSIFIED-(final_consensus_1173_depth_37)	Traorella	Erysipelotrichaceae	Erysipelotrichales	Erysipelotrichia	Firmicutes	Terrabacteria group	Bacteria
847	0.00003962465810345677	UNCLASSIFIED-(final_consensus_1168_depth_37)	Oxalobacter	Oxalobacteraceae	Burkholderiales	Betaproteobacteria	Proteobacteria		Bacteria
109327	0.00003962465810345677	UNCLASSIFIED-(final_consensus_1174_depth_37)	UNCLASSIFIED-(final_consensus_1174_depth_37)	Clostridiales Family XIII. Incertae Sedis	Clostridiales	Clostridia	Firmicutes	Terrabacteria group	Bacteria
1852367	0.00003962465810345677	UNCLASSIFIED-(final_consensus_1172_depth_37)	UNCLASSIFIED-(final_consensus_1172_depth_37)	Clostridiales Family XIII. Incertae Sedis	Clostridiales	Clostridia	Firmicutes	Terrabacteria group	Bacteria
89014	0.00003962465810345677	UNCLASSIFIED-(final_consensus_1169_depth_37)	Blautia	Lachnospiraceae	Clostridiales	Clostridia	Firmicutes	Terrabacteria group	Bacteria
1852367	0.00003855372139795794	UNCLASSIFIED-(final_consensus_1178_depth_36)	UNCLASSIFIED-(final_consensus_1178_depth_36)	Clostridiales Family XIII. Incertae Sedis	Clostridiales	Clostridia	Firmicutes	Terrabacteria group	Bacteria
626937	0.00003855372139795794	UNCLASSIFIED-(final_consensus_1175_depth_36)	UNCLASSIFIED-(final_consensus_1175_depth_36)	Christensenellaceae	Clostridiales	Clostridia	Firmicutes	Terrabacteria group	Bacteria
1852367	0.00003855372139795794	UNCLASSIFIED-(final_consensus_1176_depth_36)	UNCLASSIFIED-(final_consensus_1176_depth_36)	Clostridiales Family XIII. Incertae Sedis	Clostridiales	Clostridia	Firmicutes	Terrabacteria group	Bacteria
626937	0.00003855372139795794	UNCLASSIFIED-(final_consensus_1177_depth_36)	UNCLASSIFIED-(final_consensus_1177_depth_36)	Christensenellaceae	Clostridiales	Clostridia	Firmicutes	Terrabacteria group	Bacteria
2610895	0.00003855372139795794	UNCLASSIFIED-(final_consensus_1181_depth_36)	UNCLASSIFIED-(final_consensus_1181_depth_36)		Clostridiales	Clostridia	Firmicutes	Terrabacteria group	Bacteria
1414720	0.00003855372139795794	UNCLASSIFIED-(final_consensus_1179_depth_36)	Clostridium	Clostridiaceae	Clostridiales	Clostridia	Firmicutes	Terrabacteria group	Bacteria
626937	0.00003748278469245911	UNCLASSIFIED-(final_consensus_1184_depth_35)	UNCLASSIFIED-(final_consensus_1184_depth_35)	Christensenellaceae	Clostridiales	Clostridia	Firmicutes	Terrabacteria group	Bacteria
1776382	0.00003748278469245911	UNCLASSIFIED-(final_consensus_1187_depth_35)	Neglecta	Ruminococcaceae	Clostridiales	Clostridia	Firmicutes	Terrabacteria group	Bacteria
44749	0.00003748278469245911	UNCLASSIFIED-(final_consensus_1188_depth_35)	UNCLASSIFIED-(final_consensus_1188_depth_35)	Ruminococcaceae	Clostridiales	Clostridia	Firmicutes	Terrabacteria group	Bacteria
51515	0.00003748278469245911	UNCLASSIFIED-(final_consensus_1189_depth_35)	UNCLASSIFIED-(final_consensus_1189_depth_35)	Peptococcaceae	Clostridiales	Clostridia	Firmicutes	Terrabacteria group	Bacteria
84030	0.00003748278469245911	UNCLASSIFIED-(final_consensus_1186_depth_35)	UNCLASSIFIED-(final_consensus_1186_depth_35)	Lachnospiraceae	Clostridiales	Clostridia	Firmicutes	Terrabacteria group	Bacteria
84030	0.00003748278469245911	UNCLASSIFIED-(final_consensus_1182_depth_35)	UNCLASSIFIED-(final_consensus_1182_depth_35)	Lachnospiraceae	Clostridiales	Clostridia	Firmicutes	Terrabacteria group	Bacteria
2025493	0.00003748278469245911	UNCLASSIFIED-(final_consensus_1183_depth_35)	Blautia	Lachnospiraceae	Clostridiales	Clostridia	Firmicutes	Terrabacteria group	Bacteria
2109691	0.000036411847986960274	UNCLASSIFIED-(final_consensus_1193_depth_34)	UNCLASSIFIED-(final_consensus_1193_depth_34)	Lachnospiraceae	Clostridiales	Clostridia	Firmicutes	Terrabacteria group	Bacteria
1535	0.000036411847986960274	UNCLASSIFIED-(final_consensus_1191_depth_34)	UNCLASSIFIED-(final_consensus_1191_depth_34)	Ruminococcaceae	Clostridiales	Clostridia	Firmicutes	Terrabacteria group	Bacteria
180332	0.000036411847986960274	UNCLASSIFIED-(final_consensus_1190_depth_34)	UNCLASSIFIED-(final_consensus_1190_depth_34)	Lachnospiraceae	Clostridiales	Clostridia	Firmicutes	Terrabacteria group	Bacteria
100176	0.00003534091128146144	UNCLASSIFIED-(final_consensus_1195_depth_33)	UNCLASSIFIED-(final_consensus_1195_depth_33)	Ruminococcaceae	Clostridiales	Clostridia	Firmicutes	Terrabacteria group	Bacteria
84030	0.00003534091128146144	UNCLASSIFIED-(final_consensus_1197_depth_33)	UNCLASSIFIED-(final_consensus_1197_depth_33)	Lachnospiraceae	Clostridiales	Clostridia	Firmicutes	Terrabacteria group	Bacteria
2610895	0.00003534091128146144	UNCLASSIFIED-(final_consensus_1196_depth_33)	Flintibacter		Clostridiales	Clostridia	Firmicutes	Terrabacteria group	Bacteria
89014	0.00003534091128146144	UNCLASSIFIED-(final_consensus_1194_depth_33)	Blautia	Lachnospiraceae	Clostridiales	Clostridia	Firmicutes	Terrabacteria group	Bacteria
169435	0.00003426997457596261	UNCLASSIFIED-(final_consensus_1199_depth_32)	UNCLASSIFIED-(final_consensus_1199_depth_32)	Ruminococcaceae	Clostridiales	Clostridia	Firmicutes	Terrabacteria group	Bacteria
626937	0.00003426997457596261	UNCLASSIFIED-(final_consensus_1201_depth_32)	UNCLASSIFIED-(final_consensus_1201_depth_32)	Christensenellaceae	Clostridiales	Clostridia	Firmicutes	Terrabacteria group	Bacteria
351091	0.00003426997457596261	UNCLASSIFIED-(final_consensus_1202_depth_32)	UNCLASSIFIED-(final_consensus_1202_depth_32)	Oscillospiraceae	Clostridiales	Clostridia	Firmicutes	Terrabacteria group	Bacteria
1776382	0.00003426997457596261	UNCLASSIFIED-(final_consensus_1200_depth_32)	Neglecta	Ruminococcaceae	Clostridiales	Clostridia	Firmicutes	Terrabacteria group	Bacteria
2086585	0.00003426997457596261	UNCLASSIFIED-(final_consensus_1203_depth_32)	UNCLASSIFIED-(final_consensus_1203_depth_32)	Christensenellaceae	Clostridiales	Clostridia	Firmicutes	Terrabacteria group	Bacteria
2109688	0.00003426997457596261	UNCLASSIFIED-(final_consensus_1198_depth_32)	UNCLASSIFIED-(final_consensus_1198_depth_32)		Clostridiales	Clostridia	Firmicutes	Terrabacteria group	Bacteria
1297617	0.00003426997457596261	UNCLASSIFIED-(final_consensus_1204_depth_32)	Intestinimonas		Clostridiales	Clostridia	Firmicutes	Terrabacteria group	Bacteria
253314	0.00003319903787046378	UNCLASSIFIED-(final_consensus_1210_depth_31)	UNCLASSIFIED-(final_consensus_1210_depth_31)	Hungateiclostridiaceae	Clostridiales	Clostridia	Firmicutes	Terrabacteria group	Bacteria
51515	0.00003319903787046378	UNCLASSIFIED-(final_consensus_1207_depth_31)	UNCLASSIFIED-(final_consensus_1207_depth_31)	Peptococcaceae	Clostridiales	Clostridia	Firmicutes	Terrabacteria group	Bacteria
351091	0.00003319903787046378	UNCLASSIFIED-(final_consensus_1213_depth_31)	UNCLASSIFIED-(final_consensus_1213_depth_31)	Oscillospiraceae	Clostridiales	Clostridia	Firmicutes	Terrabacteria group	Bacteria
270498	0.00003319903787046378	UNCLASSIFIED-(final_consensus_1206_depth_31)	UNCLASSIFIED-(final_consensus_1206_depth_31)	Catabacteriaceae	Clostridiales	Clostridia	Firmicutes	Terrabacteria group	Bacteria
501571	0.00003319903787046378	UNCLASSIFIED-(final_consensus_1208_depth_31)	UNCLASSIFIED-(final_consensus_1208_depth_31)	Clostridiaceae	Clostridiales	Clostridia	Firmicutes	Terrabacteria group	Bacteria
112901	0.00003319903787046378	UNCLASSIFIED-(final_consensus_1209_depth_31)	UNCLASSIFIED-(final_consensus_1209_depth_31)	Sporomusaceae	Selenomonadales	Negativicutes	Firmicutes	Terrabacteria group	Bacteria
1414720	0.00003319903787046378	UNCLASSIFIED-(final_consensus_1211_depth_31)	Clostridium	Clostridiaceae	Clostridiales	Clostridia	Firmicutes	Terrabacteria group	Bacteria
1776384	0.00003212810116496495	UNCLASSIFIED-(final_consensus_1215_depth_30)	UNCLASSIFIED-(final_consensus_1215_depth_30)	Clostridiales Family XIII. Incertae Sedis	Clostridiales	Clostridia	Firmicutes	Terrabacteria group	Bacteria
1643805	0.00003212810116496495	UNCLASSIFIED-(final_consensus_1214_depth_30)	UNCLASSIFIED-(final_consensus_1214_depth_30)	Peptococcaceae	Clostridiales	Clostridia	Firmicutes	Terrabacteria group	Bacteria
642589	0.00003212810116496495	UNCLASSIFIED-(final_consensus_1216_depth_30)	UNCLASSIFIED-(final_consensus_1216_depth_30)	Ruminococcaceae	Clostridiales	Clostridia	Firmicutes	Terrabacteria group	Bacteria
1816678	0.00003105716445946612	UNCLASSIFIED-(final_consensus_1217_depth_29)	UNCLASSIFIED-(final_consensus_1217_depth_29)	Christensenellaceae	Clostridiales	Clostridia	Firmicutes	Terrabacteria group	Bacteria
1414720	0.00003105716445946612	UNCLASSIFIED-(final_consensus_1221_depth_29)	Clostridium	Clostridiaceae	Clostridiales	Clostridia	Firmicutes	Terrabacteria group	Bacteria
642589	0.00003105716445946612	UNCLASSIFIED-(final_consensus_1220_depth_29)	UNCLASSIFIED-(final_consensus_1220_depth_29)	Ruminococcaceae	Clostridiales	Clostridia	Firmicutes	Terrabacteria group	Bacteria
351091	0.00003105716445946612	UNCLASSIFIED-(final_consensus_1218_depth_29)	UNCLASSIFIED-(final_consensus_1218_depth_29)	Oscillospiraceae	Clostridiales	Clostridia	Firmicutes	Terrabacteria group	Bacteria
1414720	0.00003105716445946612	UNCLASSIFIED-(final_consensus_1219_depth_29)	Clostridium	Clostridiaceae	Clostridiales	Clostridia	Firmicutes	Terrabacteria group	Bacteria
1841867	0.000029986227753967284	UNCLASSIFIED-(final_consensus_1223_depth_28)	UNCLASSIFIED-(final_consensus_1223_depth_28)	Ruminococcaceae	Clostridiales	Clostridia	Firmicutes	Terrabacteria group	Bacteria
1472416	0.000029986227753967284	UNCLASSIFIED-(final_consensus_1222_depth_28)	Butyricimonas	Odoribacteraceae	Bacteroidales	Bacteroidia	Bacteroidetes	FCB group	Bacteria
1173026	0.000028915291048468455	UNCLASSIFIED-(final_consensus_1227_depth_27)	UNCLASSIFIED-(final_consensus_1227_depth_27)	Chroococcaceae	Chroococcales		Cyanobacteria	Terrabacteria group	Bacteria
1776382	0.000028915291048468455	UNCLASSIFIED-(final_consensus_1226_depth_27)	UNCLASSIFIED-(final_consensus_1226_depth_27)	Ruminococcaceae	Clostridiales	Clostridia	Firmicutes	Terrabacteria group	Bacteria
626937	0.000028915291048468455	UNCLASSIFIED-(final_consensus_1225_depth_27)	UNCLASSIFIED-(final_consensus_1225_depth_27)	Christensenellaceae	Clostridiales	Clostridia	Firmicutes	Terrabacteria group	Bacteria
1805714	0.000027844354342969622	UNCLASSIFIED-(final_consensus_1228_depth_26)	UNCLASSIFIED-(final_consensus_1228_depth_26)	Christensenellaceae	Clostridiales	Clostridia	Firmicutes	Terrabacteria group	Bacteria
1414720	0.000027844354342969622	UNCLASSIFIED-(final_consensus_1234_depth_26)	Clostridium	Clostridiaceae	Clostridiales	Clostridia	Firmicutes	Terrabacteria group	Bacteria
84030	0.000027844354342969622	UNCLASSIFIED-(final_consensus_1233_depth_26)	UNCLASSIFIED-(final_consensus_1233_depth_26)	Lachnospiraceae	Clostridiales	Clostridia	Firmicutes	Terrabacteria group	Bacteria
35830	0.000027844354342969622	UNCLASSIFIED-(final_consensus_1232_depth_26)	UNCLASSIFIED-(final_consensus_1232_depth_26)	Hungateiclostridiaceae	Clostridiales	Clostridia	Firmicutes	Terrabacteria group	Bacteria
853	0.000027844354342969622	UNCLASSIFIED-(final_consensus_1236_depth_26)	UNCLASSIFIED-(final_consensus_1236_depth_26)	Ruminococcaceae	Clostridiales	Clostridia	Firmicutes	Terrabacteria group	Bacteria
44749	0.000027844354342969622	UNCLASSIFIED-(final_consensus_1235_depth_26)	UNCLASSIFIED-(final_consensus_1235_depth_26)	Ruminococcaceae	Clostridiales	Clostridia	Firmicutes	Terrabacteria group	Bacteria
1535	0.000027844354342969622	UNCLASSIFIED-(final_consensus_1229_depth_26)		Ruminococcaceae	Clostridiales	Clostridia	Firmicutes	Terrabacteria group	Bacteria
2038680	0.000027844354342969622	UNCLASSIFIED-(final_consensus_1231_depth_26)	UNCLASSIFIED-(final_consensus_1231_depth_26)	Ruminococcaceae	Clostridiales	Clostridia	Firmicutes	Terrabacteria group	Bacteria
106588	0.000027844354342969622	UNCLASSIFIED-(final_consensus_1237_depth_26)	Pseudoflavonifractor	Ruminococcaceae	Clostridiales	Clostridia	Firmicutes	Terrabacteria group	Bacteria
47246	0.00002677341763747079	UNCLASSIFIED-(final_consensus_1244_depth_25)	UNCLASSIFIED-(final_consensus_1244_depth_25)	Ruminococcaceae	Clostridiales	Clostridia	Firmicutes	Terrabacteria group	Bacteria
2109688	0.00002677341763747079	UNCLASSIFIED-(final_consensus_1240_depth_25)	UNCLASSIFIED-(final_consensus_1240_depth_25)		Clostridiales	Clostridia	Firmicutes	Terrabacteria group	Bacteria
853	0.00002677341763747079	UNCLASSIFIED-(final_consensus_1243_depth_25)	UNCLASSIFIED-(final_consensus_1243_depth_25)	Ruminococcaceae	Clostridiales	Clostridia	Firmicutes	Terrabacteria group	Bacteria
44749	0.00002677341763747079	UNCLASSIFIED-(final_consensus_1239_depth_25)	UNCLASSIFIED-(final_consensus_1239_depth_25)	Ruminococcaceae	Clostridiales	Clostridia	Firmicutes	Terrabacteria group	Bacteria
2109688	0.00002677341763747079	UNCLASSIFIED-(final_consensus_1241_depth_25)	UNCLASSIFIED-(final_consensus_1241_depth_25)		Clostridiales	Clostridia	Firmicutes	Terrabacteria group	Bacteria
1852367	0.00002677341763747079	UNCLASSIFIED-(final_consensus_1238_depth_25)	UNCLASSIFIED-(final_consensus_1238_depth_25)	Clostridiales Family XIII. Incertae Sedis	Clostridiales	Clostridia	Firmicutes	Terrabacteria group	Bacteria
1871035	0.00002677341763747079	UNCLASSIFIED-(final_consensus_1242_depth_25)	UNCLASSIFIED-(final_consensus_1242_depth_25)	Ruminococcaceae	Clostridiales	Clostridia	Firmicutes	Terrabacteria group	Bacteria
106588	0.00002570248093197196	UNCLASSIFIED-(final_consensus_1247_depth_24)	Pseudoflavonifractor	Ruminococcaceae	Clostridiales	Clostridia	Firmicutes	Terrabacteria group	Bacteria
1917870	0.00002570248093197196	UNCLASSIFIED-(final_consensus_1246_depth_24)	Lachnoclostridium	Lachnospiraceae	Clostridiales	Clostridia	Firmicutes	Terrabacteria group	Bacteria
1414720	0.00002570248093197196	UNCLASSIFIED-(final_consensus_1248_depth_24)	Clostridium	Clostridiaceae	Clostridiales	Clostridia	Firmicutes	Terrabacteria group	Bacteria
1414720	0.000024631544226473127	UNCLASSIFIED-(final_consensus_1249_depth_23)	Clostridium	Clostridiaceae	Clostridiales	Clostridia	Firmicutes	Terrabacteria group	Bacteria
100176	0.000023560607520974294	UNCLASSIFIED-(final_consensus_1250_depth_22)	UNCLASSIFIED-(final_consensus_1250_depth_22)	Ruminococcaceae	Clostridiales	Clostridia	Firmicutes	Terrabacteria group	Bacteria
29375	0.000023560607520974294	UNCLASSIFIED-(final_consensus_1256_depth_22)	UNCLASSIFIED-(final_consensus_1256_depth_22)	Lachnospiraceae	Clostridiales	Clostridia	Firmicutes	Terrabacteria group	Bacteria
253257	0.000023560607520974294	UNCLASSIFIED-(final_consensus_1251_depth_22)	UNCLASSIFIED-(final_consensus_1251_depth_22)	Lachnospiraceae	Clostridiales	Clostridia	Firmicutes	Terrabacteria group	Bacteria
84030	0.000023560607520974294	UNCLASSIFIED-(final_consensus_1254_depth_22)	UNCLASSIFIED-(final_consensus_1254_depth_22)	Lachnospiraceae	Clostridiales	Clostridia	Firmicutes	Terrabacteria group	Bacteria
1981510	0.000023560607520974294	UNCLASSIFIED-(final_consensus_1255_depth_22)	UNCLASSIFIED-(final_consensus_1255_depth_22)		Clostridiales	Clostridia	Firmicutes	Terrabacteria group	Bacteria
35830	0.000023560607520974294	UNCLASSIFIED-(final_consensus_1253_depth_22)	UNCLASSIFIED-(final_consensus_1253_depth_22)	Hungateiclostridiaceae	Clostridiales	Clostridia	Firmicutes	Terrabacteria group	Bacteria
642589	0.000023560607520974294	UNCLASSIFIED-(final_consensus_1252_depth_22)	UNCLASSIFIED-(final_consensus_1252_depth_22)	Ruminococcaceae	Clostridiales	Clostridia	Firmicutes	Terrabacteria group	Bacteria
1805714	0.000022489670815475465	UNCLASSIFIED-(final_consensus_1257_depth_21)	UNCLASSIFIED-(final_consensus_1257_depth_21)	Christensenellaceae	Clostridiales	Clostridia	Firmicutes	Terrabacteria group	Bacteria
2109692	0.000022489670815475465	UNCLASSIFIED-(final_consensus_1259_depth_21)	UNCLASSIFIED-(final_consensus_1259_depth_21)	Erysipelotrichaceae	Erysipelotrichales	Erysipelotrichia	Firmicutes	Terrabacteria group	Bacteria
626937	0.000022489670815475465	UNCLASSIFIED-(final_consensus_1263_depth_21)	UNCLASSIFIED-(final_consensus_1263_depth_21)	Christensenellaceae	Clostridiales	Clostridia	Firmicutes	Terrabacteria group	Bacteria
44742	0.000022489670815475465	Desulfovibrio fairfieldensis	Desulfovibrio	Desulfovibrionaceae	Desulfovibrionales	Deltaproteobacteria	Proteobacteria		Bacteria
169435	0.000022489670815475465	UNCLASSIFIED-(final_consensus_1265_depth_21)	UNCLASSIFIED-(final_consensus_1265_depth_21)	Ruminococcaceae	Clostridiales	Clostridia	Firmicutes	Terrabacteria group	Bacteria
2610895	0.000022489670815475465	UNCLASSIFIED-(final_consensus_1261_depth_21)	UNCLASSIFIED-(final_consensus_1261_depth_21)		Clostridiales	Clostridia	Firmicutes	Terrabacteria group	Bacteria
84030	0.000022489670815475465	UNCLASSIFIED-(final_consensus_1260_depth_21)	UNCLASSIFIED-(final_consensus_1260_depth_21)	Lachnospiraceae	Clostridiales	Clostridia	Firmicutes	Terrabacteria group	Bacteria
2507162	0.000022489670815475465	UNCLASSIFIED-(final_consensus_1266_depth_21)	UNCLASSIFIED-(final_consensus_1266_depth_21)	Ruminococcaceae	Clostridiales	Clostridia	Firmicutes	Terrabacteria group	Bacteria
2093857	0.000021418734109976632	UNCLASSIFIED-(final_consensus_1268_depth_20)	UNCLASSIFIED-(final_consensus_1268_depth_20)	Oscillospiraceae	Clostridiales	Clostridia	Firmicutes	Terrabacteria group	Bacteria
1805714	0.000021418734109976632	UNCLASSIFIED-(final_consensus_1267_depth_20)	UNCLASSIFIED-(final_consensus_1267_depth_20)	Christensenellaceae	Clostridiales	Clostridia	Firmicutes	Terrabacteria group	Bacteria
1297617	0.0000203477974044778	UNCLASSIFIED-(final_consensus_1270_depth_19)	UNCLASSIFIED-(final_consensus_1270_depth_19)		Clostridiales	Clostridia	Firmicutes	Terrabacteria group	Bacteria
39483	0.0000203477974044778	UNCLASSIFIED-(final_consensus_1269_depth_19)	UNCLASSIFIED-(final_consensus_1269_depth_19)	Erysipelotrichaceae	Erysipelotrichales	Erysipelotrichia	Firmicutes	Terrabacteria group	Bacteria
1515	0.00001927686069897897	UNCLASSIFIED-(final_consensus_1272_depth_18)	UNCLASSIFIED-(final_consensus_1272_depth_18)	Hungateiclostridiaceae	Clostridiales	Clostridia	Firmicutes	Terrabacteria group	Bacteria
853	0.00001927686069897897	UNCLASSIFIED-(final_consensus_1274_depth_18)	UNCLASSIFIED-(final_consensus_1274_depth_18)	Ruminococcaceae	Clostridiales	Clostridia	Firmicutes	Terrabacteria group	Bacteria
626937	0.00001927686069897897	UNCLASSIFIED-(final_consensus_1271_depth_18)	UNCLASSIFIED-(final_consensus_1271_depth_18)	Christensenellaceae	Clostridiales	Clostridia	Firmicutes	Terrabacteria group	Bacteria
292800	0.000018205923993480137	UNCLASSIFIED-(final_consensus_1276_depth_17)	Flavonifractor	Ruminococcaceae	Clostridiales	Clostridia	Firmicutes	Terrabacteria group	Bacteria
100176	0.000018205923993480137	UNCLASSIFIED-(final_consensus_1275_depth_17)	UNCLASSIFIED-(final_consensus_1275_depth_17)	Ruminococcaceae	Clostridiales	Clostridia	Firmicutes	Terrabacteria group	Bacteria
29546	0.00001285124046598598	UNCLASSIFIED-(final_consensus_1278_depth_12)	UNCLASSIFIED-(final_consensus_1278_depth_12)	Desulfovibrionaceae	Desulfovibrionales	Deltaproteobacteria	Proteobacteria		Bacteria
